date,time,value
2026/4/23,00:41:29,97.0
2026/4/23,00:44:24,107.0
2026/4/23,00:45:44,117.0
2026/4/23,00:50:24,126.8
2026/4/23,00:51:52,136.8
2026/4/23,00:55:33,147.0
2026/4/23,00:56:53,157.5
2026/4/23,01:00:28,167.8
2026/4/23,01:02:04,177.9
2026/4/23,01:05:28,187.5
2026/4/23,01:07:00,196.9
2026/4/23,01:10:26,207.4
2026/4/23,01:12:01,217.6
2026/4/23,01:15:36,227.1
2026/4/23,01:17:05,236.9
2026/4/23,01:20:42,247.5
2026/4/23,01:22:02,257.0
2026/4/23,01:25:41,266.8
2026/4/23,01:27:15,277.3
2026/4/23,01:30:40,286.2
2026/4/23,01:32:13,296.8
2026/4/23,01:35:40,306.8
2026/4/23,01:37:11,316.3
2026/4/23,01:40:45,327.2
2026/4/23,01:42:13,336.2
2026/4/23,03:43:13,207.4
2026/4/23,05:07:18,97.0
2026/4/23,05:08:43,106.9
2026/4/23,05:13:50,116.8
2026/4/23,05:15:10,126.7
2026/4/23,05:18:05,136.8
2026/4/23,05:19:26,147.0
2026/4/23,05:22:22,157.5
2026/4/23,05:23:42,167.8
2026/4/23,05:26:37,177.9
2026/4/23,05:27:57,187.4
2026/4/23,05:31:01,197.0
2026/4/23,05:32:31,207.4
2026/4/23,05:35:26,217.6
2026/4/23,05:36:47,227.1
2026/4/23,05:39:42,236.9
2026/4/23,05:41:03,247.5
2026/4/23,05:43:58,257.0
2026/4/23,05:45:19,266.8
2026/4/23,05:48:14,277.3
2026/4/23,05:49:35,286.2
2026/4/23,05:52:36,296.8
2026/4/23,05:54:05,306.8
2026/4/23,05:57:00,316.4
2026/4/23,05:58:21,327.0
2026/4/23,06:01:16,336.3
2026/4/23,10:36:52,306.6
2026/4/23,10:37:09,316.3
2026/4/23,10:40:27,327.0
2026/4/23,10:43:03,336.3
2026/4/23,12:32:14,97.0
2026/4/23,12:35:11,106.9
2026/4/23,12:36:30,117.0
2026/4/23,12:39:48,126.7
2026/4/23,12:41:08,136.9
2026/4/23,12:44:42,147.0
2026/4/23,12:46:01,157.5
2026/4/23,12:49:38,167.8
2026/4/23,12:51:13,177.8
2026/4/23,12:54:44,187.3
2026/4/23,12:56:14,197.0
2026/4/23,12:59:51,207.3
2026/4/23,13:01:11,217.5
2026/4/23,13:04:49,227.2
2026/4/23,13:06:23,236.9
2026/4/23,13:09:45,247.5
2026/4/23,13:11:21,257.0
2026/4/23,13:14:42,266.8
2026/4/23,13:16:18,277.3
2026/4/23,13:19:46,286.4
2026/4/23,13:21:15,296.8
2026/4/23,13:25:01,306.8
2026/4/23,13:26:21,316.3
2026/4/23,13:29:58,327.2
2026/4/23,13:31:34,336.3
2026/4/23,15:22:49,96.9
2026/4/23,15:24:08,107.0
2026/4/23,15:27:04,116.8
2026/4/23,15:28:23,126.8
2026/4/23,15:31:24,136.8
2026/4/23,15:32:50,147.0
2026/4/23,15:35:43,157.5
2026/4/23,15:37:05,167.8
2026/4/23,15:39:55,177.9
2026/4/23,15:41:15,187.4
2026/4/23,15:44:08,197.0
2026/4/23,15:45:29,207.4
2026/4/23,15:48:21,217.6
2026/4/23,15:49:42,227.1
2026/4/23,15:52:43,236.9
2026/4/23,15:54:10,247.5
2026/4/23,15:57:02,257.0
2026/4/23,15:58:23,266.8
2026/4/23,16:01:14,277.2
2026/4/23,16:02:36,286.2
2026/4/23,16:05:28,296.8
2026/4/23,16:06:49,306.6
2026/4/23,16:09:41,316.4
2026/4/23,16:11:01,327.0
2026/4/23,16:14:01,336.3
2026/4/23,18:13:00,96.9
2026/4/23,18:15:54,106.9
2026/4/23,18:17:14,116.9
2026/4/23,18:20:38,126.7
2026/4/23,18:21:58,136.8
2026/4/23,18:25:30,147.0
2026/4/23,18:27:11,157.5
2026/4/23,18:30:21,167.8
2026/4/23,18:32:01,177.8
2026/4/23,18:35:19,187.4
2026/4/23,18:36:51,197.0
2026/4/23,18:40:30,207.3
2026/4/23,18:41:51,217.5
2026/4/23,18:45:21,227.1
2026/4/23,18:47:03,237.0
2026/4/23,22:37:21,136.9
2026/4/23,22:37:38,147.0
2026/4/23,22:41:31,157.5
2026/4/23,22:44:07,167.8
2026/4/24,03:14:51,177.9
2026/4/24,03:15:08,187.4
2026/4/24,03:19:03,197.0
2026/4/24,03:21:37,207.4
2026/4/24,04:04:52,177.8
2026/4/24,04:05:09,187.4
2026/4/24,04:08:28,197.0
2026/4/24,04:12:26,207.4
2026/4/24,05:54:52,217.6
2026/4/24,05:55:10,227.1
2026/4/24,05:59:30,237.0
2026/4/24,06:01:34,247.5
2026/4/24,10:52:37,106.9
2026/4/24,10:53:55,116.9
2026/4/24,11:27:52,256.8
2026/4/24,11:28:10,266.8
2026/4/24,11:31:31,277.3
2026/4/24,11:34:07,286.2
2026/4/24,12:47:11,97.0
2026/4/24,12:50:06,106.9
2026/4/24,12:51:25,116.9
2026/4/24,12:54:19,126.7
2026/4/24,12:55:39,136.9
2026/4/24,12:58:36,147.0
2026/4/24,12:59:55,157.5
2026/4/24,13:02:59,167.8
2026/4/24,13:04:30,177.9
2026/4/24,13:07:26,187.4
2026/4/24,13:08:47,197.0
2026/4/24,13:11:44,207.4
2026/4/24,13:13:05,217.5
2026/4/24,13:16:01,227.1
2026/4/24,13:17:21,237.0
2026/4/24,13:20:16,247.5
2026/4/24,13:21:38,256.9
2026/4/24,13:24:42,266.8
2026/4/24,13:26:11,277.2
2026/4/24,13:29:07,286.2
2026/4/24,13:30:28,296.8
2026/4/24,13:33:24,306.7
2026/4/24,13:34:45,316.4
2026/4/24,13:37:41,327.3
2026/4/24,13:39:02,336.7
2026/4/24,15:29:27,96.9
2026/4/24,15:30:46,126.8
2026/4/24,15:33:51,136.8
2026/4/24,15:35:17,147.0
2026/4/24,15:38:15,157.5
2026/4/24,15:39:34,167.8
2026/4/24,15:42:32,177.8
2026/4/24,15:43:52,187.3
2026/4/24,15:46:46,197.0
2026/4/24,15:48:07,207.4
2026/4/24,15:51:03,217.5
2026/4/24,15:52:24,227.1
2026/4/24,15:55:27,257.0
2026/4/24,15:56:57,266.8
2026/4/24,15:59:52,277.3
2026/4/24,16:01:13,286.3
2026/4/24,16:04:09,296.8
2026/4/24,16:05:30,306.7
2026/4/24,16:08:26,316.3
2026/4/24,16:09:47,327.0
2026/4/24,16:12:42,336.3
2026/4/24,18:01:37,96.9
2026/4/24,18:04:40,106.9
2026/4/24,18:06:09,116.8
2026/4/24,18:09:03,126.7
2026/4/24,18:10:22,136.8
2026/4/24,18:13:16,147.0
2026/4/24,18:14:36,157.5
2026/4/24,18:17:33,167.8
2026/4/24,18:18:50,177.9
2026/4/24,18:21:43,187.4
2026/4/24,18:23:04,197.0
2026/4/24,18:26:05,207.4
2026/4/24,18:27:34,217.6
2026/4/24,18:30:27,227.1
2026/4/24,18:31:47,236.9
2026/4/24,18:34:40,247.5
2026/4/24,18:36:01,256.9
2026/4/24,18:38:54,266.8
2026/4/24,18:40:15,277.2
2026/4/24,18:43:08,286.2
2026/4/24,18:44:29,296.8
2026/4/24,18:47:29,306.6
2026/4/24,18:48:58,316.4
2026/4/24,18:51:51,327.1
2026/4/24,18:53:12,336.7
2026/4/24,20:43:26,96.9
2026/4/24,20:44:46,107.0
2026/4/24,20:47:40,116.8
2026/4/24,20:48:59,126.8
2026/4/24,20:52:24,136.8
2026/4/24,20:53:43,147.0
2026/4/24,20:57:20,157.5
2026/4/24,20:58:56,167.8
2026/4/24,21:02:15,177.9
2026/4/24,21:03:35,187.3
2026/4/24,21:07:01,197.0
2026/4/24,21:08:22,207.4
2026/4/24,21:11:49,217.6
2026/4/24,21:13:09,227.1
2026/4/24,21:16:35,236.9
2026/4/24,21:17:56,247.5
2026/4/24,21:21:31,257.0
2026/4/24,21:23:08,266.8
2026/4/24,21:26:25,277.3
2026/4/24,21:27:45,286.2
2026/4/24,21:31:10,296.8
2026/4/24,21:32:32,307.0
2026/4/24,21:35:57,316.4
2026/4/24,21:37:18,327.0
2026/4/24,21:40:42,336.3
2026/4/24,23:30:10,97.0
2026/4/24,23:33:13,106.9
2026/4/24,23:34:41,116.8
2026/4/24,23:37:35,126.7
2026/4/24,23:38:54,136.9
2026/4/24,23:41:40,147.0
2026/4/24,23:43:00,157.5
2026/4/24,23:45:57,167.8
2026/4/24,23:47:05,177.9
2026/4/24,23:49:50,187.4
2026/4/24,23:51:11,197.0
2026/4/24,23:54:01,207.4
2026/4/24,23:55:32,217.5
2026/4/24,23:58:17,227.1
2026/4/24,23:59:37,236.9
2026/4/25,00:02:21,247.5
2026/4/25,00:03:42,256.9
2026/4/25,00:06:26,266.8
2026/4/25,00:07:47,277.3
2026/4/25,00:10:31,286.2
2026/4/25,00:11:52,296.7
2026/4/25,00:14:42,306.8
2026/4/25,00:16:11,316.4
2026/4/25,00:18:54,327.0
2026/4/25,00:20:16,336.7
2026/4/25,01:24:30,97.0
2026/4/25,01:27:24,106.9
2026/4/25,01:28:44,116.9
2026/4/25,01:31:38,126.7
2026/4/25,01:32:57,136.8
2026/4/25,01:35:52,147.0
2026/4/25,01:37:11,157.5
2026/4/25,01:40:25,167.8
2026/4/25,01:41:40,177.9
2026/4/25,01:44:32,187.4
2026/4/25,01:45:53,197.0
2026/4/25,01:48:45,207.4
2026/4/25,01:50:06,217.5
2026/4/25,01:52:59,227.1
2026/4/25,01:54:20,237.0
2026/4/25,01:57:13,247.4
2026/4/25,01:58:34,256.9
2026/4/25,02:01:34,266.8
2026/4/25,02:03:05,277.3
2026/4/25,02:05:58,286.2
2026/4/25,02:07:18,296.9
2026/4/25,02:10:11,306.9
2026/4/25,02:11:33,316.3
2026/4/25,02:14:26,327.3
2026/4/25,02:15:47,336.3
2026/4/25,03:20:20,97.0
2026/4/25,03:23:15,106.9
2026/4/25,03:24:35,116.9
2026/4/25,03:27:38,126.7
2026/4/25,03:29:03,136.8
2026/4/25,03:31:58,147.0
2026/4/25,03:33:17,157.5
2026/4/25,03:36:10,167.8
2026/4/25,03:37:31,177.8
2026/4/25,03:40:24,187.4
2026/4/25,03:41:45,197.0
2026/4/25,03:44:38,207.4
2026/4/25,03:45:59,217.6
2026/4/25,03:49:00,227.1
2026/4/25,03:50:30,237.0
2026/4/25,03:53:23,247.5
2026/4/25,03:54:44,256.9
2026/4/25,03:57:37,266.8
2026/4/25,03:58:58,277.3
2026/4/25,04:01:51,286.3
2026/4/25,04:03:12,296.8
2026/4/25,04:06:04,306.7
2026/4/25,04:07:26,316.4
2026/4/25,04:10:27,326.9
2026/4/25,04:11:58,336.3
2026/4/25,04:41:54,96.9
2026/4/25,04:44:50,106.9
2026/4/25,04:46:10,116.9
2026/4/25,04:49:06,126.7
2026/4/25,04:50:26,136.9
2026/4/25,04:53:28,147.0
2026/4/25,04:54:54,157.5
2026/4/25,04:57:50,167.8
2026/4/25,04:59:18,177.8
2026/4/25,05:02:06,187.4
2026/4/25,05:03:27,197.1
2026/4/25,05:06:22,207.4
2026/4/25,05:07:43,217.5
2026/4/25,05:10:38,227.1
2026/4/25,05:11:59,236.9
2026/4/25,05:15:02,247.5
2026/4/25,05:16:30,256.9
2026/4/25,05:19:24,266.8
2026/4/25,05:20:45,277.2
2026/4/25,05:23:40,286.2
2026/4/25,05:25:00,296.8
2026/4/25,05:27:55,306.7
2026/4/25,05:29:17,316.4
2026/4/25,05:32:12,327.0
2026/4/25,05:33:33,336.3
2026/4/25,06:44:52,136.8
2026/4/25,06:45:09,147.0
2026/4/25,06:48:54,157.5
2026/4/25,06:51:28,167.8
2026/4/25,09:01:32,97.0
2026/4/25,09:28:01,97.0
2026/4/25,09:31:03,107.0
2026/4/25,09:32:23,116.8
2026/4/25,09:35:27,126.7
2026/4/25,09:36:46,136.8
2026/4/25,09:39:40,147.0
2026/4/25,09:40:59,157.5
2026/4/25,09:43:51,167.8
2026/4/25,09:45:13,177.8
2026/4/25,09:48:11,187.4
2026/4/25,09:49:39,197.1
2026/4/25,09:52:32,207.4
2026/4/25,09:53:53,217.6
2026/4/25,09:56:45,227.2
2026/4/25,09:58:06,236.9
2026/4/25,10:00:58,247.5
2026/4/25,10:02:19,256.9
2026/4/25,10:05:12,266.8
2026/4/25,10:06:33,277.2
2026/4/25,10:09:33,286.2
2026/4/25,10:11:01,296.8
2026/4/25,10:13:54,306.7
2026/4/25,10:15:15,316.3
2026/4/25,10:18:06,327.2
2026/4/25,10:19:28,336.3
2026/4/25,10:55:01,277.2
2026/4/25,11:17:53,306.8
2026/4/25,11:18:10,316.3
2026/4/25,11:22:24,327.2
2026/4/25,11:25:00,336.3
2026/4/25,12:07:44,97.0
2026/4/25,12:09:13,106.9
2026/4/25,12:12:16,116.9
2026/4/25,12:13:36,126.8
2026/4/25,12:18:09,136.8
2026/4/25,12:19:30,147.0
2026/4/25,12:24:04,157.5
2026/4/25,12:25:23,167.8
2026/4/25,12:29:57,177.8
2026/4/25,12:31:17,187.4
2026/4/25,12:35:51,197.1
2026/4/25,12:37:21,207.4
2026/4/25,12:41:56,217.5
2026/4/25,12:43:16,227.1
2026/4/25,12:47:50,236.9
2026/4/25,12:49:10,247.5
2026/4/25,12:53:43,257.0
2026/4/25,12:55:04,266.8
2026/4/25,12:59:37,277.3
2026/4/25,13:00:57,286.1
2026/4/25,13:05:31,296.8
2026/4/25,13:07:01,306.8
2026/4/25,13:11:36,316.4
2026/4/25,13:12:56,327.0
2026/4/25,13:17:30,336.3
2026/4/25,15:42:16,177.9
2026/4/25,15:45:21,187.4
2026/4/25,15:46:39,197.0
2026/4/25,15:49:44,207.4
2026/4/25,15:51:12,256.9
2026/4/25,15:54:25,266.8
2026/4/25,15:55:55,277.2
2026/4/25,15:58:48,286.2
2026/4/25,16:00:07,296.8
2026/4/25,16:03:11,306.7
2026/4/25,16:04:30,316.3
2026/4/25,16:07:33,327.0
2026/4/25,16:08:53,336.2
2026/4/25,22:36:40,97.0
2026/4/25,22:36:57,107.0
2026/4/25,22:41:40,116.9
2026/4/25,22:42:17,126.8
2026/4/26,01:18:53,217.5
2026/4/26,01:19:10,227.2
2026/4/26,01:22:32,237.0
2026/4/26,01:23:25,247.4
2026/4/26,03:35:35,97.0
2026/4/26,03:37:05,106.9
2026/4/26,03:38:30,116.9
2026/4/26,03:40:45,126.7
2026/4/26,03:42:14,136.8
2026/4/26,03:43:39,147.0
2026/4/26,03:46:17,157.5
2026/4/26,03:47:36,167.8
2026/4/26,03:48:54,177.8
2026/4/26,03:51:27,187.4
2026/4/26,03:52:54,197.0
2026/4/26,03:54:19,207.4
2026/4/26,03:56:36,217.5
2026/4/26,03:58:04,227.2
2026/4/26,03:59:29,237.0
2026/4/26,04:01:47,247.5
2026/4/26,04:03:14,256.8
2026/4/26,04:04:40,266.8
2026/4/26,04:06:58,277.3
2026/4/26,04:08:26,286.1
2026/4/26,04:09:50,296.8
2026/4/26,04:12:30,306.7
2026/4/26,04:13:49,316.3
2026/4/26,04:15:08,327.1
2026/4/26,04:17:40,336.3
2026/4/26,05:47:38,97.0
2026/4/26,05:48:59,107.0
2026/4/26,05:50:24,116.9
2026/4/26,05:52:54,126.8
2026/4/26,05:54:24,136.9
2026/4/26,05:55:52,147.0
2026/4/26,05:58:19,157.5
2026/4/26,05:59:40,167.8
2026/4/26,06:01:05,177.9
2026/4/26,06:03:20,187.5
2026/4/26,06:04:40,197.0
2026/4/26,06:06:21,207.4
2026/4/26,06:08:19,217.5
2026/4/26,06:09:40,227.1
2026/4/26,06:11:22,236.9
2026/4/26,06:13:20,247.4
2026/4/26,06:14:41,257.0
2026/4/26,06:16:23,266.8
2026/4/26,06:18:20,277.3
2026/4/26,06:19:50,286.1
2026/4/26,06:21:24,296.8
2026/4/26,06:23:44,306.9
2026/4/26,06:25:06,316.4
2026/4/26,06:26:29,327.1
2026/4/26,06:28:45,336.3
2026/4/26,07:55:43,97.0
2026/4/26,07:57:11,107.0
2026/4/26,07:58:36,116.8
2026/4/26,08:00:51,126.8
2026/4/26,08:02:21,136.9
2026/4/26,08:03:47,147.0
2026/4/26,08:06:20,157.5
2026/4/26,08:07:39,167.8
2026/4/26,08:08:57,177.9
2026/4/26,08:11:28,187.3
2026/4/26,08:12:57,197.0
2026/4/26,08:14:22,207.4
2026/4/26,08:16:36,217.6
2026/4/26,08:18:06,227.1
2026/4/26,08:19:31,237.0
2026/4/26,08:21:44,247.5
2026/4/26,08:23:13,256.9
2026/4/26,08:24:38,266.8
2026/4/26,08:26:53,277.3
2026/4/26,08:28:22,286.2
2026/4/26,08:29:47,296.8
2026/4/26,08:32:26,306.7
2026/4/26,08:33:45,316.4
2026/4/26,08:35:03,327.0
2026/4/26,08:37:34,336.3
2026/4/26,09:20:42,96.9
2026/4/26,09:22:53,107.0
2026/4/26,09:24:12,116.9
2026/4/26,09:25:39,126.7
2026/4/26,09:28:00,136.9
2026/4/26,09:29:32,147.0
2026/4/26,09:30:58,157.5
2026/4/26,09:33:12,167.8
2026/4/26,09:34:39,177.9
2026/4/26,09:36:02,187.4
2026/4/26,09:38:23,197.0
2026/4/26,09:39:49,207.3
2026/4/26,09:41:14,217.5
2026/4/26,09:43:36,227.1
2026/4/26,09:45:03,237.0
2026/4/26,09:46:28,247.5
2026/4/26,09:49:12,257.0
2026/4/26,09:50:31,266.8
2026/4/26,09:51:49,277.3
2026/4/26,09:54:25,286.5
2026/4/26,09:55:51,296.8
2026/4/26,09:57:16,306.8
2026/4/26,09:59:36,316.3
2026/4/26,10:01:03,327.2
2026/4/26,10:02:28,336.3
2026/4/26,11:25:22,97.0
2026/4/26,11:26:41,107.0
2026/4/26,11:28:00,116.9
2026/4/26,11:30:18,126.8
2026/4/26,11:32:01,136.8
2026/4/26,11:33:26,147.0
2026/4/26,11:35:36,157.5
2026/4/26,11:36:55,177.9
2026/4/26,12:48:53,256.9
2026/4/26,12:49:11,266.8
2026/4/26,12:53:06,277.3
2026/4/26,12:53:59,286.2
2026/4/26,14:10:08,96.9
2026/4/26,15:33:53,96.9
2026/4/26,15:34:10,107.0
2026/4/26,15:37:27,116.9
2026/4/26,15:38:18,126.8
2026/4/26,17:04:23,97.0
2026/4/26,17:04:40,187.4
2026/4/26,17:08:27,197.0
2026/4/26,17:09:18,207.4
2026/4/26,18:57:02,97.0
2026/4/26,18:58:21,107.0
2026/4/26,19:01:00,116.9
2026/4/26,19:02:22,126.7
2026/4/26,19:03:46,136.8
2026/4/26,19:06:00,147.0
2026/4/26,19:07:21,157.5
2026/4/26,19:08:39,167.8
2026/4/26,19:10:59,177.9
2026/4/26,19:12:39,187.4
2026/4/26,19:13:38,197.0
2026/4/26,19:15:56,207.4
2026/4/26,19:17:37,217.6
2026/4/26,19:19:03,227.2
2026/4/26,19:21:14,237.0
2026/4/26,19:22:34,247.5
2026/4/26,19:24:01,257.0
2026/4/26,19:26:12,266.8
2026/4/26,19:27:54,277.3
2026/4/26,19:28:52,286.3
2026/4/26,19:31:10,296.8
2026/4/26,19:32:51,306.7
2026/4/26,19:33:51,316.3
2026/4/26,19:36:09,327.1
2026/4/26,19:37:50,336.2
2026/4/26,21:02:48,97.0
2026/4/26,21:04:16,107.0
2026/4/26,21:06:24,116.9
2026/4/26,21:08:08,126.8
2026/4/26,21:09:05,136.9
2026/4/26,21:11:25,147.0
2026/4/26,21:13:05,157.5
2026/4/26,21:14:05,167.8
2026/4/26,21:16:25,177.9
2026/4/26,21:18:03,187.4
2026/4/26,21:19:06,197.0
2026/4/26,21:21:24,207.4
2026/4/26,21:23:03,217.6
2026/4/26,21:24:29,227.2
2026/4/26,21:26:43,237.0
2026/4/26,21:28:04,247.4
2026/4/26,21:29:30,257.0
2026/4/26,21:31:43,266.9
2026/4/26,21:33:23,277.3
2026/4/26,21:34:24,286.2
2026/4/26,21:36:42,296.8
2026/4/26,21:38:22,306.7
2026/4/26,21:39:24,316.3
2026/4/26,21:41:42,327.1
2026/4/26,21:43:21,336.2
2026/4/26,23:08:17,97.0
2026/4/26,23:09:48,107.0
2026/4/26,23:11:54,116.9
2026/4/27,00:31:32,97.0
2026/4/27,00:33:49,107.0
2026/4/27,00:35:17,116.9
2026/4/27,00:36:43,126.7
2026/4/27,00:38:45,136.8
2026/4/27,00:40:04,147.0
2026/4/27,00:41:22,157.5
2026/4/27,00:43:41,167.8
2026/4/27,00:45:25,177.9
2026/4/27,00:46:48,187.4
2026/4/27,00:49:00,197.0
2026/4/27,00:50:18,207.4
2026/4/27,00:51:45,217.6
2026/4/27,00:53:55,227.1
2026/4/27,00:55:14,237.0
2026/4/27,00:56:32,247.5
2026/4/27,00:58:50,256.9
2026/4/27,01:00:10,266.8
2026/4/27,01:01:28,277.3
2026/4/27,01:03:46,286.1
2026/4/27,01:05:06,296.8
2026/4/27,01:06:23,306.6
2026/4/27,01:08:42,316.3
2026/4/27,01:10:25,327.1
2026/4/27,01:11:50,336.3
2026/4/27,02:03:47,97.0
2026/4/27,02:06:12,106.9
2026/4/27,02:07:31,116.8
2026/4/27,02:08:59,126.7
2026/4/27,02:11:08,136.9
2026/4/27,02:12:27,147.0
2026/4/27,02:13:45,157.5
2026/4/27,02:16:04,167.8
2026/4/27,02:17:22,177.9
2026/4/27,02:18:41,187.4
2026/4/27,02:20:59,197.0
2026/4/27,02:22:18,207.4
2026/4/27,02:23:36,217.6
2026/4/27,02:25:54,227.0
2026/4/27,02:27:41,236.9
2026/4/27,02:29:06,247.4
2026/4/27,02:31:11,256.9
2026/4/27,02:32:31,266.8
2026/4/27,02:34:02,277.3
2026/4/27,02:36:07,286.4
2026/4/27,02:37:27,296.8
2026/4/27,02:38:44,306.6
2026/4/27,02:41:02,316.4
2026/4/27,02:42:22,327.0
2026/4/27,02:43:40,336.3
2026/4/27,04:08:56,97.0
2026/4/27,04:11:08,106.9
2026/4/27,04:12:27,116.8
2026/4/27,04:13:56,126.7
2026/4/27,04:16:03,136.8
2026/4/27,04:17:21,147.0
2026/4/27,04:18:40,157.5
2026/4/27,04:20:59,167.8
2026/4/27,04:22:17,177.9
2026/4/27,04:23:36,187.4
2026/4/27,04:25:53,197.0
2026/4/27,04:27:13,207.3
2026/4/27,04:28:30,217.5
2026/4/27,04:30:49,227.2
2026/4/27,04:32:32,237.0
2026/4/27,04:33:57,247.5
2026/4/27,04:36:11,256.9
2026/4/27,04:37:30,266.8
2026/4/27,04:38:56,277.3
2026/4/27,04:41:07,286.2
2026/4/27,04:42:27,296.8
2026/4/27,04:43:44,306.9
2026/4/27,04:46:03,316.3
2026/4/27,04:47:23,327.0
2026/4/27,04:48:40,336.4
2026/4/27,06:17:30,97.0
2026/4/27,06:20:12,107.0
2026/4/27,06:21:31,116.9
2026/4/27,06:22:49,126.7
2026/4/27,06:25:08,136.9
2026/4/27,06:26:26,147.0
2026/4/27,06:27:44,157.5
2026/4/27,06:30:03,167.8
2026/4/27,06:31:21,177.9
2026/4/27,06:32:40,187.4
2026/4/27,06:34:58,197.1
2026/4/27,06:36:17,207.4
2026/4/27,06:37:35,217.6
2026/4/27,06:39:53,227.1
2026/4/27,06:41:36,236.9
2026/4/27,06:43:02,247.4
2026/4/27,06:45:11,257.0
2026/4/27,06:46:30,266.8
2026/4/27,06:47:59,277.2
2026/4/27,06:50:07,286.3
2026/4/27,06:51:26,296.8
2026/4/27,06:52:44,306.8
2026/4/27,06:55:02,316.4
2026/4/27,06:56:22,327.0
2026/4/27,06:57:39,336.3
2026/4/27,08:23:06,97.0
2026/4/27,08:25:16,107.0
2026/4/27,08:26:35,116.9
2026/4/27,08:28:02,126.8
2026/4/27,08:30:12,136.8
2026/4/27,08:31:30,147.0
2026/4/27,08:32:49,157.5
2026/4/27,08:35:08,167.8
2026/4/27,08:36:51,177.9
2026/4/27,08:37:44,187.5
2026/4/27,08:40:02,197.0
2026/4/27,08:41:22,207.4
2026/4/27,08:42:40,217.5
2026/4/27,08:44:58,227.1
2026/4/27,08:46:41,236.9
2026/4/27,08:48:06,247.4
2026/4/27,08:50:18,257.0
2026/4/27,08:51:37,266.8
2026/4/27,08:53:04,277.3
2026/4/27,08:55:14,286.2
2026/4/27,08:56:56,296.9
2026/4/27,08:57:52,306.5
2026/4/27,09:00:10,316.4
2026/4/27,09:01:30,327.0
2026/4/27,09:02:47,336.3
2026/4/27,10:30:11,97.0
2026/4/27,10:32:20,107.0
2026/4/27,10:33:39,116.9
2026/4/27,10:35:07,126.8
2026/4/27,10:37:16,136.9
2026/4/27,10:38:34,147.0
2026/4/27,10:39:53,157.5
2026/4/27,10:42:11,167.8
2026/4/27,10:43:30,177.9
2026/4/27,10:44:49,187.3
2026/4/27,10:47:06,197.0
2026/4/27,10:48:26,207.4
2026/4/27,10:49:47,217.5
2026/4/27,10:52:03,227.1
2026/4/27,10:53:44,236.9
2026/4/27,10:55:09,247.5
2026/4/27,10:57:22,257.0
2026/4/27,10:58:40,266.8
2026/4/27,11:00:07,277.3
2026/4/27,11:02:17,286.2
2026/4/27,11:04:00,296.8
2026/4/27,11:04:56,306.6
2026/4/27,11:07:14,316.4
2026/4/27,11:08:34,327.0
2026/4/27,11:09:51,336.2
2026/4/27,11:59:56,96.9
2026/4/27,12:02:14,106.9
2026/4/27,12:03:32,117.0
2026/4/27,12:04:51,126.7
2026/4/27,12:07:24,136.8
2026/4/27,12:08:57,147.0
2026/4/27,12:10:23,157.5
2026/4/27,12:12:56,167.8
2026/4/27,12:14:16,177.8
2026/4/27,12:15:33,187.3
2026/4/27,12:18:07,197.0
2026/4/27,12:19:34,207.4
2026/4/27,12:20:59,217.6
2026/4/27,12:23:17,227.1
2026/4/27,12:24:45,237.0
2026/4/27,12:26:10,247.5
2026/4/27,12:28:28,256.6
2026/4/27,12:29:55,266.8
2026/4/27,12:31:21,277.3
2026/4/27,12:33:38,286.2
2026/4/27,12:35:07,296.8
2026/4/27,12:36:32,306.9
2026/4/27,12:39:13,316.4
2026/4/27,12:40:32,327.1
2026/4/27,12:41:50,336.2
2026/4/27,13:32:32,157.5
2026/4/27,13:34:41,167.8
2026/4/27,13:35:59,177.9
2026/4/27,14:19:46,97.0
2026/4/27,14:21:05,106.9
2026/4/27,14:22:34,116.9
2026/4/27,14:24:42,126.7
2026/4/27,14:46:23,256.9
2026/4/27,14:46:41,266.8
2026/4/27,14:50:41,316.5
2026/4/27,14:51:34,326.9
2026/4/27,15:47:39,97.0
2026/4/27,15:50:07,106.9
2026/4/27,16:15:24,96.9
2026/4/27,16:15:41,107.0
2026/4/27,16:19:02,116.9
2026/4/27,16:19:54,126.8
2026/4/27,16:56:53,96.9
2026/4/27,16:57:10,106.9
2026/4/27,17:01:17,116.9
2026/4/27,17:02:09,126.8
2026/4/27,19:34:23,136.8
2026/4/27,19:34:40,147.0
2026/4/27,19:38:40,157.5
2026/4/27,19:39:33,167.8
2026/4/27,21:34:12,96.9
2026/4/27,21:35:50,106.9
2026/4/27,21:37:26,116.9
2026/4/27,21:39:00,126.7
2026/4/27,21:40:26,136.8
2026/4/27,21:41:47,147.0
2026/4/27,21:43:09,157.5
2026/4/27,21:44:33,167.8
2026/4/27,21:45:57,177.8
2026/4/27,21:47:21,187.5
2026/4/27,21:48:45,197.0
2026/4/27,21:49:40,207.4
2026/4/27,21:51:00,217.6
2026/4/27,21:52:19,227.1
2026/4/27,21:53:46,237.0
2026/4/27,21:55:12,247.5
2026/4/27,21:56:37,256.9
2026/4/27,21:58:05,266.8
2026/4/27,21:59:23,277.3
2026/4/27,22:00:42,286.2
2026/4/27,22:02:01,296.8
2026/4/27,22:03:21,306.7
2026/4/27,22:04:40,316.3
2026/4/27,22:05:59,327.1
2026/4/27,22:07:18,336.3
2026/4/27,22:44:23,136.9
2026/4/27,22:44:40,147.1
2026/4/27,22:47:58,157.5
2026/4/27,22:48:49,167.8
2026/4/27,23:29:41,97.0
2026/4/27,23:30:32,106.9
2026/4/27,23:31:57,116.9
2026/4/27,23:33:16,126.8
2026/4/27,23:34:36,136.8
2026/4/27,23:35:55,147.0
2026/4/27,23:37:13,157.5
2026/4/27,23:38:32,167.8
2026/4/27,23:39:52,177.9
2026/4/27,23:41:20,187.4
2026/4/27,23:42:39,197.0
2026/4/27,23:44:06,207.4
2026/4/27,23:45:32,217.5
2026/4/27,23:46:51,227.2
2026/4/27,23:48:20,237.0
2026/4/27,23:49:38,247.5
2026/4/27,23:50:58,257.0
2026/4/27,23:52:18,266.8
2026/4/27,23:54:13,277.3
2026/4/27,23:54:55,286.2
2026/4/27,23:56:15,296.8
2026/4/27,23:57:39,307.0
2026/4/27,23:59:02,316.3
2026/4/28,00:00:26,327.1
2026/4/28,00:01:50,336.3
2026/4/28,01:07:35,96.9
2026/4/28,02:03:39,96.9
2026/4/28,02:05:00,106.9
2026/4/28,02:06:19,116.8
2026/4/28,02:07:37,126.7
2026/4/28,02:08:56,136.8
2026/4/28,02:10:19,147.0
2026/4/28,02:11:43,157.5
2026/4/28,02:13:07,167.8
2026/4/28,02:14:31,177.9
2026/4/28,02:15:55,187.4
2026/4/28,02:17:19,197.0
2026/4/28,02:18:43,207.4
2026/4/28,02:20:05,217.5
2026/4/28,02:21:29,227.2
2026/4/28,02:22:53,237.0
2026/4/28,02:24:17,247.5
2026/4/28,02:25:41,257.1
2026/4/28,02:27:05,266.8
2026/4/28,02:28:29,277.3
2026/4/28,02:29:53,286.3
2026/4/28,02:31:17,296.8
2026/4/28,02:32:41,306.7
2026/4/28,02:34:05,316.4
2026/4/28,02:35:28,327.2
2026/4/28,02:36:53,336.3
2026/4/28,03:08:24,187.4
2026/4/28,03:08:41,197.1
2026/4/28,03:12:07,207.3
2026/4/28,03:12:57,217.5
2026/4/28,03:47:11,97.0
2026/4/28,03:48:31,107.0
2026/4/28,03:49:50,116.9
2026/4/28,03:51:09,126.8
2026/4/28,03:52:27,136.8
2026/4/28,03:53:49,147.0
2026/4/28,03:55:35,157.5
2026/4/28,03:56:37,167.8
2026/4/28,03:58:02,177.9
2026/4/28,03:59:26,187.4
2026/4/28,04:00:50,197.0
2026/4/28,04:02:14,207.4
2026/4/28,04:03:36,217.5
2026/4/28,04:05:00,227.1
2026/4/28,04:06:24,236.9
2026/4/28,04:07:48,247.4
2026/4/28,04:09:12,257.0
2026/4/28,04:10:37,266.8
2026/4/28,04:12:00,277.3
2026/4/28,04:13:24,286.2
2026/4/28,04:14:48,296.8
2026/4/28,04:16:11,306.7
2026/4/28,04:17:35,316.4
2026/4/28,04:18:59,327.2
2026/4/28,04:20:23,336.4
2026/4/28,05:31:44,97.0
2026/4/28,05:33:08,106.9
2026/4/28,05:34:32,116.9
2026/4/28,05:35:56,126.8
2026/4/28,05:37:20,136.8
2026/4/28,05:38:44,147.0
2026/4/28,05:40:08,157.5
2026/4/28,05:41:32,167.8
2026/4/28,05:42:56,177.9
2026/4/28,05:44:21,187.4
2026/4/28,05:45:45,196.9
2026/4/28,05:47:09,207.4
2026/4/28,05:48:52,217.6
2026/4/28,05:49:54,227.1
2026/4/28,05:51:18,236.9
2026/4/28,05:52:42,247.5
2026/4/28,05:54:06,256.9
2026/4/28,05:55:30,266.9
2026/4/28,05:56:54,277.3
2026/4/28,05:58:18,286.1
2026/4/28,05:59:42,296.8
2026/4/28,06:01:06,306.8
2026/4/28,06:02:30,316.3
2026/4/28,06:03:54,327.2
2026/4/28,06:05:17,336.3
2026/4/28,07:16:37,97.0
2026/4/28,07:18:01,106.9
2026/4/28,07:19:25,116.8
2026/4/28,07:20:49,126.7
2026/4/28,07:22:13,136.8
2026/4/28,07:23:37,147.0
2026/4/28,08:22:44,96.9
2026/4/28,08:23:47,107.0
2026/4/28,08:25:11,116.9
2026/4/28,08:26:35,126.8
2026/4/28,08:27:59,136.9
2026/4/28,08:29:23,147.0
2026/4/28,08:30:47,157.5
2026/4/28,08:32:11,167.8
2026/4/28,08:33:35,177.9
2026/4/28,08:34:59,187.4
2026/4/28,08:36:23,196.9
2026/4/28,08:37:47,207.4
2026/4/28,08:39:09,217.5
2026/4/28,08:40:33,227.1
2026/4/28,08:41:56,236.9
2026/4/28,08:43:20,247.4
2026/4/28,08:45:05,256.9
2026/4/28,08:46:08,266.8
2026/4/28,08:47:32,277.3
2026/4/28,08:48:56,286.2
2026/4/28,08:50:19,296.8
2026/4/28,08:51:43,306.7
2026/4/28,08:53:07,316.3
2026/4/28,08:54:31,326.9
2026/4/28,08:55:55,336.3
2026/4/28,10:56:55,266.8
2026/4/28,10:57:13,277.2
2026/4/28,11:00:29,286.3
2026/4/28,11:01:20,296.8
2026/4/28,11:43:01,97.0
2026/4/28,11:43:54,106.9
2026/4/28,11:45:21,116.8
2026/4/28,11:46:41,126.8
2026/4/28,11:48:00,136.8
2026/4/28,11:49:19,147.0
2026/4/28,11:50:41,157.5
2026/4/28,11:51:57,167.8
2026/4/28,11:53:24,177.8
2026/4/28,11:54:43,187.3
2026/4/28,11:56:01,196.9
2026/4/28,11:57:30,207.4
2026/4/28,11:58:48,217.5
2026/4/28,12:00:16,227.2
2026/4/28,12:01:41,236.9
2026/4/28,12:03:23,247.4
2026/4/28,12:04:21,257.0
2026/4/28,12:05:39,266.8
2026/4/28,12:06:58,277.3
2026/4/28,12:08:18,286.2
2026/4/28,12:09:37,296.8
2026/4/28,12:11:01,307.0
2026/4/28,12:12:25,316.3
2026/4/28,12:13:49,327.1
2026/4/28,12:15:13,336.3
2026/4/28,15:36:43,197.0
2026/4/28,15:38:04,207.4
2026/4/28,16:03:40,97.0
2026/4/28,16:04:37,107.0
2026/4/28,16:06:08,116.9
2026/4/28,16:07:26,126.8
2026/4/28,16:08:45,136.9
2026/4/28,16:10:03,147.0
2026/4/28,16:11:24,157.5
2026/4/28,16:12:50,167.8
2026/4/28,16:14:14,177.8
2026/4/28,16:15:38,187.2
2026/4/28,16:17:02,197.0
2026/4/28,16:17:59,207.4
2026/4/28,16:19:18,217.6
2026/4/28,16:20:35,227.1
2026/4/28,16:21:55,236.9
2026/4/28,16:23:14,247.5
2026/4/28,16:24:33,257.0
2026/4/28,16:25:51,266.8
2026/4/28,16:27:11,277.3
2026/4/28,16:28:38,286.2
2026/4/28,16:30:05,296.8
2026/4/28,16:31:30,306.7
2026/4/28,16:32:57,316.3
2026/4/28,16:34:16,327.2
2026/4/28,16:35:35,336.2
2026/4/28,17:12:58,97.0
2026/4/28,17:14:21,106.9
2026/4/28,17:15:45,116.8
2026/4/28,17:17:09,126.7
2026/4/28,17:18:33,136.8
2026/4/28,17:19:57,147.0
2026/4/28,17:21:21,157.5
2026/4/28,17:22:45,167.8
2026/4/28,17:24:10,177.9
2026/4/28,17:25:34,187.4
2026/4/28,17:26:58,197.0
2026/4/28,17:28:22,207.4
2026/4/28,17:29:44,217.5
2026/4/28,17:31:08,227.1
2026/4/28,17:32:32,237.0
2026/4/28,17:33:56,247.5
2026/4/28,17:35:20,256.9
2026/4/28,17:36:44,266.8
2026/4/28,17:38:08,277.3
2026/4/28,17:39:32,286.4
2026/4/28,17:40:56,296.8
2026/4/28,17:42:20,306.7
2026/4/28,17:43:44,316.3
2026/4/28,17:45:08,327.1
2026/4/28,17:46:32,336.3
2026/4/28,18:24:54,217.5
2026/4/28,18:25:42,227.1
2026/4/28,18:27:05,237.0
2026/4/28,18:28:30,247.5
2026/4/28,19:35:38,96.9
2026/4/28,19:37:02,106.9
2026/4/28,19:38:26,116.9
2026/4/28,19:39:50,126.7
2026/4/28,19:41:14,136.8
2026/4/28,19:42:38,147.0
2026/4/28,19:44:02,157.5
2026/4/28,19:45:27,167.8
2026/4/28,19:46:50,177.8
2026/4/28,19:48:14,187.4
2026/4/28,19:49:39,196.9
2026/4/28,19:51:02,207.3
2026/4/28,19:53:07,217.5
2026/4/28,19:53:49,227.1
2026/4/28,19:55:13,236.9
2026/4/28,19:56:37,247.5
2026/4/28,19:58:00,256.9
2026/4/28,19:59:25,266.8
2026/4/28,20:00:49,277.2
2026/4/28,20:02:12,286.2
2026/4/28,20:03:36,296.8
2026/4/28,20:05:00,306.8
2026/4/28,20:06:24,316.3
2026/4/28,20:07:48,327.1
2026/4/28,20:09:12,336.3
2026/4/28,21:17:45,96.9
2026/4/28,21:19:09,106.9
2026/4/28,21:20:33,116.8
2026/4/28,21:21:57,126.7
2026/4/28,21:23:21,136.8
2026/4/28,21:24:45,147.0
2026/4/28,21:26:09,157.5
2026/4/28,21:27:33,167.8
2026/4/28,21:28:57,177.8
2026/4/28,21:30:21,187.4
2026/4/28,21:31:45,196.9
2026/4/28,21:33:09,207.4
2026/4/28,21:35:13,217.5
2026/4/28,21:35:56,227.2
2026/4/28,21:37:20,236.9
2026/4/28,21:38:44,247.4
2026/4/28,21:40:08,256.9
2026/4/28,21:41:32,266.8
2026/4/28,21:42:55,277.3
2026/4/28,21:44:19,286.2
2026/4/28,21:45:43,296.8
2026/4/28,21:47:07,306.6
2026/4/28,21:48:31,316.3
2026/4/28,21:49:55,327.2
2026/4/28,21:51:19,336.3
2026/4/28,22:37:30,97.0
2026/4/28,22:38:52,106.9
2026/4/28,22:40:38,116.8
2026/4/28,22:41:54,126.7
2026/4/28,22:43:18,136.8
2026/4/28,22:44:41,147.0
2026/4/28,22:46:05,157.5
2026/4/28,22:47:29,167.8
2026/4/28,22:48:53,177.8
2026/4/28,22:50:17,187.4
2026/4/28,22:51:41,197.0
2026/4/28,22:53:05,207.4
2026/4/28,22:55:10,217.5
2026/4/28,22:55:52,227.1
2026/4/28,22:57:16,237.0
2026/4/28,22:58:40,247.5
2026/4/28,23:00:04,257.0
2026/4/28,23:01:28,266.8
2026/4/28,23:02:51,277.3
2026/4/28,23:04:19,286.5
2026/4/28,23:05:40,296.8
2026/4/28,23:07:03,306.7
2026/4/28,23:08:27,316.3
2026/4/28,23:09:51,327.1
2026/4/28,23:11:15,336.2
2026/4/28,23:37:49,97.0
2026/4/28,23:38:50,106.9
2026/4/28,23:40:20,116.9
2026/4/28,23:41:38,126.8
2026/4/28,23:42:57,136.8
2026/4/28,23:44:16,146.9
2026/4/28,23:45:36,157.5
2026/4/28,23:47:04,167.8
2026/4/28,23:48:28,177.9
2026/4/28,23:49:52,187.4
2026/4/28,23:51:16,197.0
2026/4/28,23:52:11,207.4
2026/4/28,23:53:31,217.5
2026/4/28,23:54:48,227.1
2026/4/28,23:56:09,237.0
2026/4/28,23:57:27,247.4
2026/4/28,23:58:46,257.0
2026/4/29,00:00:04,266.8
2026/4/29,00:01:25,277.3
2026/4/29,00:02:52,286.2
2026/4/29,00:04:21,296.8
2026/4/29,00:05:46,306.6
2026/4/29,00:07:14,316.4
2026/4/29,00:08:32,327.2
2026/4/29,00:09:51,336.4
2026/4/29,02:04:55,236.9
2026/4/29,02:05:13,266.8
2026/4/29,02:08:48,296.8
2026/4/29,02:09:40,316.4
2026/4/29,02:41:11,96.9
2026/4/29,02:42:31,107.0
2026/4/29,02:43:50,116.9
2026/4/29,02:45:10,126.7
2026/4/29,02:46:28,136.8
2026/4/29,02:47:47,147.0
2026/4/29,02:49:06,157.5
2026/4/29,02:50:30,167.8
2026/4/29,02:51:52,177.8
2026/4/29,02:53:17,187.4
2026/4/29,02:54:40,196.9
2026/4/29,02:56:04,207.4
2026/4/29,02:57:27,217.5
2026/4/29,02:58:51,227.1
2026/4/29,03:00:15,236.9
2026/4/29,03:01:39,247.5
2026/4/29,03:03:03,256.8
2026/4/29,03:04:27,266.8
2026/4/29,03:05:51,277.2
2026/4/29,03:07:15,286.2
2026/4/29,03:08:39,296.8
2026/4/29,03:10:03,306.7
2026/4/29,03:11:27,316.4
2026/4/29,03:12:51,327.1
2026/4/29,03:14:15,336.4
2026/4/29,03:53:25,96.9
2026/4/29,03:54:48,106.9
2026/4/29,03:56:13,116.8
2026/4/29,03:57:37,126.7
2026/4/29,03:59:01,136.8
2026/4/29,04:00:25,147.0
2026/4/29,04:01:49,157.5
2026/4/29,04:03:13,167.8
2026/4/29,04:04:37,177.7
2026/4/29,04:06:01,187.3
2026/4/29,04:07:25,196.9
2026/4/29,04:08:49,207.4
2026/4/29,04:10:11,217.5
2026/4/29,04:11:35,227.1
2026/4/29,04:13:21,236.9
2026/4/29,04:14:23,247.5
2026/4/29,04:15:47,256.9
2026/4/29,04:17:11,266.8
2026/4/29,04:18:35,277.3
2026/4/29,04:20:00,286.2
2026/4/29,04:21:23,296.8
2026/4/29,04:22:47,306.6
2026/4/29,04:24:11,316.3
2026/4/29,04:25:35,327.0
2026/4/29,04:26:59,336.3
2026/4/29,05:38:20,96.9
2026/4/29,05:39:43,107.0
2026/4/29,05:41:07,116.8
2026/4/29,05:42:31,126.7
2026/4/29,05:43:55,136.8
2026/4/29,05:45:20,147.0
2026/4/29,05:46:44,157.5
2026/4/29,05:48:07,167.7
2026/4/29,05:49:31,177.9
2026/4/29,05:50:55,187.4
2026/4/29,05:52:20,197.0
2026/4/29,05:53:44,207.3
2026/4/29,05:55:06,217.5
2026/4/29,05:56:30,227.2
2026/4/29,05:57:54,236.9
2026/4/29,05:59:18,247.5
2026/4/29,06:00:42,257.0
2026/4/29,06:02:06,266.8
2026/4/29,06:03:30,277.3
2026/4/29,06:04:54,286.1
2026/4/29,06:06:17,296.8
2026/4/29,06:07:41,306.7
2026/4/29,06:09:05,316.3
2026/4/29,06:10:29,327.1
2026/4/29,06:11:53,336.2
2026/4/29,10:08:26,217.6
2026/4/29,10:08:43,227.1
2026/4/29,10:11:59,237.0
2026/4/29,10:12:46,247.5
2026/4/29,11:14:34,96.9
2026/4/29,11:15:58,106.9
2026/4/29,11:17:22,116.9
2026/4/29,11:18:46,126.7
2026/4/29,11:20:10,136.8
2026/4/29,11:21:34,147.0
2026/4/29,11:22:58,157.5
2026/4/29,11:24:22,167.8
2026/4/29,11:25:46,177.9
2026/4/29,11:27:10,187.5
2026/4/29,11:28:34,197.0
2026/4/29,11:29:58,207.4
2026/4/29,11:31:21,217.5
2026/4/29,11:32:44,227.2
2026/4/29,11:34:08,237.0
2026/4/29,11:35:32,247.5
2026/4/29,11:36:56,256.9
2026/4/29,11:38:20,266.8
2026/4/29,11:39:43,277.3
2026/4/29,11:41:07,286.3
2026/4/29,11:42:31,296.8
2026/4/29,11:43:55,306.8
2026/4/29,11:45:19,316.3
2026/4/29,11:46:43,327.1
2026/4/29,11:48:07,336.3
2026/4/29,12:45:55,97.0
2026/4/29,12:46:11,107.0
2026/4/29,12:50:23,116.9
2026/4/29,12:51:14,126.8
2026/4/29,19:54:44,96.9
2026/4/29,19:55:01,107.0
2026/4/29,19:58:34,116.9
2026/4/29,19:59:27,126.8
2026/4/29,20:00:20,136.9
2026/4/29,20:01:20,147.0
2026/4/29,20:03:01,157.5
2026/4/29,20:04:08,167.8
2026/4/29,20:05:27,177.9
2026/4/29,20:06:46,187.4
2026/4/29,20:08:06,196.9
2026/4/29,20:09:33,207.3
2026/4/29,20:10:57,217.6
2026/4/29,20:12:20,227.2
2026/4/29,20:13:16,236.9
2026/4/29,20:14:26,247.4
2026/4/29,20:15:38,256.9
2026/4/29,20:16:55,266.8
2026/4/29,20:18:16,277.3
2026/4/29,20:19:34,286.4
2026/4/29,20:20:53,296.7
2026/4/29,20:55:20,97.0
2026/4/29,21:00:02,106.9
2026/4/29,21:01:23,117.0
2026/4/29,21:02:58,126.8
2026/4/29,23:16:27,217.6
2026/4/29,23:17:46,296.7
2026/4/30,01:31:25,147.0
2026/4/30,01:31:42,157.5
2026/4/30,01:35:41,167.8
2026/4/30,01:36:34,177.9
2026/4/30,02:24:25,147.0
2026/4/30,02:24:42,157.5
2026/4/30,02:27:55,167.8
2026/4/30,02:28:47,177.9
2026/4/30,06:48:25,187.4
2026/4/30,06:48:42,197.0
2026/4/30,06:52:56,207.3
2026/4/30,06:53:47,217.6
2026/4/30,07:27:54,97.0
2026/4/30,07:29:14,107.0
2026/4/30,07:30:33,116.9
2026/4/30,07:31:52,126.8
2026/4/30,07:33:15,136.9
2026/4/30,07:34:39,147.0
2026/4/30,07:36:02,157.5
2026/4/30,07:37:27,167.8
2026/4/30,07:38:51,177.9
2026/4/30,07:40:15,187.6
2026/4/30,07:41:39,197.0
2026/4/30,07:43:03,207.3
2026/4/30,07:44:25,217.6
2026/4/30,07:45:49,227.1
2026/4/30,07:47:14,236.9
2026/4/30,07:48:37,247.4
2026/4/30,07:50:01,257.0
2026/4/30,07:51:25,266.8
2026/4/30,07:52:49,277.3
2026/4/30,07:54:13,286.3
2026/4/30,07:55:37,296.7
2026/4/30,07:57:01,306.7
2026/4/30,07:58:25,316.5
2026/4/30,07:59:49,327.1
2026/4/30,08:01:13,336.6
2026/4/30,09:12:38,97.0
2026/4/30,09:13:55,107.0
2026/4/30,09:15:20,116.9
2026/4/30,09:16:43,126.8
2026/4/30,09:18:07,136.8
2026/4/30,09:19:31,147.0
2026/4/30,09:20:55,157.5
2026/4/30,09:22:19,167.8
2026/4/30,09:23:43,177.9
2026/4/30,09:25:07,187.6
2026/4/30,09:26:31,197.0
2026/4/30,09:27:55,207.3
2026/4/30,09:29:17,217.6
2026/4/30,09:30:41,227.0
2026/4/30,09:32:05,236.9
2026/4/30,09:33:29,247.4
2026/4/30,09:34:53,256.9
2026/4/30,09:36:17,266.8
2026/4/30,09:37:41,277.3
2026/4/30,09:39:04,286.4
2026/4/30,09:40:28,296.7
2026/4/30,09:41:53,306.7
2026/4/30,09:43:19,316.4
2026/4/30,09:44:41,327.1
2026/4/30,09:46:04,336.4
2026/4/30,10:10:45,177.9
2026/4/30,10:11:46,217.6
2026/4/30,10:13:16,227.2
2026/4/30,11:08:06,136.9
2026/4/30,11:09:27,147.0
2026/4/30,11:10:46,157.5
2026/4/30,11:12:05,167.8
2026/4/30,11:13:24,177.9
2026/4/30,11:14:44,187.5
2026/4/30,12:04:31,97.0
2026/4/30,12:05:51,107.0
2026/4/30,12:07:10,116.9
2026/4/30,12:08:29,126.8
2026/4/30,12:09:48,136.9
2026/4/30,12:11:09,147.0
2026/4/30,12:12:32,157.5
2026/4/30,12:13:55,167.8
2026/4/30,12:15:20,177.8
2026/4/30,12:16:43,187.4
2026/4/30,12:18:08,196.9
2026/4/30,12:19:31,207.3
2026/4/30,12:20:54,217.5
2026/4/30,12:22:18,226.9
2026/4/30,12:23:42,236.9
2026/4/30,12:25:06,247.4
2026/4/30,12:26:30,257.0
2026/4/30,12:27:54,266.8
2026/4/30,12:29:18,277.2
2026/4/30,12:30:42,286.4
2026/4/30,12:32:06,296.7
2026/4/30,12:33:30,306.8
2026/4/30,12:34:54,316.4
2026/4/30,12:36:18,327.2
2026/4/30,12:37:42,336.5
2026/4/30,13:49:02,97.0
2026/4/30,13:50:26,106.9
2026/4/30,13:51:51,116.9
2026/4/30,13:53:13,126.8
2026/4/30,13:54:38,136.9
2026/4/30,13:56:01,147.0
2026/4/30,13:57:26,157.5
2026/4/30,13:58:49,167.8
2026/4/30,14:00:14,177.8
2026/4/30,14:01:37,187.4
2026/4/30,14:03:02,196.9
2026/4/30,14:04:25,207.3
2026/4/30,14:06:10,217.5
2026/4/30,14:07:12,227.1
2026/4/30,14:08:36,236.9
2026/4/30,14:10:00,247.4
2026/4/30,14:11:24,256.9
2026/4/30,14:12:48,266.8
2026/4/30,14:14:12,277.2
2026/4/30,14:15:36,286.4
2026/4/30,14:17:00,296.7
2026/4/30,14:18:24,306.7
2026/4/30,14:19:48,316.4
2026/4/30,14:21:12,327.1
2026/4/30,14:22:36,336.7
2026/4/30,15:33:55,97.0
2026/4/30,15:35:19,106.9
2026/4/30,15:36:43,116.9
2026/4/30,15:38:07,126.8
2026/4/30,15:39:31,136.8
2026/4/30,15:40:55,147.0
2026/4/30,15:42:19,157.5
2026/4/30,15:43:45,167.8
2026/4/30,15:45:07,177.8
2026/4/30,15:46:31,187.4
2026/4/30,15:47:55,197.0
2026/4/30,15:49:19,207.3
2026/4/30,15:50:42,217.6
2026/4/30,15:52:06,227.0
2026/4/30,15:53:30,236.9
2026/4/30,15:54:54,247.4
2026/4/30,15:56:18,256.9
2026/4/30,15:57:42,266.8
2026/4/30,15:59:06,277.2
2026/4/30,16:00:30,286.4
2026/4/30,16:01:53,296.7
2026/4/30,16:03:17,306.7
2026/4/30,16:04:41,316.5
2026/4/30,16:06:05,327.1
2026/4/30,16:07:29,336.6
2026/4/30,16:37:23,96.9
2026/4/30,16:38:41,107.0
2026/4/30,16:40:02,117.0
2026/4/30,16:41:29,126.8
2026/4/30,16:44:30,136.9
2026/4/30,16:45:42,147.0
2026/4/30,17:12:57,286.3
2026/4/30,17:13:14,306.8
2026/4/30,17:16:32,316.5
2026/4/30,17:17:25,327.1
2026/4/30,17:40:10,96.9
2026/4/30,17:40:48,107.0
2026/4/30,17:42:20,117.0
2026/4/30,17:43:38,126.9
2026/4/30,17:44:57,136.9
2026/4/30,17:46:15,147.0
2026/4/30,17:47:35,157.5
2026/4/30,17:49:02,167.8
2026/4/30,17:50:26,177.8
2026/4/30,17:51:51,187.4
2026/4/30,17:53:15,196.9
2026/4/30,17:54:12,207.3
2026/4/30,17:55:30,217.6
2026/4/30,17:56:49,227.0
2026/4/30,17:58:09,236.9
2026/4/30,17:59:28,247.4
2026/4/30,18:00:47,257.0
2026/4/30,18:02:05,266.9
2026/4/30,18:03:26,277.3
2026/4/30,18:04:52,286.4
2026/4/30,18:06:21,296.7
2026/4/30,18:07:46,306.7
2026/4/30,18:09:14,316.5
2026/4/30,18:10:33,327.2
2026/4/30,18:11:52,336.3
2026/4/30,19:07:25,97.0
2026/4/30,19:08:46,107.0
2026/4/30,19:10:04,117.0
2026/4/30,19:11:23,126.8
2026/4/30,19:12:42,136.9
2026/4/30,19:14:05,147.0
2026/4/30,19:15:29,157.5
2026/4/30,19:16:53,167.8
2026/4/30,19:18:17,177.9
2026/4/30,19:19:41,187.5
2026/4/30,19:21:05,197.0
2026/4/30,19:22:29,207.3
2026/4/30,19:23:51,217.6
2026/4/30,19:25:15,226.9
2026/4/30,19:26:39,236.9
2026/4/30,19:28:03,247.4
2026/4/30,19:29:27,256.9
2026/4/30,19:30:53,266.8
2026/4/30,19:32:15,277.2
2026/4/30,19:33:39,286.3
2026/4/30,19:35:03,296.7
2026/4/30,19:36:26,306.7
2026/4/30,19:37:51,316.5
2026/4/30,19:39:15,327.1
2026/4/30,19:40:38,336.6
2026/4/30,20:51:59,97.0
2026/4/30,20:53:23,107.0
2026/4/30,20:54:47,116.9
2026/4/30,20:56:11,126.8
2026/4/30,20:57:35,136.8
2026/4/30,20:58:59,147.0
2026/4/30,21:00:23,157.5
2026/4/30,21:01:46,167.8
2026/4/30,21:03:11,177.9
2026/4/30,21:04:34,187.5
2026/4/30,21:05:59,197.0
2026/4/30,21:07:23,207.3
2026/4/30,21:08:45,217.6
2026/4/30,21:10:09,227.1
2026/4/30,21:11:32,236.9
2026/4/30,21:12:57,247.5
2026/4/30,21:14:20,256.8
2026/4/30,21:15:45,266.8
2026/4/30,21:17:09,277.3
2026/4/30,21:18:32,286.3
2026/4/30,21:19:56,296.7
2026/4/30,21:21:20,306.8
2026/4/30,21:22:44,316.4
2026/4/30,21:24:08,327.0
2026/4/30,21:25:32,336.3
2026/4/30,22:36:52,97.0
2026/4/30,22:38:16,107.0
2026/4/30,22:39:40,117.0
2026/4/30,22:41:04,126.8
2026/4/30,22:42:28,136.9
2026/4/30,22:43:52,147.0
2026/4/30,22:45:16,157.5
2026/4/30,22:46:40,167.8
2026/4/30,22:48:04,177.9
2026/4/30,22:49:28,187.4
2026/4/30,22:50:52,197.0
2026/4/30,22:52:16,207.3
2026/4/30,22:53:38,217.6
2026/4/30,22:55:02,227.0
2026/4/30,22:56:26,236.9
2026/4/30,22:57:50,247.4
2026/4/30,22:59:14,256.8
2026/4/30,23:00:38,266.8
2026/4/30,23:02:02,277.2
2026/4/30,23:03:25,286.3
2026/4/30,23:04:50,296.7
2026/4/30,23:06:14,306.7
2026/4/30,23:07:38,316.4
2026/4/30,23:09:01,327.2
2026/4/30,23:10:26,336.5
2026/5/1,00:13:23,97.0
2026/5/1,01:09:28,97.0
2026/5/1,01:10:48,107.0
2026/5/1,02:21:54,97.0
2026/5/1,02:23:18,107.0
2026/5/1,03:05:13,96.9
2026/5/1,03:06:37,107.0
2026/5/1,03:08:01,116.9
2026/5/1,03:09:26,126.7
2026/5/1,03:10:49,136.9
2026/5/1,03:12:13,147.0
2026/5/1,03:13:37,157.5
2026/5/1,03:15:01,167.8
2026/5/1,03:16:45,177.8
2026/5/1,03:17:48,187.4
2026/5/1,03:19:13,196.9
2026/5/1,03:20:37,207.3
2026/5/1,03:22:00,217.5
2026/5/1,03:23:29,227.1
2026/5/1,03:24:48,236.9
2026/5/1,03:26:12,247.4
2026/5/1,03:27:35,256.9
2026/5/1,03:28:59,266.9
2026/5/1,03:30:23,277.2
2026/5/1,03:31:47,286.3
2026/5/1,03:33:11,296.7
2026/5/1,03:34:35,306.7
2026/5/1,03:35:59,316.4
2026/5/1,03:37:23,327.1
2026/5/1,03:38:47,336.3
2026/5/1,04:16:33,97.0
2026/5/1,04:17:57,106.9
2026/5/1,04:19:21,116.9
2026/5/1,04:20:45,126.8
2026/5/1,04:22:09,136.8
2026/5/1,04:23:33,147.0
2026/5/1,04:24:56,157.5
2026/5/1,04:26:21,167.8
2026/5/1,04:27:44,177.8
2026/5/1,04:29:09,187.4
2026/5/1,04:30:33,197.0
2026/5/1,04:32:18,207.3
2026/5/1,04:33:20,217.6
2026/5/1,04:34:43,227.1
2026/5/1,04:36:07,236.9
2026/5/1,04:37:31,247.4
2026/5/1,04:38:55,256.8
2026/5/1,04:40:19,266.8
2026/5/1,04:41:43,277.2
2026/5/1,04:43:07,286.4
2026/5/1,04:44:31,296.7
2026/5/1,04:45:55,306.7
2026/5/1,04:47:19,316.5
2026/5/1,04:48:43,327.2
2026/5/1,04:50:07,336.6
2026/5/1,06:01:30,97.0
2026/5/1,06:02:54,107.0
2026/5/1,06:04:18,117.0
2026/5/1,06:05:42,126.8
2026/5/1,06:07:06,136.9
2026/5/1,06:08:30,147.0
2026/5/1,06:09:54,157.5
2026/5/1,06:11:18,167.8
2026/5/1,06:12:43,177.9
2026/5/1,06:14:07,187.5
2026/5/1,06:15:31,196.9
2026/5/1,06:16:55,207.3
2026/5/1,06:18:38,217.5
2026/5/1,06:19:41,227.1
2026/5/1,06:21:05,236.9
2026/5/1,06:22:29,247.4
2026/5/1,06:23:53,257.0
2026/5/1,06:25:17,266.8
2026/5/1,06:26:41,277.2
2026/5/1,06:28:05,286.3
2026/5/1,06:29:29,296.8
2026/5/1,06:30:53,306.6
2026/5/1,06:32:17,316.4
2026/5/1,06:33:40,327.1
2026/5/1,06:35:05,336.3
2026/5/1,07:46:25,97.0
2026/5/1,07:47:49,107.0
2026/5/1,07:49:13,117.0
2026/5/1,07:50:38,126.8
2026/5/1,07:52:01,136.8
2026/5/1,07:53:25,147.0
2026/5/1,07:54:49,157.5
2026/5/1,07:56:13,167.8
2026/5/1,07:57:37,177.9
2026/5/1,07:59:02,187.4
2026/5/1,08:00:26,197.0
2026/5/1,08:01:49,207.3
2026/5/1,08:03:11,217.6
2026/5/1,08:04:35,227.0
2026/5/1,08:05:59,236.9
2026/5/1,08:07:23,247.4
2026/5/1,08:08:47,256.8
2026/5/1,08:10:11,266.8
2026/5/1,08:11:35,277.2
2026/5/1,08:12:59,286.3
2026/5/1,08:14:23,296.7
2026/5/1,08:15:47,306.7
2026/5/1,08:17:11,316.5
2026/5/1,08:18:59,327.2
2026/5/1,08:20:14,336.4
2026/5/1,09:03:35,96.9
2026/5/1,09:04:59,106.9
2026/5/1,09:06:23,116.9
2026/5/1,09:07:47,126.8
2026/5/1,09:09:11,136.9
2026/5/1,09:10:35,147.0
2026/5/1,09:11:59,157.5
2026/5/1,09:13:44,167.8
2026/5/1,09:14:47,177.8
2026/5/1,09:16:11,187.5
2026/5/1,09:17:35,196.9
2026/5/1,09:18:59,207.3
2026/5/1,09:20:43,217.6
2026/5/1,09:21:46,226.8
2026/5/1,09:23:10,236.9
2026/5/1,09:24:34,247.4
2026/5/1,09:25:57,257.0
2026/5/1,09:27:21,266.8
2026/5/1,09:28:45,277.2
2026/5/1,09:30:09,286.3
2026/5/1,09:31:33,296.7
2026/5/1,09:32:57,306.6
2026/5/1,09:34:21,316.5
2026/5/1,09:35:45,327.1
2026/5/1,09:37:09,336.5
2026/5/1,10:48:30,97.0
2026/5/1,10:49:54,107.0
2026/5/1,10:51:18,116.9
2026/5/1,10:52:44,126.8
2026/5/1,10:54:06,136.9
2026/5/1,10:55:30,147.0
2026/5/1,10:56:54,157.5
2026/5/1,10:58:18,167.8
2026/5/1,10:59:42,177.9
2026/5/1,11:01:06,187.5
2026/5/1,11:02:30,197.0
2026/5/1,11:03:54,207.3
2026/5/1,11:05:37,217.6
2026/5/1,11:06:40,227.0
2026/5/1,11:08:04,237.0
2026/5/1,11:09:28,247.4
2026/5/1,11:10:52,256.9
2026/5/1,11:12:16,266.9
2026/5/1,11:13:40,277.3
2026/5/1,11:15:03,286.3
2026/5/1,11:16:27,296.7
2026/5/1,11:17:51,306.7
2026/5/1,11:19:15,316.4
2026/5/1,11:20:41,327.1
2026/5/1,11:22:03,336.7
2026/5/1,12:35:36,96.9
2026/5/1,12:37:07,107.0
2026/5/1,12:38:36,117.0
2026/5/1,12:40:06,126.8
2026/5/1,12:41:30,136.8
2026/5/1,12:42:57,147.0
2026/5/1,12:44:23,157.5
2026/5/1,12:45:49,167.8
2026/5/1,12:47:18,177.9
2026/5/1,12:48:38,187.4
2026/5/1,12:50:03,197.0
2026/5/1,12:51:46,207.3
2026/5/1,12:52:48,217.6
2026/5/1,12:54:12,226.8
2026/5/1,12:55:14,236.9
2026/5/1,12:56:32,247.4
2026/5/1,12:57:52,256.9
2026/5/1,12:59:11,266.8
2026/5/1,13:00:30,277.2
2026/5/1,13:01:48,286.4
2026/5/1,13:03:09,296.7
2026/5/1,13:04:28,306.6
2026/5/1,13:05:47,316.4
2026/5/1,13:07:05,327.2
2026/5/1,13:08:26,336.3
2026/5/1,13:51:34,136.9
2026/5/1,13:52:58,147.0
2026/5/1,13:54:22,157.5
2026/5/1,13:55:45,167.8
2026/5/1,13:57:10,177.8
2026/5/1,13:58:34,187.4
2026/5/1,13:59:58,197.0
2026/5/1,14:01:22,207.3
2026/5/1,14:02:46,217.5
2026/5/1,14:04:10,227.1
2026/5/1,14:05:34,236.9
2026/5/1,14:06:58,247.4
2026/5/1,14:08:41,256.9
2026/5/1,14:09:44,266.8
2026/5/1,14:11:08,277.2
2026/5/1,14:12:32,286.3
2026/5/1,14:13:56,296.7
2026/5/1,14:15:20,306.7
2026/5/1,14:16:44,316.5
2026/5/1,14:18:08,327.0
2026/5/1,14:19:32,336.3
2026/5/1,15:30:52,97.0
2026/5/1,15:32:16,107.1
2026/5/1,15:33:42,117.0
2026/5/1,15:35:04,126.8
2026/5/1,15:36:28,136.9
2026/5/1,15:37:52,147.0
2026/5/1,15:39:16,157.5
2026/5/1,15:40:40,167.8
2026/5/1,15:42:04,177.9
2026/5/1,15:43:28,187.4
2026/5/1,15:44:52,197.0
2026/5/1,15:46:16,207.3
2026/5/1,15:47:38,217.5
2026/5/1,15:49:02,226.9
2026/5/1,15:50:26,236.9
2026/5/1,15:51:50,247.4
2026/5/1,15:53:14,257.0
2026/5/1,15:54:38,266.8
2026/5/1,15:56:02,277.3
2026/5/1,15:57:26,286.3
2026/5/1,15:58:50,296.7
2026/5/1,16:00:14,306.8
2026/5/1,16:01:38,316.4
2026/5/1,16:03:02,327.1
2026/5/1,16:04:26,336.3
2026/5/1,16:56:19,147.0
2026/5/1,16:57:43,157.5
2026/5/1,16:59:07,167.8
2026/5/1,17:00:31,177.9
2026/5/1,17:01:55,187.4
2026/5/1,17:03:29,197.0
2026/5/1,17:04:45,207.3
2026/5/1,17:06:09,217.7
2026/5/1,17:07:33,227.1
2026/5/1,18:06:56,97.0
2026/5/1,18:07:13,107.0
2026/5/1,18:10:32,116.9
2026/5/1,18:11:24,126.8
2026/5/1,19:20:15,97.0
2026/5/1,19:21:39,107.0
2026/5/1,19:23:03,117.0
2026/5/1,19:24:27,126.8
2026/5/1,19:25:51,136.8
2026/5/1,19:27:15,147.0
2026/5/1,19:28:39,157.5
2026/5/1,19:30:03,167.8
2026/5/1,19:31:27,177.9
2026/5/1,19:32:51,187.5
2026/5/1,19:34:15,197.0
2026/5/1,19:35:40,207.3
2026/5/1,19:37:02,217.6
2026/5/1,19:38:26,227.2
2026/5/1,19:39:50,236.9
2026/5/1,19:41:14,247.4
2026/5/1,19:42:38,256.9
2026/5/1,19:44:02,266.8
2026/5/1,19:45:26,277.2
2026/5/1,19:46:49,286.4
2026/5/1,19:48:13,296.7
2026/5/1,19:49:37,306.7
2026/5/1,19:51:01,316.5
2026/5/1,19:52:25,327.1
2026/5/1,19:53:49,336.7
2026/5/1,20:42:55,296.7
2026/5/1,20:43:13,306.7
2026/5/1,20:46:32,316.4
2026/5/1,20:47:23,327.1
2026/5/1,21:56:13,97.0
2026/5/1,21:57:37,107.0
2026/5/1,21:59:01,116.9
2026/5/1,22:00:25,126.8
2026/5/1,22:01:50,136.9
2026/5/1,22:03:14,147.0
2026/5/1,22:04:38,157.5
2026/5/1,22:06:02,167.8
2026/5/1,22:07:26,177.8
2026/5/1,22:08:50,187.4
2026/5/1,22:10:14,196.9
2026/5/1,22:11:38,207.3
2026/5/1,22:13:01,217.6
2026/5/1,22:14:25,227.0
2026/5/1,22:15:49,236.9
2026/5/1,22:17:13,247.4
2026/5/1,22:18:37,256.9
2026/5/1,22:20:00,266.8
2026/5/1,22:21:25,277.3
2026/5/1,22:22:48,286.3
2026/5/1,22:24:12,296.6
2026/5/1,22:25:36,306.6
2026/5/1,22:27:00,316.4
2026/5/1,22:28:24,327.1
2026/5/1,22:29:48,336.6
2026/5/1,23:41:09,96.9
2026/5/1,23:42:33,106.9
2026/5/1,23:43:57,116.9
2026/5/1,23:45:21,126.8
2026/5/1,23:46:45,136.9
2026/5/1,23:48:09,147.0
2026/5/1,23:49:33,157.5
2026/5/1,23:50:57,167.8
2026/5/1,23:52:21,177.8
2026/5/1,23:53:45,187.4
2026/5/1,23:55:09,196.9
2026/5/1,23:56:33,207.3
2026/5/1,23:58:17,217.5
2026/5/1,23:59:20,227.0
2026/5/2,00:00:44,236.9
2026/5/2,00:02:08,247.3
2026/5/2,00:03:31,256.9
2026/5/2,00:04:56,266.8
2026/5/2,00:06:19,277.2
2026/5/2,00:07:43,286.3
2026/5/2,00:09:07,296.7
2026/5/2,00:10:31,306.7
2026/5/2,00:11:55,316.4
2026/5/2,00:13:19,327.1
2026/5/2,00:14:43,336.7
2026/5/2,01:26:02,97.0
2026/5/2,01:27:26,107.0
2026/5/2,01:28:50,116.9
2026/5/2,01:30:14,126.8
2026/5/2,01:31:37,136.9
2026/5/2,01:33:01,147.0
2026/5/2,01:34:25,157.5
2026/5/2,01:35:49,167.8
2026/5/2,01:37:14,177.9
2026/5/2,01:38:38,187.4
2026/5/2,01:40:02,197.1
2026/5/2,01:41:26,207.3
2026/5/2,01:42:48,217.5
2026/5/2,01:44:12,227.0
2026/5/2,01:45:36,236.9
2026/5/2,01:47:00,247.4
2026/5/2,01:48:24,256.8
2026/5/2,01:49:48,266.8
2026/5/2,01:51:12,277.2
2026/5/2,01:52:36,286.4
2026/5/2,01:54:00,296.8
2026/5/2,01:55:24,306.7
2026/5/2,01:56:48,316.5
2026/5/2,01:58:11,327.2
2026/5/2,01:59:35,336.6
2026/5/2,03:45:36,96.9
2026/5/2,03:46:57,107.0
2026/5/2,03:48:16,116.9
2026/5/2,03:49:35,126.8
2026/5/2,03:50:53,136.8
2026/5/2,03:52:14,147.0
2026/5/2,03:53:39,157.5
2026/5/2,03:55:03,167.8
2026/5/2,03:56:27,177.9
2026/5/2,03:57:51,187.6
2026/5/2,03:59:15,196.9
2026/5/2,04:00:39,207.3
2026/5/2,04:02:01,217.6
2026/5/2,04:03:25,227.1
2026/5/2,04:04:49,236.9
2026/5/2,04:06:13,247.4
2026/5/2,04:07:37,256.9
2026/5/2,04:09:01,266.8
2026/5/2,04:10:25,277.2
2026/5/2,04:11:49,286.4
2026/5/2,04:13:13,296.7
2026/5/2,04:14:37,306.7
2026/5/2,04:16:00,316.4
2026/5/2,04:17:25,327.2
2026/5/2,04:18:49,336.3
2026/5/2,07:22:57,177.9
2026/5/2,07:23:14,187.5
2026/5/2,07:26:32,196.9
2026/5/2,07:27:24,207.3
2026/5/2,08:19:23,97.0
2026/5/2,08:20:23,107.0
2026/5/2,08:21:54,117.0
2026/5/2,08:23:12,126.8
2026/5/2,08:24:31,136.8
2026/5/2,08:25:50,147.0
2026/5/2,08:27:10,157.5
2026/5/2,08:28:37,167.8
2026/5/2,08:30:01,177.9
2026/5/2,08:31:25,187.4
2026/5/2,08:32:48,196.9
2026/5/2,08:33:46,207.3
2026/5/2,08:35:04,217.5
2026/5/2,08:36:23,227.1
2026/5/2,08:37:43,236.9
2026/5/2,08:39:02,247.4
2026/5/2,08:40:20,256.8
2026/5/2,08:41:39,266.8
2026/5/2,08:42:59,277.2
2026/5/2,08:44:26,286.3
2026/5/2,08:45:53,296.6
2026/5/2,08:47:18,306.6
2026/5/2,08:48:48,316.5
2026/5/2,08:50:07,327.1
2026/5/2,08:51:26,336.3
2026/5/2,10:02:16,96.9
2026/5/2,10:03:40,107.0
2026/5/2,10:05:04,116.9
2026/5/2,10:06:28,126.8
2026/5/2,10:07:52,136.9
2026/5/2,10:09:16,147.0
2026/5/2,10:10:40,157.5
2026/5/2,10:12:04,167.8
2026/5/2,10:13:28,177.8
2026/5/2,10:14:52,187.4
2026/5/2,10:16:17,197.0
2026/5/2,10:17:41,207.3
2026/5/2,10:19:03,217.5
2026/5/2,10:20:27,227.0
2026/5/2,10:21:51,236.9
2026/5/2,10:23:15,247.5
2026/5/2,10:24:38,256.9
2026/5/2,10:26:02,266.9
2026/5/2,10:27:26,277.2
2026/5/2,10:28:51,286.3
2026/5/2,10:30:15,296.7
2026/5/2,10:31:39,306.7
2026/5/2,10:33:02,316.5
2026/5/2,10:34:27,327.2
2026/5/2,10:35:50,336.6
2026/5/2,13:44:28,306.7
2026/5/2,13:44:46,316.5
2026/5/2,13:48:08,327.1
2026/5/2,13:48:58,336.7
2026/5/2,15:30:58,306.6
2026/5/2,15:31:16,316.4
2026/5/2,15:34:53,327.1
2026/5/2,15:35:32,336.6
2026/5/2,16:44:23,97.0
2026/5/2,16:45:47,106.9
2026/5/2,16:47:11,116.9
2026/5/2,16:48:35,126.8
2026/5/2,16:49:58,136.8
2026/5/2,16:51:23,147.0
2026/5/2,16:52:47,157.5
2026/5/2,16:54:11,167.8
2026/5/2,16:55:35,177.8
2026/5/2,16:56:59,187.4
2026/5/2,16:58:23,196.9
2026/5/2,16:59:47,207.4
2026/5/2,17:01:10,217.6
2026/5/2,17:02:33,227.1
2026/5/2,17:03:57,236.9
2026/5/2,17:05:21,247.4
2026/5/2,17:06:45,256.8
2026/5/2,17:08:09,266.8
2026/5/2,17:09:33,277.3
2026/5/2,17:10:57,286.4
2026/5/2,17:12:21,296.7
2026/5/2,17:13:45,306.8
2026/5/2,17:15:09,316.4
2026/5/2,17:16:33,327.1
2026/5/2,17:17:57,336.7
2026/5/2,18:24:50,277.2
2026/5/2,18:25:07,286.3
2026/5/2,18:28:41,316.5
2026/5/2,18:29:33,327.1
2026/5/2,22:00:27,217.6
2026/5/2,22:00:45,236.9
2026/5/2,22:04:54,247.4
2026/5/2,22:05:32,256.9
2026/5/2,23:14:21,97.0
2026/5/2,23:15:45,106.9
2026/5/2,23:17:09,116.9
2026/5/2,23:18:33,126.7
2026/5/2,23:19:57,136.9
2026/5/2,23:21:21,147.0
2026/5/2,23:22:45,157.5
2026/5/2,23:24:09,167.8
2026/5/2,23:25:34,177.8
2026/5/2,23:26:58,187.4
2026/5/2,23:28:22,196.9
2026/5/2,23:29:46,207.4
2026/5/2,23:31:08,217.5
2026/5/2,23:32:33,226.9
2026/5/2,23:33:56,236.9
2026/5/2,23:35:20,247.5
2026/5/2,23:36:44,256.9
2026/5/2,23:38:08,266.8
2026/5/2,23:39:32,277.3
2026/5/2,23:40:56,286.3
2026/5/2,23:42:20,296.7
2026/5/2,23:43:44,306.7
2026/5/2,23:45:07,316.5
2026/5/2,23:46:31,327.1
2026/5/2,23:47:55,336.4
2026/5/3,00:53:39,97.0
2026/5/3,00:55:06,106.9
2026/5/3,00:56:27,116.9
2026/5/3,00:57:51,126.8
2026/5/3,00:59:15,136.9
2026/5/3,01:00:39,147.0
2026/5/3,01:02:03,157.5
2026/5/3,01:03:27,167.8
2026/5/3,01:04:51,177.9
2026/5/3,01:06:15,187.4
2026/5/3,01:07:39,196.9
2026/5/3,01:09:03,207.3
2026/5/3,01:10:47,217.6
2026/5/3,01:11:49,227.1
2026/5/3,01:13:14,236.9
2026/5/3,01:14:37,247.4
2026/5/3,01:16:01,256.8
2026/5/3,01:17:25,266.8
2026/5/3,01:18:49,277.2
2026/5/3,01:20:14,286.3
2026/5/3,01:21:38,296.7
2026/5/3,01:23:01,306.7
2026/5/3,01:24:25,316.4
2026/5/3,01:25:49,327.1
2026/5/3,01:27:13,336.4
2026/5/3,04:36:58,256.8
2026/5/3,04:37:16,266.8
2026/5/3,04:41:04,277.2
2026/5/3,04:41:55,286.3
2026/5/3,05:16:07,97.0
2026/5/3,05:17:28,107.0
2026/5/3,05:18:46,116.9
2026/5/3,05:20:05,126.8
2026/5/3,05:21:24,136.9
2026/5/3,05:22:45,147.0
2026/5/3,05:24:08,157.5
2026/5/3,05:25:32,167.8
2026/5/3,05:26:56,177.9
2026/5/3,05:28:20,187.5
2026/5/3,05:29:44,196.9
2026/5/3,05:31:08,207.3
2026/5/3,05:32:30,217.6
2026/5/3,05:33:54,226.9
2026/5/3,05:35:18,236.9
2026/5/3,05:36:42,247.4
2026/5/3,05:38:06,257.0
2026/5/3,05:39:30,266.8
2026/5/3,05:40:54,277.3
2026/5/3,05:42:17,286.3
2026/5/3,05:43:41,296.7
2026/5/3,05:45:05,306.7
2026/5/3,05:46:29,316.5
2026/5/3,05:47:53,327.1
2026/5/3,05:49:17,336.3
2026/5/3,07:00:37,96.9
2026/5/3,07:02:01,107.0
2026/5/3,07:03:25,116.9
2026/5/3,07:04:49,126.8
2026/5/3,07:06:13,136.9
2026/5/3,07:07:37,147.0
2026/5/3,07:09:01,157.5
2026/5/3,07:10:24,167.8
2026/5/3,07:11:49,177.9
2026/5/3,07:13:13,187.4
2026/5/3,07:14:37,197.0
2026/5/3,07:16:01,207.3
2026/5/3,07:17:23,217.6
2026/5/3,07:18:48,227.0
2026/5/3,07:20:10,236.9
2026/5/3,07:21:34,247.4
2026/5/3,07:22:58,256.9
2026/5/3,07:24:22,266.8
2026/5/3,07:25:46,277.3
2026/5/3,07:27:10,286.3
2026/5/3,07:28:34,296.7
2026/5/3,07:29:58,306.7
2026/5/3,07:31:23,316.5
2026/5/3,07:32:45,327.1
2026/5/3,07:34:10,336.5
2026/5/3,08:34:16,97.0
2026/5/3,08:35:40,107.0
2026/5/3,08:37:04,117.0
2026/5/3,08:38:27,126.9
2026/5/3,08:39:52,136.8
2026/5/3,08:41:16,147.0
2026/5/3,08:42:40,157.5
2026/5/3,08:44:04,167.8
2026/5/3,08:45:28,177.9
2026/5/3,08:46:52,187.4
2026/5/3,08:48:16,196.9
2026/5/3,08:49:40,207.3
2026/5/3,08:51:02,217.5
2026/5/3,08:52:26,226.9
2026/5/3,08:53:50,236.9
2026/5/3,08:55:14,247.4
2026/5/3,08:56:38,256.9
2026/5/3,08:58:02,266.8
2026/5/3,08:59:26,277.2
2026/5/3,09:00:50,286.3
2026/5/3,09:02:13,296.7
2026/5/3,09:03:37,306.7
2026/5/3,09:05:01,316.4
2026/5/3,09:06:25,327.1
2026/5/3,09:07:49,336.7
2026/5/3,09:38:36,97.0
2026/5/3,09:38:53,107.0
2026/5/3,09:42:35,116.9
2026/5/3,09:43:27,126.8
2026/5/3,10:52:16,97.0
2026/5/3,10:53:40,107.0
2026/5/3,10:55:04,116.9
2026/5/3,10:56:28,126.8
2026/5/3,10:57:52,136.9
2026/5/3,10:59:16,147.0
2026/5/3,11:00:39,157.5
2026/5/3,11:02:03,167.8
2026/5/3,11:03:27,177.9
2026/5/3,11:04:51,187.4
2026/5/3,11:06:15,196.9
2026/5/3,11:07:39,207.3
2026/5/3,11:09:02,217.6
2026/5/3,11:10:26,227.1
2026/5/3,11:11:50,236.9
2026/5/3,11:13:14,247.4
2026/5/3,11:14:38,256.9
2026/5/3,11:16:01,266.8
2026/5/3,11:17:26,277.2
2026/5/3,11:18:50,286.4
2026/5/3,11:20:14,296.7
2026/5/3,11:21:37,306.7
2026/5/3,11:23:02,316.5
2026/5/3,11:24:26,327.1
2026/5/3,11:25:50,336.6
2026/5/3,12:02:28,96.9
2026/5/3,12:02:44,107.0
2026/5/3,12:06:02,116.9
2026/5/3,12:06:55,126.8
2026/5/3,14:40:39,97.0
2026/5/3,15:46:28,107.0
2026/5/3,15:46:45,117.0
2026/5/3,15:50:00,126.8
2026/5/3,15:50:53,136.9
2026/5/3,16:33:08,96.9
2026/5/3,16:34:01,107.0
2026/5/3,16:35:29,117.0
2026/5/3,16:36:47,126.8
2026/5/3,16:38:05,136.9
2026/5/3,16:39:24,147.0
2026/5/3,16:40:44,157.5
2026/5/3,16:42:21,167.8
2026/5/3,16:43:45,177.8
2026/5/3,16:45:09,187.3
2026/5/3,16:46:08,196.9
2026/5/3,16:47:27,207.3
2026/5/3,16:48:55,217.6
2026/5/3,16:50:44,227.1
2026/5/3,16:52:08,236.9
2026/5/3,16:53:08,247.4
2026/5/3,16:54:26,256.9
2026/5/3,16:55:45,266.8
2026/5/3,16:57:05,277.3
2026/5/3,16:58:24,286.3
2026/5/3,16:59:42,296.7
2026/5/3,17:01:01,306.7
2026/5/3,17:02:21,316.5
2026/5/3,17:03:40,327.1
2026/5/3,17:04:59,336.6
2026/5/3,17:48:56,96.9
2026/5/3,17:50:27,107.0
2026/5/3,17:51:46,116.9
2026/5/3,17:53:05,126.8
2026/5/3,17:54:27,136.9
2026/5/3,17:55:51,147.0
2026/5/3,17:57:14,157.5
2026/5/3,17:58:38,167.8
2026/5/3,18:00:03,177.9
2026/5/3,18:01:27,187.4
2026/5/3,18:02:50,197.0
2026/5/3,18:04:14,207.3
2026/5/3,18:05:37,217.6
2026/5/3,18:07:01,227.0
2026/5/3,18:08:25,236.9
2026/5/3,18:09:49,247.4
2026/5/3,18:11:13,257.1
2026/5/3,18:12:37,266.8
2026/5/3,18:14:01,277.2
2026/5/3,18:15:25,286.3
2026/5/3,18:16:49,296.7
2026/5/3,18:18:13,306.7
2026/5/4,03:21:57,96.9
2026/5/4,03:23:15,107.0
2026/5/4,03:24:36,117.0
2026/5/4,03:26:03,126.8
2026/5/4,04:21:23,97.0
2026/5/4,04:21:39,107.0
2026/5/4,04:26:23,117.0
2026/5/4,04:26:57,126.8
2026/5/4,06:26:20,96.9
2026/5/4,13:13:58,96.9
2026/5/4,13:14:15,107.0
2026/5/4,13:17:45,116.9
2026/5/4,13:18:36,126.8
2026/5/4,13:55:29,247.4
2026/5/4,13:55:47,256.8
2026/5/4,13:59:30,266.8
2026/5/4,14:00:23,277.2
2026/5/4,16:35:02,107.0
2026/5/4,16:36:20,117.0
2026/5/4,16:38:39,126.8
2026/5/5,00:31:00,286.3
2026/5/5,00:31:17,296.8
2026/5/5,00:34:41,306.8
2026/5/5,00:35:33,316.4
2026/5/5,01:40:29,136.8
2026/5/5,01:40:45,147.0
2026/5/5,01:44:53,157.5
2026/5/5,01:45:45,167.8
2026/5/5,02:24:01,177.8
2026/5/5,02:25:19,187.5
2026/5/5,02:26:38,196.9
2026/5/5,02:28:57,207.3
2026/5/5,03:56:01,97.0
2026/5/5,03:57:20,107.0
2026/5/5,03:58:47,116.9
2026/5/5,04:00:57,126.8
2026/5/5,05:25:55,96.9
2026/5/5,05:27:13,107.0
2026/5/5,05:28:32,116.9
2026/5/5,05:30:51,126.7
2026/5/5,05:32:33,136.9
2026/5/5,05:33:59,147.0
2026/5/5,05:36:11,157.5
2026/5/5,05:37:31,167.8
2026/5/5,05:38:56,177.8
2026/5/5,05:41:08,187.3
2026/5/5,05:42:26,197.0
2026/5/5,05:43:43,207.4
2026/5/5,05:46:02,217.6
2026/5/5,05:47:21,227.1
2026/5/5,05:48:39,236.9
2026/5/5,05:50:57,247.4
2026/5/5,05:52:17,256.8
2026/5/5,05:53:35,266.9
2026/5/5,05:55:53,277.3
2026/5/5,05:57:35,286.4
2026/5/5,05:59:01,296.8
2026/5/5,06:01:08,306.7
2026/5/5,06:02:28,316.5
2026/5/5,06:03:58,327.2
2026/5/5,06:06:05,336.3
2026/5/5,06:54:04,96.9
2026/5/5,06:56:17,106.9
2026/5/5,06:57:59,116.8
2026/5/5,06:58:54,126.8
2026/5/5,07:01:13,136.9
2026/5/5,07:02:55,147.0
2026/5/5,07:03:51,157.5
2026/5/5,07:06:10,167.8
2026/5/5,07:07:53,177.9
2026/5/5,07:08:48,187.4
2026/5/5,07:11:06,196.9
2026/5/5,07:12:48,207.3
2026/5/5,07:14:13,217.6
2026/5/5,07:16:23,227.1
2026/5/5,07:17:42,236.9
2026/5/5,07:19:11,247.4
2026/5/5,07:21:19,256.8
2026/5/5,07:23:02,266.8
2026/5/5,07:23:58,277.3
2026/5/5,07:26:16,286.3
2026/5/5,07:27:58,296.7
2026/5/5,07:28:55,306.7
2026/5/5,07:31:13,316.5
2026/5/5,07:32:55,327.0
2026/5/5,07:33:52,336.7
2026/5/5,07:56:17,97.0
2026/5/5,07:57:36,107.0
2026/5/5,07:58:54,117.0
2026/5/5,08:01:26,126.8
2026/5/5,08:03:02,136.9
2026/5/5,08:04:26,147.0
2026/5/5,08:07:02,157.5
2026/5/5,08:08:21,167.8
2026/5/5,08:09:39,177.8
2026/5/5,08:12:11,187.4
2026/5/5,08:13:39,196.9
2026/5/5,08:15:05,207.3
2026/5/5,08:17:21,217.6
2026/5/5,08:18:49,227.0
2026/5/5,08:20:15,236.9
2026/5/5,08:22:30,247.5
2026/5/5,08:23:59,257.0
2026/5/5,08:25:24,266.8
2026/5/5,08:27:40,277.2
2026/5/5,08:29:08,286.3
2026/5/5,08:30:33,296.8
2026/5/5,08:33:15,306.7
2026/5/5,08:34:34,316.4
2026/5/5,08:35:52,327.1
2026/5/5,08:38:23,336.6
2026/5/5,09:03:21,107.0
2026/5/5,09:05:49,116.9
2026/5/5,09:40:59,227.1
2026/5/5,09:41:16,236.9
2026/5/5,09:44:56,247.4
2026/5/5,09:45:49,256.9
2026/5/5,11:10:53,96.9
2026/5/5,11:11:48,107.0
2026/5/5,11:14:07,116.9
2026/5/5,11:15:26,126.8
2026/5/5,11:16:45,136.9
2026/5/5,11:19:03,147.0
2026/5/5,11:20:21,157.5
2026/5/5,11:21:40,167.8
2026/5/5,11:23:59,177.9
2026/5/5,11:25:40,187.4
2026/5/5,11:27:05,196.9
2026/5/5,11:29:16,207.3
2026/5/5,11:30:35,217.6
2026/5/5,11:32:02,227.1
2026/5/5,11:34:12,236.9
2026/5/5,11:35:31,247.4
2026/5/5,11:36:49,256.8
2026/5/5,11:39:07,266.8
2026/5/5,11:40:27,277.2
2026/5/5,11:41:45,286.4
2026/5/5,11:44:03,296.7
2026/5/5,11:45:23,306.8
2026/5/5,11:46:40,316.4
2026/5/5,11:48:58,327.1
2026/5/5,11:50:42,336.3
2026/5/5,13:16:10,97.0
2026/5/5,13:17:05,107.0
2026/5/5,13:19:24,116.9
2026/5/5,13:20:43,126.8
2026/5/5,13:22:01,136.9
2026/5/5,13:24:20,147.0
2026/5/5,13:25:38,157.5
2026/5/5,13:26:57,167.8
2026/5/5,13:29:15,177.8
2026/5/5,13:31:00,187.5
2026/5/5,13:32:22,196.9
2026/5/5,13:34:31,207.3
2026/5/5,13:35:50,217.6
2026/5/5,13:37:19,227.0
2026/5/5,13:39:27,236.9
2026/5/5,13:40:47,247.4
2026/5/5,13:42:04,256.8
2026/5/5,13:44:23,266.8
2026/5/5,13:45:43,277.3
2026/5/5,13:47:00,286.3
2026/5/5,13:49:19,296.8
2026/5/5,13:51:01,306.8
2026/5/5,13:51:57,316.4
2026/5/5,13:54:15,327.1
2026/5/5,13:55:57,336.3
2026/5/5,15:20:54,97.0
2026/5/5,15:22:13,106.9
2026/5/5,15:24:32,116.9
2026/5/5,15:25:50,126.8
2026/5/5,15:27:09,136.9
2026/5/5,15:29:28,147.0
2026/5/5,15:31:10,157.5
2026/5/5,15:32:04,167.8
2026/5/5,15:34:24,177.8
2026/5/5,15:36:04,187.4
2026/5/5,15:37:30,197.0
2026/5/5,15:39:44,207.3
2026/5/5,15:41:02,217.5
2026/5/5,15:42:28,226.9
2026/5/5,15:44:39,236.9
2026/5/5,15:45:59,247.4
2026/5/5,15:47:16,256.9
2026/5/5,15:49:35,266.8
2026/5/5,15:50:54,277.3
2026/5/5,15:52:12,286.4
2026/5/5,15:54:31,296.7
2026/5/5,15:55:51,306.7
2026/5/5,15:57:08,316.5
2026/5/5,15:59:26,327.1
2026/5/5,16:01:09,336.6
2026/5/5,17:26:04,97.0
2026/5/5,17:27:22,106.9
2026/5/5,17:29:41,116.9
2026/5/5,17:30:59,126.8
2026/5/5,17:32:18,136.9
2026/5/5,17:34:36,147.0
2026/5/5,17:35:54,157.5
2026/5/5,17:37:13,167.8
2026/5/5,17:39:32,177.8
2026/5/5,17:41:14,187.4
2026/5/5,17:42:40,196.9
2026/5/5,17:44:53,207.3
2026/5/5,17:46:12,217.6
2026/5/5,17:47:36,226.9
2026/5/5,17:49:49,236.9
2026/5/5,17:51:08,247.4
2026/5/5,17:52:26,256.9
2026/5/5,17:54:44,266.9
2026/5/5,17:56:04,277.3
2026/5/5,17:57:22,286.3
2026/5/5,17:59:41,296.8
2026/5/5,18:01:01,306.7
2026/5/5,18:02:20,316.5
2026/5/5,18:04:36,327.1
2026/5/5,18:06:19,336.3
2026/5/5,19:31:10,97.0
2026/5/5,19:32:28,107.0
2026/5/5,19:34:47,116.9
2026/5/5,19:36:05,126.8
2026/5/5,19:37:24,136.9
2026/5/5,19:39:42,147.0
2026/5/5,19:41:01,157.5
2026/5/5,19:42:20,167.8
2026/5/5,19:44:39,177.9
2026/5/5,19:46:19,187.4
2026/5/5,19:47:45,197.0
2026/5/5,19:49:58,207.3
2026/5/5,19:51:17,217.6
2026/5/5,19:53:04,227.1
2026/5/5,19:54:54,236.9
2026/5/5,19:56:13,247.5
2026/5/5,19:57:31,257.0
2026/5/5,19:59:49,266.9
2026/5/5,20:01:09,277.2
2026/5/5,20:02:27,286.4
2026/5/5,20:04:45,296.7
2026/5/5,20:06:04,306.8
2026/5/5,20:07:22,316.5
2026/5/5,20:09:41,327.1
2026/5/5,20:11:23,336.6
2026/5/5,21:36:21,97.0
2026/5/5,21:37:39,107.0
2026/5/5,21:39:58,117.0
2026/5/5,21:41:17,126.7
2026/5/5,21:42:36,136.9
2026/5/5,21:44:54,147.0
2026/5/5,21:46:12,157.5
2026/5/5,21:47:31,167.8
2026/5/5,21:49:50,177.9
2026/5/5,21:51:31,187.4
2026/5/5,21:52:57,197.0
2026/5/5,21:55:07,207.4
2026/5/5,21:56:26,217.6
2026/5/5,21:57:53,227.0
2026/5/5,22:00:03,236.9
2026/5/5,22:01:22,247.4
2026/5/5,22:02:40,256.8
2026/5/5,22:04:58,266.8
2026/5/5,22:06:19,277.2
2026/5/5,22:07:36,286.3
2026/5/5,22:09:55,296.7
2026/5/5,22:11:14,306.7
2026/5/5,22:12:31,316.5
2026/5/5,22:14:50,327.1
2026/5/5,22:16:33,336.6
2026/5/5,23:41:28,97.0
2026/5/5,23:42:47,107.0
2026/5/5,23:45:06,116.9
2026/5/5,23:46:24,126.8
2026/5/5,23:47:43,136.9
2026/5/5,23:50:02,147.0
2026/5/5,23:51:20,157.5
2026/5/5,23:52:38,167.8
2026/5/5,23:54:57,177.9
2026/5/5,23:56:38,187.4
2026/5/5,23:58:04,196.9
2026/5/6,00:00:15,207.3
2026/5/6,00:01:34,217.5
2026/5/6,00:03:01,227.1
2026/5/6,00:05:10,236.9
2026/5/6,00:06:30,247.4
2026/5/6,00:07:48,256.9
2026/5/6,00:10:06,266.8
2026/5/6,00:11:26,277.2
2026/5/6,00:12:43,286.4
2026/5/6,00:15:02,296.7
2026/5/6,00:16:21,306.7
2026/5/6,00:17:38,316.5
2026/5/6,00:19:57,327.2
2026/5/6,00:21:40,336.4
2026/5/6,01:46:38,97.0
2026/5/6,01:47:57,117.0
2026/5/6,01:50:16,136.9
2026/5/6,01:51:58,147.0
2026/5/6,01:52:55,157.5
2026/5/6,01:55:14,167.8
2026/5/6,01:56:56,177.9
2026/5/6,01:57:54,217.6
2026/5/6,02:00:13,247.4
2026/5/6,02:02:14,256.8
2026/5/6,02:03:18,266.9
2026/5/6,02:05:36,286.3
2026/5/6,02:06:56,296.7
2026/5/6,02:08:20,306.8
2026/5/6,02:10:34,316.5
2026/5/6,02:12:15,327.1
2026/5/6,02:13:15,336.7
2026/5/6,03:17:54,96.9
2026/5/6,03:19:20,107.0
2026/5/6,03:20:45,117.0
2026/5/6,03:23:22,126.8
2026/5/6,03:24:41,136.9
2026/5/6,03:25:59,147.0
2026/5/6,03:28:30,157.5
2026/5/6,03:30:01,167.8
2026/5/6,03:31:26,177.9
2026/5/6,03:33:40,187.4
2026/5/6,03:35:07,197.0
2026/5/6,03:36:32,207.4
2026/5/6,03:38:48,217.5
2026/5/6,03:40:17,227.1
2026/5/6,03:41:42,236.9
2026/5/6,03:43:57,247.5
2026/5/6,03:45:26,256.9
2026/5/6,03:46:51,266.9
2026/5/6,03:49:26,277.3
2026/5/6,03:50:45,286.3
2026/5/6,03:52:03,296.7
2026/5/6,03:54:36,306.7
2026/5/6,03:56:04,316.5
2026/5/6,03:57:30,327.2
2026/5/6,03:59:46,336.6
2026/5/6,05:02:29,96.9
2026/5/6,05:02:46,107.0
2026/5/6,05:06:03,117.0
2026/5/6,05:06:55,126.8
2026/5/6,06:06:37,217.6
2026/5/6,06:07:55,227.1
2026/5/6,06:10:53,236.9
2026/5/6,06:12:19,247.5
2026/5/6,06:15:56,256.9
2026/5/6,07:21:43,97.0
2026/5/6,07:23:12,107.0
2026/5/6,07:26:16,116.9
2026/5/6,07:27:25,126.8
2026/5/6,07:30:58,136.9
2026/5/6,07:32:17,147.0
2026/5/6,07:36:00,157.5
2026/5/6,07:37:12,167.8
2026/5/6,07:40:44,177.9
2026/5/6,07:42:27,187.4
2026/5/6,07:45:58,197.0
2026/5/6,07:47:17,207.3
2026/5/6,07:50:49,217.6
2026/5/6,07:52:30,227.0
2026/5/6,07:55:43,236.9
2026/5/6,07:57:20,247.4
2026/5/6,08:00:35,256.9
2026/5/6,08:02:14,266.8
2026/5/6,08:05:30,277.3
2026/5/6,08:07:06,286.3
2026/5/6,08:10:36,296.6
2026/5/6,08:11:54,306.6
2026/5/6,08:15:29,316.5
2026/5/6,08:17:06,327.2
2026/5/6,08:20:22,336.3
2026/5/6,10:23:21,97.0
2026/5/6,10:26:51,106.9
2026/5/6,10:28:34,116.9
2026/5/6,10:31:38,126.7
2026/5/6,10:33:23,136.9
2026/5/6,10:36:38,147.0
2026/5/6,10:37:58,157.5
2026/5/6,10:41:26,167.8
2026/5/6,10:42:44,177.9
2026/5/6,10:46:11,187.4
2026/5/6,10:47:31,196.9
2026/5/6,10:50:59,207.3
2026/5/6,10:52:20,217.5
2026/5/6,10:55:47,226.8
2026/5/6,10:57:31,236.9
2026/5/6,11:00:47,247.4
2026/5/6,11:02:07,257.0
2026/5/6,11:05:35,266.8
2026/5/6,11:06:55,277.2
2026/5/6,11:10:23,286.3
2026/5/6,11:11:43,296.7
2026/5/6,11:15:10,306.7
2026/5/6,11:16:30,316.4
2026/5/6,11:19:56,327.1
2026/5/6,11:21:42,336.3
2026/5/6,13:25:14,96.9
2026/5/6,13:52:41,97.0
2026/5/6,13:53:58,107.0
2026/5/6,13:57:03,116.9
2026/5/6,13:58:22,126.8
2026/5/6,14:01:18,136.9
2026/5/6,14:02:36,147.0
2026/5/6,14:05:33,157.5
2026/5/6,14:06:58,167.8
2026/5/6,14:09:46,177.8
2026/5/6,14:11:15,187.4
2026/5/6,14:14:17,196.9
2026/5/6,14:15:52,207.3
2026/5/6,14:18:32,217.5
2026/5/6,14:19:52,227.2
2026/5/6,14:22:47,236.8
2026/5/6,16:25:56,97.0
2026/5/6,16:29:25,106.9
2026/5/6,16:30:44,117.0
2026/5/6,16:34:15,126.8
2026/5/6,16:35:56,136.9
2026/5/6,16:39:23,147.0
2026/5/6,16:40:42,157.5
2026/5/6,16:44:18,167.8
2026/5/6,16:45:53,177.9
2026/5/6,16:49:12,187.4
2026/5/6,16:50:50,197.0
2026/5/6,16:54:07,207.3
2026/5/6,16:55:43,217.5
2026/5/6,16:59:00,226.8
2026/5/6,17:00:38,236.9
2026/5/6,17:04:11,247.4
2026/5/6,17:05:30,256.9
2026/5/6,17:09:05,266.8
2026/5/6,17:10:42,277.2
2026/5/6,17:14:00,286.3
2026/5/6,17:15:36,296.7
2026/5/6,17:18:54,306.6
2026/5/6,17:20:31,316.5
2026/5/6,17:23:51,327.2
2026/5/6,17:25:25,336.6
2026/5/6,17:50:00,187.4
2026/5/6,17:50:17,197.0
2026/5/6,17:53:59,207.3
2026/5/6,17:54:49,217.6
2026/5/6,18:48:30,187.4
2026/5/6,18:48:47,196.9
2026/5/6,18:52:47,207.3
2026/5/6,18:53:38,217.6
2026/5/6,21:16:59,217.6
2026/5/6,21:17:16,227.1
2026/5/6,21:21:08,236.9
2026/5/6,21:21:58,247.5
2026/5/6,22:43:56,96.9
2026/5/6,22:45:15,106.9
2026/5/6,22:46:33,116.9
2026/5/6,22:49:04,126.8
2026/5/6,22:50:33,136.8
2026/5/6,22:51:59,147.0
2026/5/6,22:54:15,157.5
2026/5/6,22:55:42,167.8
2026/5/6,22:57:08,177.8
2026/5/6,22:59:26,187.4
2026/5/6,23:00:52,196.9
2026/5/6,23:02:17,207.3
2026/5/6,23:04:34,217.6
2026/5/6,23:06:02,226.9
2026/5/6,23:07:28,236.9
2026/5/6,23:10:08,247.4
2026/5/6,23:11:27,256.9
2026/5/6,23:12:46,266.8
2026/5/6,23:15:19,277.2
2026/5/6,23:16:46,286.3
2026/5/6,23:18:12,296.7
2026/5/6,23:20:27,306.7
2026/5/6,23:21:57,316.4
2026/5/6,23:23:22,327.1
2026/5/6,23:25:38,336.7
2026/5/7,00:52:49,286.4
2026/5/7,01:22:50,97.0
2026/5/7,01:24:09,106.9
2026/5/7,01:25:27,117.0
2026/5/7,01:27:46,126.8
2026/5/7,01:29:05,136.9
2026/5/7,01:30:23,147.0
2026/5/7,01:32:42,157.5
2026/5/7,01:34:01,167.8
2026/5/7,01:35:20,177.8
2026/5/7,01:37:37,187.4
2026/5/7,01:39:04,196.9
2026/5/7,01:40:29,207.4
2026/5/7,01:42:57,217.6
2026/5/7,01:44:16,227.0
2026/5/7,01:45:50,236.9
2026/5/7,01:48:11,247.4
2026/5/7,01:49:35,257.0
2026/5/7,01:50:31,266.8
2026/5/7,01:52:48,277.2
2026/5/7,01:54:08,286.3
2026/5/7,01:55:25,296.7
2026/5/7,01:57:43,306.7
2026/5/7,01:59:03,316.5
2026/5/7,02:00:20,327.2
2026/5/7,02:02:39,336.8
2026/5/7,02:22:51,97.0
2026/5/7,02:24:28,107.0
2026/5/7,02:26:35,117.0
2026/5/7,02:27:54,126.8
2026/5/7,02:29:22,136.9
2026/5/7,02:31:55,147.0
2026/5/7,02:33:22,157.5
2026/5/7,02:34:49,167.8
2026/5/7,02:37:21,177.8
2026/5/7,02:38:41,187.4
2026/5/7,02:40:00,197.1
2026/5/7,02:42:31,207.3
2026/5/7,02:43:58,217.6
2026/5/7,02:45:23,227.1
2026/5/7,02:47:43,236.9
2026/5/7,02:49:08,247.4
2026/5/7,02:50:34,256.9
2026/5/7,02:52:52,266.8
2026/5/7,02:54:20,277.2
2026/5/7,02:55:46,286.3
2026/5/7,02:58:12,296.7
2026/5/7,02:59:40,306.7
2026/5/7,03:01:05,316.5
2026/5/7,03:03:38,327.1
2026/5/7,03:04:57,336.6
2026/5/7,03:57:12,97.0
2026/5/7,03:58:42,107.0
2026/5/7,04:01:53,116.9
2026/5/7,04:02:52,126.8
2026/5/7,04:04:11,136.8
2026/5/7,04:06:45,147.1
2026/5/7,04:08:12,157.5
2026/5/7,04:09:37,167.8
2026/5/7,04:11:41,177.9
2026/5/7,04:13:22,187.4
2026/5/7,04:14:18,197.0
2026/5/7,04:16:36,207.4
2026/5/7,04:17:56,217.6
2026/5/7,04:19:13,227.0
2026/5/7,04:21:41,236.9
2026/5/7,04:23:15,247.4
2026/5/7,04:24:40,256.9
2026/5/7,04:26:50,266.8
2026/5/7,04:28:09,277.2
2026/5/7,04:29:46,286.4
2026/5/7,04:31:46,296.7
2026/5/7,04:33:06,306.8
2026/5/7,04:34:23,316.5
2026/5/7,04:36:42,327.2
2026/5/7,04:38:24,336.3
2026/5/7,06:04:45,96.9
2026/5/7,06:06:12,106.9
2026/5/7,06:08:44,116.9
2026/5/7,06:10:03,126.8
2026/5/7,06:11:25,136.9
2026/5/7,06:13:40,147.0
2026/5/7,06:14:58,157.5
2026/5/7,06:16:17,167.8
2026/5/7,06:18:36,177.8
2026/5/7,06:20:17,187.4
2026/5/7,06:21:12,197.0
2026/5/7,06:23:31,207.3
2026/5/7,06:25:13,217.5
2026/5/7,06:26:09,227.1
2026/5/7,06:28:34,236.9
2026/5/7,06:30:09,247.4
2026/5/7,06:31:35,256.8
2026/5/7,06:33:45,266.8
2026/5/7,06:35:04,277.2
2026/5/7,06:36:39,286.4
2026/5/7,06:38:42,296.7
2026/5/7,06:40:24,306.7
2026/5/7,06:41:20,316.4
2026/5/7,06:43:38,327.1
2026/5/7,06:45:20,336.7
2026/5/7,08:10:17,96.9
2026/5/7,08:11:43,106.9
2026/5/7,08:13:50,116.9
2026/5/7,08:15:09,126.7
2026/5/7,08:16:46,136.8
2026/5/7,08:18:46,147.0
2026/5/7,08:20:28,157.5
2026/5/7,08:21:23,167.8
2026/5/7,08:23:43,177.9
2026/5/7,08:25:23,187.3
2026/5/7,08:26:20,196.9
2026/5/7,08:28:36,207.4
2026/5/7,08:29:56,217.6
2026/5/7,08:31:14,226.9
2026/5/7,08:33:42,236.9
2026/5/7,08:35:15,247.4
2026/5/7,08:36:41,256.9
2026/5/7,08:38:51,266.8
2026/5/7,08:40:10,277.3
2026/5/7,08:41:47,286.3
2026/5/7,08:43:47,296.7
2026/5/7,08:45:07,306.8
2026/5/7,08:46:24,316.5
2026/5/7,08:48:43,327.1
2026/5/7,08:50:03,336.3
2026/5/7,10:15:14,96.9
2026/5/7,10:16:40,106.9
2026/5/7,10:18:48,116.9
2026/5/7,10:20:07,126.8
2026/5/7,10:21:44,136.9
2026/5/7,10:23:43,147.0
2026/5/7,10:25:01,157.5
2026/5/7,10:26:20,167.8
2026/5/7,10:28:39,177.8
2026/5/7,10:29:57,187.3
2026/5/7,10:31:16,197.0
2026/5/7,10:33:33,207.3
2026/5/7,10:34:52,217.6
2026/5/7,10:36:10,227.1
2026/5/7,10:38:36,236.9
2026/5/7,10:40:12,247.4
2026/5/7,10:41:38,257.0
2026/5/7,10:43:48,266.8
2026/5/7,10:45:07,277.2
2026/5/7,10:46:41,286.3
2026/5/7,10:48:44,296.7
2026/5/7,10:50:26,306.7
2026/5/7,10:51:22,316.4
2026/5/7,10:53:40,327.2
2026/5/7,10:55:00,336.7
2026/5/7,12:22:24,96.9
2026/5/7,12:23:49,107.0
2026/5/7,12:26:22,116.9
2026/5/7,12:27:41,126.8
2026/5/7,12:29:04,136.9
2026/5/7,12:31:31,147.0
2026/5/7,12:33:00,157.5
2026/5/7,12:34:25,167.8
2026/5/7,12:36:41,177.9
2026/5/7,12:38:08,187.4
2026/5/7,12:39:33,196.9
2026/5/7,12:41:48,207.3
2026/5/7,12:43:18,217.5
2026/5/7,12:44:43,227.1
2026/5/7,12:47:05,236.9
2026/5/7,12:48:30,247.5
2026/5/7,12:49:55,257.0
2026/5/7,12:52:28,266.8
2026/5/7,12:53:46,277.3
2026/5/7,12:55:10,286.4
2026/5/7,12:57:36,296.7
2026/5/7,12:59:06,306.7
2026/5/7,13:00:31,316.4
2026/5/7,13:02:47,327.1
2026/5/7,13:04:14,336.3
2026/5/7,13:54:49,97.0
2026/5/7,13:55:56,107.0
2026/5/7,13:57:24,116.9
2026/5/7,14:00:18,126.8
2026/5/7,14:01:40,136.9
2026/5/7,14:03:05,147.0
2026/5/7,14:05:14,157.5
2026/5/7,14:06:32,167.8
2026/5/7,14:07:51,177.9
2026/5/7,14:57:51,96.9
2026/5/7,15:00:18,107.0
2026/5/7,15:01:54,116.9
2026/5/7,15:03:19,126.8
2026/5/7,15:05:38,136.9
2026/5/7,15:06:57,147.0
2026/5/7,15:08:23,157.5
2026/5/7,15:10:46,167.8
2026/5/7,15:12:17,177.9
2026/5/7,15:13:40,187.4
2026/5/7,15:15:53,197.0
2026/5/7,15:17:23,207.3
2026/5/7,15:18:49,217.5
2026/5/7,15:21:04,227.0
2026/5/7,15:22:31,236.9
2026/5/7,15:23:57,247.4
2026/5/7,15:26:24,256.8
2026/5/7,15:27:51,266.8
2026/5/7,15:29:16,277.2
2026/5/7,15:31:49,286.3
2026/5/7,15:33:07,296.7
2026/5/7,15:34:29,306.7
2026/5/7,15:36:57,316.5
2026/5/7,15:38:26,327.1
2026/5/7,15:39:52,336.7
2026/5/8,02:40:52,96.9
2026/5/8,02:41:09,107.0
2026/5/8,02:45:52,116.9
2026/5/8,02:46:30,126.8
2026/5/8,06:02:38,97.0
2026/5/8,09:01:01,136.9
2026/5/8,09:01:18,147.0
2026/5/8,09:04:42,157.5
2026/5/8,09:05:33,167.8
2026/5/8,18:27:37,96.9
2026/5/8,19:12:22,116.9
2026/5/8,19:14:38,157.5
2026/5/8,19:18:47,197.0
2026/5/9,03:11:32,296.8
2026/5/9,03:11:50,306.8
2026/5/9,03:15:06,316.4
2026/5/9,03:15:58,327.1
2026/5/9,03:47:32,306.7
2026/5/9,03:47:50,316.5
2026/5/9,03:52:05,327.1
2026/5/9,03:53:50,336.3
2026/5/9,06:55:03,107.0
2026/5/9,06:56:21,116.9
2026/5/9,06:58:40,126.8
2026/5/10,01:00:19,116.9
2026/5/10,01:35:45,106.9
2026/5/10,01:36:02,126.8
2026/5/10,01:36:20,136.9
2026/5/10,01:37:34,147.0
2026/5/10,01:38:55,157.5
2026/5/10,01:40:16,167.8
2026/5/10,01:41:43,177.8
2026/5/10,01:43:06,187.3
2026/5/10,01:44:30,196.9
2026/5/10,01:45:53,207.3
2026/5/10,01:47:17,217.6
2026/5/10,01:48:41,226.8
2026/5/10,01:50:05,266.8
2026/5/10,01:51:29,277.2
2026/5/10,01:52:53,286.3
2026/5/10,01:54:17,296.7
2026/5/10,01:55:41,336.5
2026/5/10,02:51:45,107.0
2026/5/10,02:53:03,116.9
2026/5/10,02:55:22,126.8
2026/5/10,08:48:02,177.9
2026/5/10,08:48:19,187.3
2026/5/10,08:52:31,196.9
2026/5/10,08:53:22,207.3
2026/5/10,12:13:31,97.0
2026/5/10,12:13:48,107.0
2026/5/10,12:17:21,117.0
2026/5/10,12:18:12,126.8
2026/5/11,01:21:01,136.9
2026/5/11,01:21:18,147.0
2026/5/11,01:25:17,157.5
2026/5/11,01:26:09,167.8
2026/5/11,02:51:13,96.9
2026/5/11,02:52:09,107.0
2026/5/11,02:54:28,116.9
2026/5/11,02:56:10,126.8
2026/5/11,02:57:09,136.9
2026/5/11,02:59:27,147.0
2026/5/11,03:01:08,157.5
2026/5/11,03:02:09,167.8
2026/5/11,03:04:29,177.8
2026/5/11,03:05:56,187.4
2026/5/11,03:07:31,196.9
2026/5/11,03:09:49,207.3
2026/5/11,03:11:10,217.6
2026/5/11,03:12:35,227.0
2026/5/11,03:14:50,236.9
2026/5/11,03:16:12,247.4
2026/5/11,03:17:53,256.9
2026/5/11,03:19:50,266.8
2026/5/11,03:21:12,277.2
2026/5/11,03:22:55,286.3
2026/5/11,03:24:52,296.7
2026/5/11,03:26:13,306.6
2026/5/11,03:27:55,316.5
2026/5/11,03:29:53,327.1
2026/5/11,03:31:21,336.4
2026/5/11,04:50:50,116.9
2026/5/11,05:21:48,96.9
2026/5/11,05:23:07,107.0
2026/5/11,05:47:32,97.0
2026/5/11,05:49:51,256.8
2026/5/11,05:51:11,296.7
2026/5/11,05:52:30,336.6
2026/5/11,06:56:01,97.0
2026/5/11,06:57:25,107.0
2026/5/11,06:58:45,117.0
2026/5/11,07:01:35,126.8
2026/5/11,07:03:02,136.9
2026/5/11,07:04:27,147.0
2026/5/11,07:06:54,157.5
2026/5/11,07:08:13,167.8
2026/5/11,07:09:40,177.8
2026/5/11,07:11:50,187.5
2026/5/11,07:13:31,197.0
2026/5/11,07:14:26,207.3
2026/5/11,07:16:44,217.6
2026/5/11,07:18:03,227.1
2026/5/11,07:19:21,236.9
2026/5/11,07:21:40,247.4
2026/5/11,07:23:22,256.8
2026/5/11,07:24:18,266.8
2026/5/11,07:26:36,277.2
2026/5/11,07:28:18,286.3
2026/5/11,07:29:44,296.7
2026/5/11,07:31:56,306.6
2026/5/11,07:33:15,316.4
2026/5/11,07:34:41,327.1
2026/5/11,07:36:51,336.3
2026/5/11,08:33:36,96.9
2026/5/11,08:34:31,107.0
2026/5/11,08:36:49,117.0
2026/5/11,08:38:08,126.8
2026/5/11,08:39:26,136.9
2026/5/11,08:41:45,147.0
2026/5/11,08:43:27,157.5
2026/5/11,08:44:53,167.8
2026/5/11,08:47:00,177.9
2026/5/11,08:48:20,187.4
2026/5/11,08:49:49,196.9
2026/5/11,08:51:56,207.3
2026/5/11,08:53:15,217.5
2026/5/11,08:54:33,226.9
2026/5/11,08:56:52,236.9
2026/5/11,08:58:34,247.4
2026/5/11,08:59:30,256.8
2026/5/11,09:01:48,266.8
2026/5/11,09:03:30,277.2
2026/5/11,09:04:26,286.3
2026/5/11,09:06:45,296.7
2026/5/11,09:08:26,306.7
2026/5/11,09:09:52,316.5
2026/5/11,09:12:07,327.1
2026/5/11,09:13:26,336.6
2026/5/11,10:11:37,97.0
2026/5/11,10:13:51,107.0
2026/5/11,10:15:21,117.0
2026/5/11,10:16:47,126.8
2026/5/11,10:18:47,136.9
2026/5/11,10:20:06,147.0
2026/5/11,10:21:25,157.5
2026/5/11,10:23:43,167.8
2026/5/11,10:25:26,177.9
2026/5/11,10:27:30,187.4
2026/5/11,10:29:03,197.0
2026/5/11,10:30:22,207.3
2026/5/11,10:31:48,217.5
2026/5/11,10:34:00,226.8
2026/5/11,10:35:42,236.9
2026/5/11,10:36:38,247.4
2026/5/11,10:38:55,257.0
2026/5/11,10:40:15,266.8
2026/5/11,10:41:32,277.2
2026/5/11,10:43:51,286.3
2026/5/11,10:45:11,296.7
2026/5/11,10:46:29,306.6
2026/5/11,10:48:47,316.5
2026/5/11,10:50:30,327.1
2026/5/11,10:51:55,336.3
2026/5/11,11:42:03,96.9
2026/5/11,11:44:28,106.9
2026/5/11,11:45:47,116.9
2026/5/11,11:47:05,126.8
2026/5/11,11:49:38,136.9
2026/5/11,11:51:06,147.0
2026/5/11,11:52:31,157.5
2026/5/11,11:54:46,167.8
2026/5/11,11:56:25,177.9
2026/5/11,11:57:39,187.4
2026/5/11,11:59:55,196.9
2026/5/11,12:01:24,207.3
2026/5/11,12:02:49,217.6
2026/5/11,12:05:05,227.1
2026/5/11,12:06:34,236.9
2026/5/11,12:07:59,247.4
2026/5/11,12:10:40,256.8
2026/5/11,12:11:59,266.8
2026/5/11,12:13:17,277.2
2026/5/11,12:15:50,286.3
2026/5/11,12:17:19,296.7
2026/5/11,12:18:44,306.7
2026/5/11,12:21:00,316.5
2026/5/11,12:22:29,327.1
2026/5/11,12:23:54,336.7
2026/5/11,13:23:04,256.9
2026/5/11,13:23:21,266.8
2026/5/11,13:27:05,277.2
2026/5/11,13:27:55,286.3
2026/5/11,14:25:32,296.7
2026/5/11,14:25:49,306.6
2026/5/11,14:29:25,316.5
2026/5/11,14:30:16,327.1
2026/5/11,15:48:03,296.7
2026/5/11,15:48:20,306.7
2026/5/11,15:51:33,316.4
2026/5/11,15:52:27,327.1
2026/5/11,16:35:33,97.0
2026/5/11,16:36:51,107.0
2026/5/11,16:38:10,117.0
2026/5/11,16:40:38,126.8
2026/5/11,16:42:12,136.9
2026/5/11,16:43:37,147.0
2026/5/11,16:46:15,157.5
2026/5/11,16:47:33,167.8
2026/5/11,16:48:52,177.9
2026/5/11,16:51:26,187.4
2026/5/11,16:52:51,196.9
2026/5/11,16:54:17,207.3
2026/5/11,16:56:36,217.6
2026/5/11,16:58:04,227.0
2026/5/11,16:59:29,236.9
2026/5/11,17:01:46,247.4
2026/5/11,17:03:14,256.9
2026/5/11,17:04:40,266.8
2026/5/11,17:06:57,277.2
2026/5/11,17:08:24,286.3
2026/5/11,17:09:49,296.7
2026/5/11,17:12:32,306.7
2026/5/11,17:14:19,316.4
2026/5/11,17:15:10,327.1
2026/5/11,17:17:41,336.7
2026/5/11,17:35:32,136.9
2026/5/11,17:35:49,147.0
2026/5/11,17:39:26,157.5
2026/5/11,17:39:57,167.8
2026/5/11,18:41:03,136.9
2026/5/11,18:41:20,147.0
2026/5/11,18:45:07,157.5
2026/5/11,18:45:59,167.8
2026/5/11,22:27:03,97.0
2026/5/11,22:27:20,107.0
2026/5/11,22:30:33,116.9
2026/5/11,22:31:25,126.8
2026/5/11,23:14:35,97.0
2026/5/11,23:16:17,107.0
2026/5/11,23:17:12,116.9
2026/5/11,23:19:31,126.8
2026/5/11,23:21:14,136.9
2026/5/11,23:22:39,147.0
2026/5/11,23:24:49,157.5
2026/5/11,23:26:08,167.8
2026/5/11,23:27:36,177.9
2026/5/11,23:29:44,187.3
2026/5/11,23:31:03,197.0
2026/5/11,23:32:21,207.3
2026/5/11,23:34:39,217.6
2026/5/11,23:35:59,227.0
2026/5/11,23:37:16,236.9
2026/5/11,23:39:35,247.4
2026/5/11,23:40:55,256.8
2026/5/11,23:42:12,266.8
2026/5/11,23:44:30,277.3
2026/5/11,23:46:14,286.3
2026/5/11,23:47:39,296.7
2026/5/11,23:49:51,306.7
2026/5/11,23:51:10,316.5
2026/5/11,23:52:37,327.1
2026/5/11,23:54:47,336.7
2026/5/12,00:22:33,177.9
2026/5/12,00:22:50,187.4
2026/5/12,00:27:06,197.0
2026/5/12,00:27:57,207.3
2026/5/12,01:31:33,136.9
2026/5/12,01:31:50,147.0
2026/5/12,01:35:03,157.5
2026/5/12,01:35:55,167.8
2026/5/12,03:02:14,96.9
2026/5/12,03:03:40,106.9
2026/5/12,03:05:49,116.9
2026/5/12,03:07:21,126.8
2026/5/12,03:08:46,136.9
2026/5/12,03:10:56,147.0
2026/5/12,03:12:27,157.5
2026/5/12,03:13:52,167.8
2026/5/12,04:02:34,266.8
2026/5/12,04:02:51,277.2
2026/5/12,04:06:38,286.3
2026/5/12,04:07:30,296.7
2026/5/12,05:12:32,286.3
2026/5/12,05:12:50,296.7
2026/5/12,05:16:03,306.8
2026/5/12,05:16:54,316.5
2026/5/12,07:28:02,177.9
2026/5/12,07:28:19,187.4
2026/5/12,07:32:09,197.0
2026/5/12,07:33:01,207.3
2026/5/12,08:59:50,97.0
2026/5/12,09:00:45,107.0
2026/5/12,09:03:04,116.8
2026/5/12,09:04:22,126.8
2026/5/12,09:05:41,136.9
2026/5/12,09:07:59,147.0
2026/5/12,09:09:17,157.5
2026/5/12,09:10:36,167.8
2026/5/12,09:12:55,177.9
2026/5/12,09:14:37,187.4
2026/5/12,09:16:02,196.9
2026/5/12,09:18:12,207.3
2026/5/12,09:19:31,217.5
2026/5/12,09:20:59,227.1
2026/5/12,09:23:08,236.9
2026/5/12,09:24:50,247.4
2026/5/12,09:25:46,256.9
2026/5/12,09:28:04,266.8
2026/5/12,09:29:46,277.2
2026/5/12,09:30:42,286.3
2026/5/12,09:33:00,296.7
2026/5/12,09:34:20,306.5
2026/5/12,09:35:37,316.4
2026/5/12,09:37:55,327.1
2026/5/12,09:39:38,336.6
2026/5/12,13:58:49,97.0
2026/5/12,14:51:03,217.6
2026/5/12,14:51:20,226.8
2026/5/12,14:54:38,236.9
2026/5/12,14:55:30,247.4
2026/5/12,16:22:50,96.9
2026/5/12,16:24:16,106.9
2026/5/12,16:26:21,116.9
2026/5/12,16:27:56,126.8
2026/5/12,16:28:58,136.9
2026/5/12,16:31:17,147.0
2026/5/12,16:32:35,157.5
2026/5/12,16:33:54,167.7
2026/5/12,16:36:12,177.8
2026/5/12,16:37:54,187.4
2026/5/12,16:39:19,196.9
2026/5/12,16:41:29,207.3
2026/5/12,16:42:48,217.6
2026/5/12,16:44:16,227.1
2026/5/12,16:46:24,236.9
2026/5/12,16:47:44,247.5
2026/5/12,16:49:02,256.9
2026/5/12,16:51:20,266.8
2026/5/12,16:52:39,277.3
2026/5/12,16:53:57,286.4
2026/5/12,16:56:15,296.8
2026/5/12,16:57:35,306.7
2026/5/12,16:58:52,316.5
2026/5/12,17:01:10,327.1
2026/5/12,17:02:54,336.3
2026/5/12,18:31:01,97.0
2026/5/12,18:32:26,106.9
2026/5/12,18:34:40,116.9
2026/5/12,18:36:09,126.8
2026/5/12,18:37:35,136.9
2026/5/12,18:39:47,147.0
2026/5/12,18:41:18,157.5
2026/5/12,18:42:44,167.8
2026/5/12,18:44:57,177.8
2026/5/12,18:46:25,187.4
2026/5/12,18:47:50,197.0
2026/5/12,18:50:28,207.3
2026/5/12,18:51:47,217.6
2026/5/12,18:53:05,227.1
2026/5/12,18:55:35,236.9
2026/5/12,18:57:06,247.4
2026/5/12,18:58:31,256.9
2026/5/12,19:00:43,266.8
2026/5/12,19:02:13,277.2
2026/5/12,19:03:38,286.3
2026/5/12,19:05:51,296.7
2026/5/12,19:07:21,306.6
2026/5/12,19:08:46,316.4
2026/5/12,19:10:56,327.2
2026/5/12,19:12:29,336.7
2026/5/12,20:23:04,256.8
2026/5/12,20:23:21,266.8
2026/5/12,20:27:08,277.2
2026/5/12,20:28:02,286.2
2026/5/12,21:54:44,96.9
2026/5/12,21:55:40,107.0
2026/5/12,21:57:59,116.9
2026/5/12,21:59:41,126.8
2026/5/12,22:00:35,136.8
2026/5/12,22:03:07,147.0
2026/5/12,22:04:37,157.5
2026/5/12,22:06:02,167.8
2026/5/12,22:08:14,177.9
2026/5/12,22:09:43,187.4
2026/5/12,22:11:09,196.9
2026/5/12,22:13:41,207.3
2026/5/12,22:15:00,217.5
2026/5/12,22:16:18,226.9
2026/5/12,22:18:47,236.9
2026/5/12,22:20:19,247.5
2026/5/12,22:21:45,256.9
2026/5/12,22:23:56,266.8
2026/5/12,22:25:26,277.2
2026/5/12,22:26:51,286.4
2026/5/12,22:29:04,296.8
2026/5/12,22:30:34,306.8
2026/5/12,22:32:00,316.5
2026/5/12,22:34:11,327.2
2026/5/12,22:35:43,336.6
2026/5/13,00:00:51,97.0
2026/5/13,00:02:10,106.9
2026/5/13,00:04:29,116.9
2026/5/13,00:06:11,126.8
2026/5/13,00:07:08,136.9
2026/5/13,00:09:33,147.0
2026/5/13,00:11:07,157.5
2026/5/13,00:12:33,167.8
2026/5/13,00:14:36,177.8
2026/5/13,00:16:11,187.4
2026/5/13,00:17:36,196.9
2026/5/13,00:20:03,207.4
2026/5/13,00:21:23,217.6
2026/5/13,00:22:43,226.9
2026/5/13,00:25:08,236.9
2026/5/13,00:26:42,247.4
2026/5/13,00:28:08,257.0
2026/5/13,00:30:11,266.9
2026/5/13,00:31:45,277.2
2026/5/13,00:33:10,286.3
2026/5/13,00:35:14,296.7
2026/5/13,00:36:49,306.7
2026/5/13,00:38:14,316.4
2026/5/13,00:40:18,327.2
2026/5/13,00:41:53,336.6
2026/5/13,01:32:19,96.9
2026/5/13,01:34:02,107.0
2026/5/13,01:35:28,117.0
2026/5/13,01:37:51,126.8
2026/5/13,01:39:10,136.8
2026/5/13,01:40:28,147.0
2026/5/13,01:42:59,157.5
2026/5/13,01:44:33,167.8
2026/5/13,01:45:59,177.8
2026/5/13,01:48:04,187.4
2026/5/13,01:49:36,197.0
2026/5/13,01:51:01,207.3
2026/5/13,01:53:12,217.6
2026/5/13,01:54:42,226.9
2026/5/13,01:56:08,236.9
2026/5/13,01:58:20,247.4
2026/5/13,01:59:51,257.0
2026/5/13,02:01:16,266.8
2026/5/13,02:03:52,277.2
2026/5/13,02:05:11,286.3
2026/5/13,02:06:29,296.7
2026/5/13,02:09:00,306.6
2026/5/13,02:10:30,316.4
2026/5/13,02:11:56,327.1
2026/5/13,02:14:08,336.7
2026/5/13,03:14:04,217.6
2026/5/13,03:14:21,227.1
2026/5/13,03:18:27,236.9
2026/5/13,03:19:18,247.4
2026/5/13,04:10:18,96.9
2026/5/13,04:11:44,107.0
2026/5/13,04:14:02,117.0
2026/5/13,04:59:03,96.9
2026/5/13,04:59:20,106.9
2026/5/13,05:03:08,117.0
2026/5/13,05:04:02,126.8
2026/5/13,06:28:35,97.0
2026/5/13,06:29:54,106.9
2026/5/13,06:32:11,116.9
2026/5/13,06:33:29,126.8
2026/5/13,06:34:48,136.9
2026/5/13,06:37:06,147.0
2026/5/13,06:38:24,157.5
2026/5/13,06:39:43,167.8
2026/5/13,06:42:01,177.8
2026/5/13,06:43:46,187.4
2026/5/13,06:45:11,196.9
2026/5/13,06:47:16,207.3
2026/5/13,06:48:34,217.5
2026/5/13,06:50:08,227.1
2026/5/13,06:52:10,236.9
2026/5/13,06:53:30,247.4
2026/5/13,06:54:47,257.0
2026/5/13,06:57:05,266.8
2026/5/13,06:58:24,277.2
2026/5/13,06:59:42,286.3
2026/5/13,07:02:00,296.7
2026/5/13,07:03:20,306.7
2026/5/13,07:04:37,316.5
2026/5/13,07:06:56,327.1
2026/5/13,07:08:40,336.3
2026/5/13,07:30:05,296.7
2026/5/13,07:30:22,306.8
2026/5/13,07:33:55,316.5
2026/5/13,07:34:49,327.1
2026/5/13,08:17:52,96.9
2026/5/13,08:19:11,106.9
2026/5/13,08:20:29,116.9
2026/5/13,08:22:47,126.8
2026/5/13,08:24:32,136.9
2026/5/13,08:25:57,147.0
2026/5/13,08:28:06,157.5
2026/5/13,08:29:25,167.8
2026/5/13,08:30:55,177.8
2026/5/13,08:33:00,187.4
2026/5/13,08:34:20,196.9
2026/5/13,08:35:37,207.4
2026/5/13,08:37:55,217.6
2026/5/13,08:39:15,227.1
2026/5/13,08:40:32,236.9
2026/5/13,08:42:50,247.4
2026/5/13,08:44:10,256.9
2026/5/13,08:45:27,266.8
2026/5/13,08:47:46,277.2
2026/5/13,08:49:30,286.3
2026/5/13,08:50:55,296.7
2026/5/13,09:40:56,96.9
2026/5/13,09:43:03,107.0
2026/5/13,09:44:22,116.9
2026/5/13,09:45:52,126.8
2026/5/13,09:48:48,136.9
2026/5/13,09:50:08,147.0
2026/5/13,09:51:41,157.5
2026/5/13,09:54:49,167.8
2026/5/13,09:56:09,177.8
2026/5/13,09:57:41,187.4
2026/5/13,10:00:49,197.1
2026/5/13,10:02:09,207.3
2026/5/13,10:03:42,217.5
2026/5/13,10:06:50,227.0
2026/5/13,10:08:15,236.9
2026/5/13,10:09:47,247.4
2026/5/13,10:12:56,257.0
2026/5/13,10:14:17,266.9
2026/5/13,10:15:50,277.2
2026/5/13,10:18:58,286.4
2026/5/13,10:20:17,296.8
2026/5/13,10:21:50,306.8
2026/5/13,10:24:59,316.5
2026/5/13,10:26:18,327.1
2026/5/13,10:27:51,336.6
2026/5/13,16:00:34,217.6
2026/5/13,16:00:52,227.1
2026/5/13,16:04:40,236.9
2026/5/13,16:05:32,247.4
2026/5/13,17:31:54,96.9
2026/5/13,17:33:13,106.9
2026/5/13,17:35:30,116.9
2026/5/13,17:36:49,126.8
2026/5/13,17:38:07,136.9
2026/5/13,17:40:36,147.0
2026/5/13,17:42:11,157.5
2026/5/13,17:43:12,167.8
2026/5/13,17:45:44,177.9
2026/5/13,17:47:13,187.4
2026/5/13,17:48:38,197.0
2026/5/13,17:51:14,207.3
2026/5/13,17:52:33,217.5
2026/5/13,17:53:51,227.0
2026/5/13,17:56:20,236.9
2026/5/13,17:57:52,247.4
2026/5/13,17:59:18,256.9
2026/5/13,18:01:27,266.8
2026/5/13,18:02:58,277.2
2026/5/13,18:04:23,286.3
2026/5/13,18:06:31,296.7
2026/5/13,18:08:05,306.7
2026/5/13,18:09:30,316.4
2026/5/13,18:11:38,327.2
2026/5/13,18:13:10,336.6
2026/5/13,19:36:15,97.0
2026/5/13,19:37:34,106.9
2026/5/13,19:40:03,116.9
2026/5/13,19:41:34,126.8
2026/5/13,19:43:00,136.9
2026/5/13,19:45:12,147.0
2026/5/13,19:46:41,157.5
2026/5/13,19:48:06,167.8
2026/5/13,19:50:21,177.8
2026/5/13,19:51:49,187.4
2026/5/13,19:53:15,196.9
2026/5/13,19:55:29,207.3
2026/5/13,19:56:58,217.6
2026/5/13,19:58:23,227.0
2026/5/13,20:01:01,236.9
2026/5/13,20:02:20,247.4
2026/5/13,20:03:39,257.0
2026/5/13,20:06:10,266.9
2026/5/13,20:07:39,277.2
2026/5/13,20:09:05,286.3
2026/5/13,20:11:19,296.7
2026/5/13,20:12:48,306.6
2026/5/13,20:14:13,316.5
2026/5/13,20:16:28,327.1
2026/5/13,20:17:57,336.4
2026/5/13,21:23:01,296.7
2026/5/13,21:24:20,306.6
2026/5/13,21:26:38,316.4
2026/5/13,21:27:56,327.2
2026/5/13,22:13:31,97.0
2026/5/13,22:15:01,107.0
2026/5/13,22:16:27,116.9
2026/5/13,22:18:41,126.8
2026/5/13,22:20:09,136.9
2026/5/13,22:21:35,147.0
2026/5/13,22:23:51,157.5
2026/5/13,22:25:19,167.8
2026/5/13,22:26:45,177.9
2026/5/13,22:29:02,187.4
2026/5/13,22:30:28,196.9
2026/5/13,22:31:53,207.4
2026/5/13,22:34:32,217.6
2026/5/13,22:35:51,227.1
2026/5/13,22:37:09,236.9
2026/5/13,22:39:42,247.4
2026/5/13,22:41:10,256.9
2026/5/13,22:42:35,266.8
2026/5/13,22:44:51,277.2
2026/5/13,22:46:21,286.4
2026/5/13,22:47:46,296.7
2026/5/13,22:50:03,306.7
2026/5/13,22:51:29,316.4
2026/5/13,22:52:55,327.0
2026/5/13,22:55:12,336.7
2026/5/14,00:20:31,97.0
2026/5/14,00:21:50,107.0
2026/5/14,00:23:09,117.0
2026/5/14,00:25:26,136.9
2026/5/14,00:26:45,147.0
2026/5/14,00:28:03,157.5
2026/5/14,00:30:21,167.8
2026/5/14,00:31:39,177.9
2026/5/14,00:32:58,187.5
2026/5/14,00:35:14,197.0
2026/5/14,00:37:01,217.6
2026/5/14,00:38:27,227.0
2026/5/14,00:40:32,236.9
2026/5/14,00:41:51,247.4
2026/5/14,00:43:23,256.9
2026/5/14,00:45:27,277.2
2026/5/14,00:46:47,286.3
2026/5/14,00:48:04,296.7
2026/5/14,00:50:22,306.7
2026/5/14,00:51:41,327.1
2026/5/14,00:52:59,336.3
2026/5/14,01:32:05,256.8
2026/5/14,01:32:22,266.8
2026/5/14,01:35:42,277.2
2026/5/14,01:36:34,286.3
2026/5/14,02:21:27,97.0
2026/5/14,02:22:57,107.0
2026/5/14,02:24:23,116.9
2026/5/14,02:26:36,126.8
2026/5/14,02:28:06,136.9
2026/5/14,02:29:32,147.0
2026/5/14,02:31:55,157.5
2026/5/14,02:33:14,167.8
2026/5/14,02:34:42,177.9
2026/5/14,02:36:49,187.4
2026/5/14,02:38:08,197.0
2026/5/14,02:39:26,207.3
2026/5/14,02:41:44,217.6
2026/5/14,02:43:04,227.0
2026/5/14,02:44:21,236.9
2026/5/14,02:46:39,247.5
2026/5/14,02:47:58,256.8
2026/5/14,02:49:16,266.8
2026/5/14,02:51:34,277.2
2026/5/14,02:53:41,286.3
2026/5/14,02:54:44,296.7
2026/5/14,02:56:50,306.7
2026/5/14,02:58:09,316.4
2026/5/14,02:59:41,327.1
2026/5/14,03:01:45,336.3
2026/5/14,03:48:34,96.9
2026/5/14,03:48:54,107.0
2026/5/14,03:49:33,126.8
2026/5/14,03:51:37,136.9
2026/5/14,05:17:31,96.9
2026/5/14,05:18:49,107.0
2026/5/14,05:20:08,116.9
2026/5/14,05:22:26,126.8
2026/5/14,05:24:11,136.9
2026/5/14,05:25:11,147.0
2026/5/14,05:27:36,157.5
2026/5/14,05:28:54,167.8
2026/5/14,05:30:33,177.8
2026/5/14,05:32:37,187.4
2026/5/14,05:34:16,197.0
2026/5/14,05:35:13,207.3
2026/5/14,05:37:30,217.6
2026/5/14,05:38:50,227.1
2026/5/14,05:40:08,236.9
2026/5/14,05:42:26,247.4
2026/5/14,05:43:45,256.8
2026/5/14,05:45:02,266.8
2026/5/14,05:47:20,277.2
2026/5/14,05:49:04,286.3
2026/5/14,05:50:05,296.7
2026/5/14,05:52:31,306.6
2026/5/14,05:53:50,316.4
2026/5/14,05:55:26,327.1
2026/5/14,05:57:32,336.6
2026/5/14,07:22:13,96.9
2026/5/14,07:23:31,107.0
2026/5/14,07:24:50,116.9
2026/5/14,07:27:18,126.8
2026/5/14,07:28:53,136.9
2026/5/14,07:30:18,147.0
2026/5/14,07:32:39,157.5
2026/5/14,07:33:57,167.8
2026/5/14,07:35:23,177.8
2026/5/14,07:37:49,187.4
2026/5/14,07:39:18,196.9
2026/5/14,07:40:44,207.3
2026/5/14,07:42:55,217.6
2026/5/14,07:44:27,227.0
2026/5/14,07:45:52,236.9
2026/5/14,07:48:01,247.4
2026/5/14,07:49:33,256.9
2026/5/14,07:50:59,266.8
2026/5/14,07:53:07,277.2
2026/5/14,07:54:39,286.3
2026/5/14,07:56:04,296.7
2026/5/14,07:58:29,306.7
2026/5/14,07:59:48,316.4
2026/5/14,08:01:14,327.1
2026/5/14,08:03:42,336.7
2026/5/14,08:48:02,97.0
2026/5/14,08:50:30,107.0
2026/5/14,08:51:49,116.9
2026/5/14,08:53:15,126.8
2026/5/14,08:55:33,136.9
2026/5/14,08:57:13,147.0
2026/5/14,08:58:10,157.5
2026/5/14,09:00:28,167.8
2026/5/14,09:01:47,177.9
2026/5/14,09:03:05,187.6
2026/5/14,09:05:43,197.0
2026/5/14,09:06:41,207.3
2026/5/14,09:08:00,217.5
2026/5/14,09:10:16,226.9
2026/5/14,09:12:01,236.9
2026/5/14,09:13:01,247.4
2026/5/14,09:15:24,256.9
2026/5/14,09:16:44,266.8
2026/5/14,10:06:35,96.9
2026/5/14,10:08:14,107.0
2026/5/14,10:10:17,117.1
2026/5/14,10:11:59,126.8
2026/5/14,10:12:54,136.9
2026/5/14,10:15:12,147.0
2026/5/14,10:16:30,157.5
2026/5/14,10:17:49,167.8
2026/5/14,10:20:07,177.9
2026/5/14,10:21:25,187.4
2026/5/14,10:22:43,196.9
2026/5/14,10:25:01,207.3
2026/5/14,10:26:46,217.6
2026/5/14,10:27:47,227.1
2026/5/14,10:30:13,236.9
2026/5/14,10:31:32,247.4
2026/5/14,10:33:08,256.9
2026/5/14,10:35:14,266.8
2026/5/14,10:36:54,277.2
2026/5/14,10:37:52,286.3
2026/5/14,10:40:08,296.7
2026/5/14,10:41:28,306.6
2026/5/14,10:42:46,316.5
2026/5/14,10:45:03,327.1
2026/5/14,10:46:23,336.7
2026/5/14,12:58:04,96.9
2026/5/14,12:58:21,107.0
2026/5/14,13:01:42,116.9
2026/5/14,13:02:33,126.8
2026/5/14,14:26:57,97.0
2026/5/14,14:28:16,106.9
2026/5/14,14:30:33,116.9
2026/5/14,14:31:52,126.8
2026/5/14,14:33:11,136.9
2026/5/14,14:35:28,147.0
2026/5/14,14:36:47,157.5
2026/5/14,14:38:06,167.8
2026/5/14,14:40:24,177.8
2026/5/14,14:42:08,187.4
2026/5/14,14:43:34,197.1
2026/5/14,14:45:44,207.3
2026/5/14,14:47:03,217.5
2026/5/14,14:48:30,226.9
2026/5/14,14:50:39,236.9
2026/5/14,14:51:59,247.4
2026/5/14,14:53:16,256.9
2026/5/14,14:55:34,266.8
2026/5/14,14:56:54,277.3
2026/5/14,14:58:11,286.3
2026/5/14,15:00:29,296.7
2026/5/14,15:01:49,306.7
2026/5/14,15:03:06,316.5
2026/5/14,15:05:24,327.2
2026/5/14,15:07:09,336.6
2026/5/14,16:31:55,96.9
2026/5/14,16:33:13,106.9
2026/5/14,16:35:31,116.9
2026/5/14,16:36:50,126.8
2026/5/14,16:38:09,136.8
2026/5/14,16:40:46,147.0
2026/5/14,16:42:11,157.5
2026/5/14,16:43:36,167.8
2026/5/14,16:45:59,177.8
2026/5/14,16:47:27,187.3
2026/5/14,16:48:52,196.9
2026/5/14,16:51:38,207.3
2026/5/14,16:52:57,217.6
2026/5/14,16:54:15,227.0
2026/5/14,16:56:50,236.9
2026/5/14,16:58:16,247.4
2026/5/14,16:59:41,256.8
2026/5/14,17:02:01,266.8
2026/5/14,17:03:28,277.2
2026/5/14,17:04:53,286.4
2026/5/14,17:07:14,296.7
2026/5/14,17:08:39,306.7
2026/5/14,17:10:05,316.4
2026/5/14,17:12:28,327.1
2026/5/14,17:13:56,336.6
2026/5/14,18:00:49,97.0
2026/5/14,18:02:15,107.0
2026/5/14,18:04:24,117.0
2026/5/14,18:05:56,126.8
2026/5/14,18:07:21,136.9
2026/5/14,18:09:54,147.0
2026/5/14,18:11:13,157.5
2026/5/14,18:12:31,167.8
2026/5/14,18:15:02,177.8
2026/5/14,18:16:31,187.4
2026/5/14,18:17:57,197.0
2026/5/14,18:20:09,207.3
2026/5/14,18:21:39,217.5
2026/5/14,18:23:04,227.0
2026/5/14,18:25:17,236.9
2026/5/14,18:26:47,247.4
2026/5/14,18:28:12,256.9
2026/5/14,18:30:25,266.8
2026/5/14,18:31:55,277.2
2026/5/14,18:33:20,286.3
2026/5/14,18:35:58,296.7
2026/5/14,18:37:17,306.7
2026/5/14,18:38:36,316.4
2026/5/14,18:41:06,327.1
2026/5/14,18:42:37,336.3
2026/5/14,20:08:51,96.9
2026/5/14,20:10:16,106.9
2026/5/14,20:12:26,116.9
2026/5/14,20:13:59,126.8
2026/5/14,20:15:25,136.9
2026/5/14,20:17:44,147.0
2026/5/14,20:19:03,157.5
2026/5/14,20:20:32,167.8
2026/5/14,20:22:39,177.8
2026/5/14,20:23:59,187.4
2026/5/14,20:25:15,196.9
2026/5/14,20:27:33,207.3
2026/5/14,20:28:53,217.6
2026/5/14,20:30:10,227.1
2026/5/14,20:32:28,236.9
2026/5/14,20:33:48,247.5
2026/5/14,20:35:05,256.9
2026/5/14,20:37:23,266.8
2026/5/14,20:39:08,277.3
2026/5/14,20:40:34,286.4
2026/5/14,20:42:41,296.7
2026/5/14,20:44:00,306.7
2026/5/14,20:45:31,316.4
2026/5/14,20:47:36,327.1
2026/5/14,20:48:56,336.4
2026/5/14,22:13:43,97.0
2026/5/14,22:15:02,106.9
2026/5/14,22:17:21,116.9
2026/5/14,22:19:04,126.7
2026/5/14,22:20:29,136.9
2026/5/14,22:22:54,147.0
2026/5/14,22:24:13,157.5
2026/5/14,22:25:31,167.8
2026/5/14,22:28:03,177.8
2026/5/14,22:29:30,187.4
2026/5/14,22:31:22,196.9
2026/5/14,22:33:11,207.3
2026/5/14,22:34:39,217.5
2026/5/14,22:36:05,227.0
2026/5/14,22:38:20,236.9
2026/5/14,22:39:49,247.4
2026/5/14,22:41:14,256.8
2026/5/14,22:43:30,266.8
2026/5/14,22:44:59,277.2
2026/5/14,22:46:24,286.4
2026/5/14,22:49:03,296.8
2026/5/14,22:50:22,306.8
2026/5/14,22:51:40,316.5
2026/5/14,22:54:12,327.2
2026/5/14,22:55:41,336.3
2026/5/14,23:23:35,97.0
2026/5/14,23:23:52,107.0
2026/5/14,23:27:05,136.8
2026/5/14,23:27:55,147.0
2026/5/15,00:12:19,96.9
2026/5/15,00:13:53,106.9
2026/5/15,00:15:18,116.9
2026/5/15,00:17:23,126.8
2026/5/15,00:18:57,136.9
2026/5/15,00:20:22,147.0
2026/5/15,00:22:40,157.5
2026/5/15,00:23:59,167.8
2026/5/15,00:25:28,177.8
2026/5/15,00:27:35,187.4
2026/5/15,00:28:54,196.9
2026/5/15,00:30:11,207.3
2026/5/15,00:32:29,217.5
2026/5/15,00:33:49,227.1
2026/5/15,00:35:07,236.9
2026/5/15,00:37:24,247.4
2026/5/15,00:38:44,256.8
2026/5/15,00:40:01,266.8
2026/5/15,00:42:19,277.2
2026/5/15,00:44:03,286.4
2026/5/15,00:45:29,296.7
2026/5/15,00:47:39,306.7
2026/5/15,00:48:58,316.4
2026/5/15,00:50:26,327.0
2026/5/15,00:52:35,336.3
2026/5/15,02:13:21,96.9
2026/5/15,02:15:34,106.9
2026/5/15,02:17:24,116.9
2026/5/15,02:18:28,126.8
2026/5/15,02:20:29,136.9
2026/5/15,02:21:47,147.0
2026/5/15,02:23:06,157.5
2026/5/15,02:25:23,167.8
2026/5/15,02:27:08,177.8
2026/5/15,02:28:53,187.3
2026/5/15,02:30:44,197.0
2026/5/15,02:32:03,207.3
2026/5/15,02:33:29,217.5
2026/5/15,02:35:39,227.1
2026/5/15,02:36:59,236.9
2026/5/15,02:38:16,247.4
2026/5/15,02:40:34,257.0
2026/5/15,02:41:54,266.8
2026/5/15,02:43:12,277.2
2026/5/15,02:45:30,286.3
2026/5/15,02:46:50,296.7
2026/5/15,02:48:08,306.8
2026/5/15,02:50:26,316.4
2026/5/15,02:52:09,327.1
2026/5/15,02:53:34,336.3
2026/5/15,04:18:20,96.9
2026/5/15,04:20:38,106.9
2026/5/15,04:21:57,116.9
2026/5/15,04:23:16,126.8
2026/5/15,04:25:34,136.9
2026/5/15,04:26:53,147.0
2026/5/15,04:28:12,157.5
2026/5/15,04:30:30,167.8
2026/5/15,04:32:13,177.8
2026/5/15,04:33:37,187.3
2026/5/15,04:35:46,196.9
2026/5/15,04:37:06,207.3
2026/5/15,04:38:34,217.5
2026/5/15,04:40:42,227.1
2026/5/15,04:42:02,236.9
2026/5/15,04:43:20,247.4
2026/5/15,04:45:38,257.0
2026/5/15,04:46:58,266.8
2026/5/15,04:48:15,277.3
2026/5/15,04:50:33,286.3
2026/5/15,04:51:53,296.7
2026/5/15,04:53:11,306.7
2026/5/15,04:55:28,316.4
2026/5/15,04:57:12,327.1
2026/5/15,04:58:38,336.3
2026/5/15,06:23:21,96.9
2026/5/15,06:25:39,107.0
2026/5/15,06:26:58,116.9
2026/5/15,06:28:17,126.8
2026/5/15,06:30:34,136.8
2026/5/15,06:31:53,147.0
2026/5/15,06:33:12,157.5
2026/5/15,06:35:30,167.8
2026/5/15,06:37:13,177.8
2026/5/15,06:38:37,187.4
2026/5/15,06:40:46,197.0
2026/5/15,06:42:06,207.3
2026/5/15,06:43:34,217.6
2026/5/15,06:45:42,227.0
2026/5/15,06:47:02,236.9
2026/5/15,06:48:19,247.4
2026/5/15,06:50:37,256.9
2026/5/15,06:51:58,266.8
2026/5/15,06:53:15,277.2
2026/5/15,06:55:33,286.3
2026/5/15,06:56:53,296.7
2026/5/15,06:58:11,306.6
2026/5/15,07:00:29,316.4
2026/5/15,07:02:12,327.2
2026/5/15,07:03:38,336.4
2026/5/15,19:32:50,96.9
2026/5/15,19:33:07,107.0
2026/5/15,19:37:51,116.9
2026/5/15,19:38:28,126.8
2026/5/15,20:20:01,97.0
2026/5/15,20:21:21,107.0
2026/5/15,20:22:49,117.0
2026/5/15,20:24:12,126.8
2026/5/15,20:25:40,136.9
2026/5/15,20:27:00,147.0
2026/5/15,20:28:23,157.5
2026/5/15,20:29:47,167.8
2026/5/15,22:48:38,217.6
2026/5/16,00:53:26,96.9
2026/5/16,03:31:06,217.5
2026/5/16,03:31:23,227.1
2026/5/16,03:34:50,236.9
2026/5/16,03:35:43,247.4
2026/5/16,05:40:36,256.8
2026/5/16,05:40:54,266.8
2026/5/16,05:44:39,277.3
2026/5/16,05:45:32,286.2
2026/5/16,06:24:04,256.7
2026/5/16,06:24:29,266.8
2026/5/16,06:25:02,277.3
2026/5/16,06:26:26,286.3
2026/5/16,07:34:57,97.0
2026/5/16,07:36:21,107.0
2026/5/16,07:37:45,116.9
2026/5/16,07:39:09,126.8
2026/5/16,07:40:33,136.9
2026/5/16,07:41:57,147.0
2026/5/16,07:43:21,157.5
2026/5/16,07:44:45,167.8
2026/5/16,07:46:09,177.8
2026/5/16,07:47:33,187.3
2026/5/16,07:48:57,197.0
2026/5/16,07:50:21,207.3
2026/5/16,07:51:43,217.6
2026/5/16,07:53:07,227.0
2026/5/16,07:54:31,236.9
2026/5/16,07:55:56,247.4
2026/5/16,07:57:19,256.8
2026/5/16,07:58:43,266.8
2026/5/16,08:00:07,277.3
2026/5/16,08:01:31,286.3
2026/5/16,08:02:55,296.7
2026/5/16,08:04:19,306.6
2026/5/16,08:05:43,316.5
2026/5/16,08:07:07,327.1
2026/5/16,08:08:31,336.7
2026/5/16,09:19:50,97.0
2026/5/16,09:21:14,107.0
2026/5/16,09:22:38,116.9
2026/5/16,09:24:02,126.9
2026/5/16,09:25:26,136.8
2026/5/16,09:26:50,147.0
2026/5/16,09:28:14,157.5
2026/5/16,09:29:38,167.8
2026/5/16,09:31:02,177.9
2026/5/16,09:32:26,187.4
2026/5/16,09:33:50,196.9
2026/5/16,09:35:14,207.3
2026/5/16,09:36:57,217.5
2026/5/16,09:38:00,227.0
2026/5/16,09:39:23,236.9
2026/5/16,09:40:47,247.5
2026/5/16,09:42:11,257.0
2026/5/16,09:43:35,266.9
2026/5/16,09:44:59,277.2
2026/5/16,09:46:23,286.3
2026/5/16,09:47:47,296.7
2026/5/16,09:49:11,306.7
2026/5/16,09:50:35,316.4
2026/5/16,09:51:59,327.1
2026/5/16,09:53:23,336.6
2026/5/16,11:04:42,117.0
2026/5/16,11:06:06,126.8
2026/5/16,11:07:29,136.8
2026/5/16,11:08:54,147.0
2026/5/16,11:10:17,157.5
2026/5/16,11:11:42,167.8
2026/5/16,11:13:06,177.9
2026/5/16,11:14:30,196.9
2026/5/16,11:15:54,207.3
2026/5/16,11:17:18,217.5
2026/5/16,11:18:42,227.1
2026/5/16,11:20:06,236.9
2026/5/16,11:21:28,247.5
2026/5/16,11:22:52,256.9
2026/5/16,11:24:15,266.8
2026/5/16,11:25:39,277.2
2026/5/16,11:27:03,286.3
2026/5/16,11:28:28,296.7
2026/5/16,11:29:51,316.4
2026/5/16,11:31:15,327.1
2026/5/16,11:32:39,336.5
2026/5/16,12:09:02,97.0
2026/5/16,12:10:26,107.0
2026/5/16,12:11:50,116.9
2026/5/16,12:13:14,126.8
2026/5/16,12:14:38,136.9
2026/5/16,12:16:02,147.0
2026/5/16,12:17:26,157.5
2026/5/16,12:18:50,167.8
2026/5/16,12:20:14,177.9
2026/5/16,12:21:38,187.3
2026/5/16,12:23:02,196.9
2026/5/16,12:24:26,207.3
2026/5/16,12:25:48,217.5
2026/5/16,12:27:12,226.8
2026/5/16,12:28:36,236.9
2026/5/16,12:30:00,247.4
2026/5/16,12:31:23,257.0
2026/5/16,12:32:48,266.8
2026/5/16,12:34:11,277.2
2026/5/16,12:35:35,286.3
2026/5/16,12:36:59,296.7
2026/5/16,12:38:23,306.7
2026/5/16,12:39:47,316.4
2026/5/16,12:41:11,327.1
2026/5/16,12:42:35,336.3
2026/5/16,13:31:44,97.0
2026/5/16,13:33:02,106.9
2026/5/16,13:33:46,117.0
2026/5/16,13:34:38,126.8
2026/5/16,13:36:01,136.9
2026/5/16,13:37:19,147.0
2026/5/16,13:38:48,157.5
2026/5/16,13:40:07,167.8
2026/5/16,13:41:28,177.9
2026/5/16,13:42:47,187.5
2026/5/16,13:44:06,196.9
2026/5/16,13:45:25,207.3
2026/5/16,13:46:46,217.5
2026/5/16,13:48:04,227.1
2026/5/16,13:49:23,236.9
2026/5/16,13:50:49,247.4
2026/5/16,13:52:16,256.9
2026/5/16,13:53:35,266.8
2026/5/16,13:54:55,277.2
2026/5/16,13:56:14,286.3
2026/5/16,13:57:34,296.7
2026/5/16,13:59:01,306.7
2026/5/16,14:00:20,316.4
2026/5/16,14:01:39,327.1
2026/5/16,14:03:00,336.4
2026/5/16,15:14:15,97.0
2026/5/16,15:15:39,107.0
2026/5/16,15:17:03,116.9
2026/5/16,15:18:27,126.8
2026/5/16,15:19:51,136.9
2026/5/16,15:21:15,147.0
2026/5/16,15:22:38,157.5
2026/5/16,15:24:03,167.8
2026/5/16,15:25:26,177.9
2026/5/16,15:26:50,187.4
2026/5/16,15:28:14,197.0
2026/5/16,15:29:38,207.3
2026/5/16,15:31:00,217.6
2026/5/16,15:32:24,226.9
2026/5/16,15:33:48,236.9
2026/5/16,15:35:12,247.4
2026/5/16,15:36:38,256.7
2026/5/16,15:37:59,266.8
2026/5/16,15:39:23,277.2
2026/5/16,15:40:47,286.3
2026/5/16,15:42:11,296.7
2026/5/16,15:43:35,306.7
2026/5/16,15:44:59,316.4
2026/5/16,15:46:23,327.1
2026/5/16,15:47:47,336.7
2026/5/16,16:59:06,96.9
2026/5/16,17:00:30,106.9
2026/5/16,17:01:54,116.9
2026/5/16,17:03:18,126.8
2026/5/16,17:04:42,136.8
2026/5/16,17:06:06,147.0
2026/5/16,17:07:30,157.5
2026/5/16,17:08:54,167.8
2026/5/16,17:10:18,177.8
2026/5/16,17:11:42,187.3
2026/5/16,17:13:06,196.9
2026/5/16,17:14:30,207.3
2026/5/16,17:15:52,217.5
2026/5/16,17:17:16,227.1
2026/5/16,17:18:40,236.9
2026/5/16,17:20:04,247.4
2026/5/16,17:21:28,256.9
2026/5/16,17:22:51,266.8
2026/5/16,17:24:15,277.2
2026/5/16,17:25:40,286.3
2026/5/16,17:27:03,296.7
2026/5/16,17:28:27,306.6
2026/5/16,17:29:51,316.4
2026/5/16,17:31:15,327.1
2026/5/16,17:32:39,336.3
2026/5/16,18:43:59,97.0
2026/5/16,18:45:23,107.0
2026/5/16,18:46:47,116.9
2026/5/16,18:48:11,126.8
2026/5/16,18:49:35,136.9
2026/5/16,18:51:00,147.0
2026/5/16,18:52:24,157.5
2026/5/16,18:53:48,167.8
2026/5/16,18:55:12,177.9
2026/5/16,18:56:36,187.4
2026/5/16,18:58:00,196.9
2026/5/16,18:59:24,207.3
2026/5/16,19:00:46,217.5
2026/5/16,19:02:10,227.1
2026/5/16,19:03:34,236.9
2026/5/16,19:04:58,247.5
2026/5/16,19:06:22,256.8
2026/5/16,19:07:46,266.8
2026/5/16,19:09:10,277.2
2026/5/16,19:10:34,286.3
2026/5/16,19:11:57,296.7
2026/5/16,19:13:21,306.7
2026/5/16,19:14:45,316.4
2026/5/16,19:16:09,327.1
2026/5/16,19:17:33,336.7
2026/5/16,23:10:36,136.9
2026/5/16,23:10:53,147.0
2026/5/16,23:14:11,157.5
2026/5/16,23:15:02,167.8
2026/5/17,01:08:37,296.7
2026/5/17,01:08:55,306.6
2026/5/17,01:12:07,316.4
2026/5/17,01:12:59,327.1
2026/5/17,02:09:54,97.0
2026/5/17,02:10:54,107.0
2026/5/17,02:12:26,117.0
2026/5/17,02:13:44,126.8
2026/5/17,02:15:03,136.8
2026/5/17,02:16:22,147.0
2026/5/17,02:17:42,157.5
2026/5/17,02:19:09,167.8
2026/5/17,02:20:33,177.8
2026/5/17,02:21:57,187.5
2026/5/17,02:23:21,196.9
2026/5/17,02:24:17,207.3
2026/5/17,02:25:36,217.5
2026/5/17,02:26:55,227.0
2026/5/17,02:28:15,236.9
2026/5/17,02:29:34,247.5
2026/5/17,02:30:53,257.0
2026/5/17,02:32:11,266.8
2026/5/17,02:33:32,277.3
2026/5/17,02:34:59,286.3
2026/5/17,02:36:26,296.7
2026/5/17,02:37:51,306.6
2026/5/17,02:39:20,316.4
2026/5/17,02:40:39,327.1
2026/5/17,02:41:58,336.4
2026/5/17,03:52:50,96.9
2026/5/17,03:54:14,107.0
2026/5/17,03:55:38,116.9
2026/5/17,03:57:02,126.8
2026/5/17,03:58:26,136.9
2026/5/17,03:59:50,147.0
2026/5/17,04:01:14,157.5
2026/5/17,04:02:38,167.8
2026/5/17,04:04:02,177.8
2026/5/17,04:05:26,187.4
2026/5/17,04:06:50,197.0
2026/5/17,04:08:14,207.3
2026/5/17,04:09:36,217.5
2026/5/17,04:10:59,226.9
2026/5/17,04:12:23,236.9
2026/5/17,04:13:47,247.5
2026/5/17,04:15:11,257.0
2026/5/17,04:16:35,266.8
2026/5/17,04:17:59,277.2
2026/5/17,04:19:23,286.3
2026/5/17,04:20:47,296.7
2026/5/17,04:22:11,306.8
2026/5/17,04:23:35,316.4
2026/5/17,04:24:59,327.1
2026/5/17,04:26:23,336.7
2026/5/17,05:46:06,136.9
2026/5/17,05:46:23,147.0
2026/5/17,05:49:42,157.5
2026/5/17,05:50:35,167.8
2026/5/17,07:25:05,266.7
2026/5/17,07:25:22,277.2
2026/5/17,07:28:36,286.3
2026/5/17,07:29:27,296.7
2026/5/17,08:03:37,97.0
2026/5/17,08:04:58,107.0
2026/5/17,08:06:16,117.0
2026/5/17,08:07:35,126.8
2026/5/17,08:08:56,136.8
2026/5/17,08:10:20,147.0
2026/5/17,08:11:44,157.5
2026/5/17,08:13:08,167.8
2026/5/17,08:14:32,177.9
2026/5/17,08:15:56,187.7
2026/5/17,08:17:20,196.9
2026/5/17,08:18:44,207.3
2026/5/17,08:20:07,217.6
2026/5/17,08:21:30,226.8
2026/5/17,08:22:54,236.9
2026/5/17,08:24:18,247.5
2026/5/17,08:25:42,257.0
2026/5/17,08:27:10,266.8
2026/5/17,08:28:30,277.2
2026/5/17,08:29:54,286.3
2026/5/17,08:31:17,296.7
2026/5/17,08:32:41,306.7
2026/5/17,08:34:05,316.5
2026/5/17,08:35:29,327.1
2026/5/17,08:36:53,336.6
2026/5/17,09:09:06,177.9
2026/5/17,09:09:23,187.4
2026/5/17,09:13:43,196.9
2026/5/17,09:14:35,207.3
2026/5/17,09:43:25,97.0
2026/5/17,09:44:54,107.0
2026/5/17,09:46:13,116.9
2026/5/17,09:47:32,126.8
2026/5/17,09:48:51,136.9
2026/5/17,09:50:11,147.0
2026/5/17,09:51:30,157.5
2026/5/17,09:52:49,167.8
2026/5/17,09:54:07,177.9
2026/5/17,09:55:28,187.4
2026/5/17,09:56:51,196.9
2026/5/17,09:58:15,207.3
2026/5/17,09:59:37,217.5
2026/5/17,10:01:01,227.0
2026/5/17,10:02:25,236.9
2026/5/17,10:03:49,247.4
2026/5/17,10:05:13,256.8
2026/5/17,10:06:36,266.8
2026/5/17,10:08:00,277.2
2026/5/17,10:09:24,286.4
2026/5/17,10:10:48,296.7
2026/5/17,10:12:12,306.7
2026/5/17,10:13:36,316.4
2026/5/17,10:15:00,327.1
2026/5/17,10:16:24,336.5
2026/5/17,11:52:13,97.0
2026/5/17,11:53:14,107.0
2026/5/17,11:54:44,116.9
2026/5/17,11:56:03,126.8
2026/5/17,11:57:22,136.9
2026/5/17,11:58:40,147.0
2026/5/17,12:00:00,157.5
2026/5/17,12:01:27,167.8
2026/5/17,12:02:51,177.8
2026/5/17,12:04:05,187.4
2026/5/17,12:05:17,196.9
2026/5/17,12:06:36,207.3
2026/5/17,12:07:54,217.5
2026/5/17,12:09:13,227.1
2026/5/17,12:10:33,236.9
2026/5/17,12:11:52,247.4
2026/5/17,12:13:11,256.9
2026/5/17,12:14:30,266.8
2026/5/17,12:15:50,277.2
2026/5/17,12:17:17,286.3
2026/5/17,12:18:42,296.7
2026/5/17,12:20:06,306.6
2026/5/17,12:21:35,316.4
2026/5/17,12:22:54,327.1
2026/5/17,12:24:13,336.7
2026/5/17,13:23:28,97.0
2026/5/17,13:24:46,107.0
2026/5/17,13:26:07,117.0
2026/5/17,13:27:33,126.8
2026/5/17,13:28:58,136.9
2026/5/17,13:30:21,147.0
2026/5/17,13:31:45,157.5
2026/5/17,13:32:42,167.8
2026/5/17,13:34:01,177.9
2026/5/17,13:35:20,187.6
2026/5/17,13:36:41,197.0
2026/5/17,13:37:59,207.3
2026/5/17,13:39:18,217.5
2026/5/17,13:40:36,226.8
2026/5/17,13:41:57,236.9
2026/5/17,13:43:24,247.5
2026/5/17,13:44:51,257.0
2026/5/17,13:46:16,266.8
2026/5/17,13:47:45,277.2
2026/5/17,13:49:03,286.3
2026/5/17,13:50:22,296.7
2026/5/17,13:51:41,306.7
2026/5/17,13:53:02,316.4
2026/5/17,13:54:20,327.1
2026/5/17,13:55:40,336.6
2026/5/17,14:53:36,147.0
2026/5/17,14:53:53,157.5
2026/5/17,14:57:40,167.8
2026/5/17,14:58:34,177.9
2026/5/17,15:42:15,97.0
2026/5/17,15:42:49,107.0
2026/5/17,15:44:17,116.9
2026/5/17,15:45:36,126.8
2026/5/17,15:46:55,136.8
2026/5/17,15:48:13,147.0
2026/5/17,15:49:33,157.5
2026/5/17,15:51:00,167.8
2026/5/17,15:52:19,177.8
2026/5/17,15:53:38,187.4
2026/5/17,15:54:59,197.0
2026/5/17,15:56:18,207.3
2026/5/17,15:57:45,217.6
2026/5/17,15:59:08,227.1
2026/5/17,16:00:39,236.9
2026/5/17,16:01:58,247.4
2026/5/17,16:03:16,256.9
2026/5/17,16:04:35,266.8
2026/5/17,16:05:55,277.2
2026/5/17,16:07:14,286.3
2026/5/17,16:08:33,296.7
2026/5/17,16:09:52,306.7
2026/5/17,16:11:13,316.4
2026/5/17,16:12:32,327.1
2026/5/17,16:13:51,336.5
2026/5/17,17:25:07,97.0
2026/5/17,17:26:31,106.9
2026/5/17,17:27:55,116.9
2026/5/17,17:29:19,126.7
2026/5/17,17:30:43,136.9
2026/5/17,17:32:06,147.0
2026/5/17,17:33:30,157.5
2026/5/17,17:35:35,167.8
2026/5/17,17:36:19,177.8
2026/5/17,17:37:42,187.4
2026/5/17,17:39:07,197.0
2026/5/17,17:40:31,207.3
2026/5/17,17:41:54,217.6
2026/5/17,17:43:17,227.1
2026/5/17,17:44:41,236.9
2026/5/17,17:46:05,247.4
2026/5/17,17:47:29,257.0
2026/5/17,17:48:53,266.8
2026/5/17,17:50:17,277.3
2026/5/17,17:53:17,286.3
2026/5/17,17:53:34,296.7
2026/5/17,17:54:32,306.6
2026/5/17,17:55:56,316.4
2026/5/17,17:57:20,327.1
2026/5/17,17:58:44,336.4
2026/5/17,19:10:39,97.0
2026/5/17,19:12:00,107.0
2026/5/17,19:13:19,117.0
2026/5/17,19:14:38,126.8
2026/5/17,19:15:56,136.9
2026/5/17,19:17:17,147.0
2026/5/17,19:18:39,157.5
2026/5/17,19:20:03,167.8
2026/5/17,19:21:27,177.9
2026/5/17,19:22:51,187.5
2026/5/17,19:24:15,196.9
2026/5/17,19:25:39,207.3
2026/5/17,19:27:01,217.5
2026/5/17,19:28:25,227.0
2026/5/17,19:29:49,236.9
2026/5/17,19:31:13,247.3
2026/5/17,19:32:37,256.9
2026/5/17,19:34:01,266.8
2026/5/17,19:35:25,277.3
2026/5/17,19:36:48,286.3
2026/5/17,19:38:12,296.7
2026/5/17,19:39:36,306.7
2026/5/17,19:41:00,316.4
2026/5/17,19:42:24,327.1
2026/5/17,19:43:48,336.4
2026/5/17,20:55:08,96.9
2026/5/17,20:56:32,107.0
2026/5/17,20:57:58,117.0
2026/5/17,23:02:08,286.3
2026/5/17,23:02:25,296.7
2026/5/17,23:06:39,306.6
2026/5/17,23:07:31,316.4
2026/5/18,01:00:36,147.0
2026/5/18,01:00:52,157.5
2026/5/18,01:04:17,167.8
2026/5/18,01:05:08,177.9
2026/5/18,01:39:21,97.0
2026/5/18,01:40:41,107.0
2026/5/18,01:42:00,116.9
2026/5/18,01:43:19,126.8
2026/5/18,01:44:38,136.8
2026/5/18,01:46:03,147.0
2026/5/18,01:47:26,157.5
2026/5/18,01:48:51,167.8
2026/5/18,01:50:14,177.9
2026/5/18,01:51:38,187.5
2026/5/18,01:53:24,196.9
2026/5/18,01:54:27,207.3
2026/5/18,01:55:48,217.6
2026/5/18,01:57:12,227.0
2026/5/18,01:58:36,236.9
2026/5/18,02:00:00,247.4
2026/5/18,02:01:24,256.9
2026/5/18,02:02:51,266.8
2026/5/18,02:04:12,277.3
2026/5/18,02:05:36,286.3
2026/5/18,02:07:00,296.7
2026/5/18,02:08:24,306.7
2026/5/18,02:09:48,316.4
2026/5/18,02:11:12,327.1
2026/5/18,02:12:36,336.6
2026/5/18,03:23:54,97.0
2026/5/18,03:25:18,107.0
2026/5/18,03:26:41,116.9
2026/5/18,03:28:05,126.8
2026/5/18,03:29:29,136.8
2026/5/18,03:30:53,147.0
2026/5/18,03:32:17,157.5
2026/5/18,03:33:42,167.8
2026/5/18,03:35:05,177.9
2026/5/18,03:36:29,187.4
2026/5/18,03:37:54,196.9
2026/5/18,03:39:17,207.3
2026/5/18,03:40:40,217.5
2026/5/18,03:42:24,227.1
2026/5/18,03:43:27,236.9
2026/5/18,03:44:51,247.4
2026/5/18,03:46:15,256.8
2026/5/18,03:47:39,266.8
2026/5/18,03:49:03,277.2
2026/5/18,03:50:49,286.3
2026/5/18,03:51:51,296.7
2026/5/18,03:53:15,306.7
2026/5/18,03:54:39,316.4
2026/5/18,03:56:03,327.1
2026/5/18,03:57:27,336.3
2026/5/18,05:08:46,207.3
2026/5/18,05:10:10,217.5
2026/5/18,05:11:34,227.1
2026/5/18,05:12:58,236.9
2026/5/18,06:24:18,96.9
2026/5/18,06:25:42,106.9
2026/5/18,06:27:06,116.9
2026/5/18,06:28:30,126.8
2026/5/18,06:29:54,136.9
2026/5/18,06:31:18,147.0
2026/5/18,06:32:42,157.5
2026/5/18,06:34:06,167.8
2026/5/18,06:35:30,177.8
2026/5/18,06:36:54,187.4
2026/5/18,06:38:18,196.9
2026/5/18,06:39:42,207.3
2026/5/18,06:41:04,217.5
2026/5/18,06:42:31,227.1
2026/5/18,06:44:14,236.9
2026/5/18,06:45:16,247.4
2026/5/18,06:46:40,256.8
2026/5/18,06:48:04,266.8
2026/5/18,06:49:28,277.2
2026/5/18,06:50:52,286.3
2026/5/18,06:52:16,296.7
2026/5/18,06:53:39,306.7
2026/5/18,06:55:04,316.4
2026/5/18,06:56:28,327.1
2026/5/18,06:57:52,336.7
2026/5/18,08:09:11,247.4
2026/5/18,08:10:35,256.8
2026/5/18,08:11:59,266.8
2026/5/18,08:13:23,277.2
2026/5/18,09:39:08,247.5
2026/5/18,09:39:25,256.9
2026/5/18,09:42:41,266.7
2026/5/18,09:43:32,277.2
2026/5/18,10:33:04,97.0
2026/5/18,10:34:04,106.9
2026/5/18,10:35:36,116.9
2026/5/18,10:36:54,126.8
2026/5/18,10:38:13,136.8
2026/5/18,10:39:32,147.0
2026/5/18,10:40:54,157.5
2026/5/18,10:42:18,167.8
2026/5/18,10:43:42,177.8
2026/5/18,10:45:06,187.3
2026/5/18,10:46:29,197.0
2026/5/18,10:47:53,207.3
2026/5/18,10:48:52,217.6
2026/5/18,10:50:10,227.0
2026/5/18,10:51:32,236.9
2026/5/18,10:52:51,247.4
2026/5/18,10:54:10,256.8
2026/5/18,10:55:29,266.8
2026/5/18,10:56:51,277.2
2026/5/18,10:58:19,286.3
2026/5/18,10:59:47,296.7
2026/5/18,11:01:12,306.6
2026/5/18,11:02:41,316.4
2026/5/18,11:04:00,327.1
2026/5/18,11:05:20,336.5
2026/5/18,11:45:08,286.3
2026/5/18,11:45:25,296.7
2026/5/18,11:49:25,306.8
2026/5/18,11:50:15,316.5
2026/5/18,12:24:31,97.0
2026/5/18,12:25:51,107.0
2026/5/18,12:27:10,116.9
2026/5/18,12:28:29,126.8
2026/5/18,12:29:48,136.8
2026/5/18,12:31:09,147.0
2026/5/18,12:32:33,157.5
2026/5/18,12:33:57,167.7
2026/5/18,12:35:21,177.9
2026/5/18,12:36:45,187.4
2026/5/18,12:38:09,196.9
2026/5/18,12:39:34,207.3
2026/5/18,12:40:56,217.6
2026/5/18,12:42:20,227.1
2026/5/18,12:43:43,236.9
2026/5/18,12:45:07,247.4
2026/5/18,12:46:31,257.0
2026/5/18,12:47:58,266.9
2026/5/18,12:49:19,277.2
2026/5/18,12:50:43,286.4
2026/5/18,12:52:07,296.7
2026/5/18,12:53:31,306.6
2026/5/18,12:54:55,316.4
2026/5/18,12:56:19,327.1
2026/5/18,12:57:42,336.7
2026/5/18,14:09:04,96.9
2026/5/18,14:10:28,107.0
2026/5/18,14:11:54,116.9
2026/5/18,14:13:16,126.8
2026/5/18,14:14:40,136.9
2026/5/18,14:16:04,147.0
2026/5/18,14:17:28,157.5
2026/5/18,14:18:52,167.8
2026/5/18,14:20:16,177.9
2026/5/18,14:21:40,187.4
2026/5/18,14:23:04,197.0
2026/5/18,14:24:27,207.3
2026/5/18,14:25:49,217.6
2026/5/18,14:27:13,227.0
2026/5/18,14:28:37,236.9
2026/5/18,14:30:02,247.4
2026/5/18,14:31:25,256.8
2026/5/18,14:32:49,266.9
2026/5/18,14:34:13,277.2
2026/5/18,14:35:37,286.3
2026/5/18,14:37:01,296.7
2026/5/18,14:38:26,306.7
2026/5/18,14:39:49,316.4
2026/5/18,14:41:13,327.1
2026/5/18,14:42:37,336.7
2026/5/18,15:53:56,97.0
2026/5/18,15:55:20,107.0
2026/5/18,15:56:44,116.9
2026/5/18,15:58:08,126.8
2026/5/18,15:59:32,136.8
2026/5/18,16:00:56,147.0
2026/5/18,16:02:20,157.5
2026/5/18,16:03:44,167.8
2026/5/18,16:05:08,177.8
2026/5/18,16:06:32,187.5
2026/5/18,16:07:56,196.9
2026/5/18,16:09:20,207.3
2026/5/18,16:10:42,217.5
2026/5/18,16:12:06,226.9
2026/5/18,16:13:30,236.9
2026/5/18,16:14:54,247.4
2026/5/18,16:16:17,256.9
2026/5/18,16:17:41,266.8
2026/5/18,16:19:05,277.3
2026/5/18,16:20:29,286.2
2026/5/18,16:21:53,296.7
2026/5/18,16:23:17,306.7
2026/5/18,16:24:41,316.4
2026/5/18,16:26:05,327.1
2026/5/18,16:27:29,336.7
2026/5/18,17:38:50,96.9
2026/5/18,17:40:14,107.0
2026/5/18,17:41:39,116.9
2026/5/18,17:43:03,126.8
2026/5/18,17:44:26,136.8
2026/5/18,17:45:50,147.0
2026/5/18,17:47:15,157.5
2026/5/18,17:48:39,167.8
2026/5/18,17:50:03,177.9
2026/5/18,17:51:26,187.4
2026/5/18,17:52:51,197.0
2026/5/18,17:54:15,207.3
2026/5/18,17:55:39,217.6
2026/5/18,17:57:00,227.1
2026/5/18,17:58:24,236.9
2026/5/18,17:59:48,247.4
2026/5/18,18:01:12,257.0
2026/5/18,18:02:36,266.8
2026/5/18,18:04:00,277.3
2026/5/18,18:05:24,286.3
2026/5/18,18:06:48,296.7
2026/5/18,18:08:12,306.8
2026/5/18,18:09:36,316.5
2026/5/18,18:11:00,327.1
2026/5/18,18:12:24,336.3
2026/5/18,19:23:42,97.0
2026/5/18,19:25:06,107.0
2026/5/18,19:26:30,117.0
2026/5/18,19:27:54,126.7
2026/5/18,19:29:18,136.9
2026/5/18,19:30:42,147.0
2026/5/18,19:32:05,157.5
2026/5/18,19:33:29,167.8
2026/5/18,19:34:54,177.8
2026/5/18,19:36:18,187.4
2026/5/18,19:37:42,197.0
2026/5/18,19:39:06,207.3
2026/5/18,19:40:28,217.5
2026/5/18,19:41:52,226.8
2026/5/18,19:43:16,236.9
2026/5/18,19:44:40,247.4
2026/5/18,19:46:04,256.8
2026/5/18,19:47:28,266.8
2026/5/18,19:48:51,277.2
2026/5/18,19:50:16,286.3
2026/5/18,19:51:39,296.7
2026/5/18,19:53:03,306.7
2026/5/18,19:54:27,316.4
2026/5/18,19:55:51,327.1
2026/5/18,19:57:15,336.7
2026/5/18,21:08:33,97.0
2026/5/18,21:09:57,107.0
2026/5/18,21:11:23,116.9
2026/5/18,21:12:45,126.8
2026/5/18,21:14:09,136.8
2026/5/18,21:15:34,147.0
2026/5/18,21:16:57,157.5
2026/5/18,21:18:21,167.8
2026/5/18,21:19:45,177.8
2026/5/18,21:21:09,187.6
2026/5/18,21:22:33,196.9
2026/5/18,21:23:57,207.3
2026/5/18,21:25:19,217.5
2026/5/18,21:26:43,226.8
2026/5/18,21:28:07,236.9
2026/5/18,21:29:31,247.4
2026/5/18,21:30:55,256.9
2026/5/18,21:32:19,266.8
2026/5/18,21:33:43,277.2
2026/5/18,21:35:07,286.3
2026/5/18,21:36:31,296.7
2026/5/18,21:37:55,306.7
2026/5/18,21:39:21,316.4
2026/5/18,21:40:42,327.1
2026/5/18,21:42:06,336.6
2026/5/18,23:32:37,136.9
2026/5/18,23:32:54,147.0
2026/5/18,23:36:36,157.5
2026/5/18,23:37:26,167.8
2026/5/19,00:00:19,96.9
2026/5/19,00:01:20,107.0
2026/5/19,00:02:52,116.9
2026/5/19,00:04:10,126.8
2026/5/19,00:05:28,136.8
2026/5/19,00:06:47,147.0
2026/5/19,00:08:07,157.5
2026/5/19,00:09:34,167.8
2026/5/19,00:10:58,177.7
2026/5/19,00:12:22,187.3
2026/5/19,00:13:46,196.9
2026/5/19,00:14:43,207.3
2026/5/19,00:16:03,217.6
2026/5/19,00:17:20,226.8
2026/5/19,00:18:40,236.9
2026/5/19,00:19:59,247.5
2026/5/19,00:21:18,256.7
2026/5/19,00:22:36,266.8
2026/5/19,00:23:56,277.2
2026/5/19,00:25:23,286.4
2026/5/19,00:26:51,296.7
2026/5/19,00:28:16,306.7
2026/5/19,00:29:45,316.5
2026/5/19,00:31:03,327.2
2026/5/19,00:32:22,336.4
2026/5/19,02:04:37,177.9
2026/5/19,02:04:54,187.6
2026/5/19,02:09:11,196.9
2026/5/19,02:10:00,207.3
2026/5/19,03:18:52,96.9
2026/5/19,03:20:16,106.9
2026/5/19,03:21:40,116.9
2026/5/19,03:23:04,126.7
2026/5/19,03:24:28,136.8
2026/5/19,03:25:52,147.0
2026/5/19,03:27:16,157.5
2026/5/19,03:28:40,167.8
2026/5/19,03:30:04,177.8
2026/5/19,03:31:29,187.4
2026/5/19,03:32:53,196.9
2026/5/19,03:34:16,207.3
2026/5/19,03:35:41,217.5
2026/5/19,03:37:03,227.0
2026/5/19,03:38:27,236.9
2026/5/19,03:39:51,247.4
2026/5/19,03:41:14,257.0
2026/5/19,03:42:39,266.8
2026/5/19,03:44:02,277.2
2026/5/19,03:45:26,286.4
2026/5/19,03:46:50,296.7
2026/5/19,03:48:14,306.7
2026/5/19,03:49:38,316.5
2026/5/19,03:51:02,327.1
2026/5/19,03:52:26,336.7
2026/5/19,04:32:38,177.8
2026/5/19,04:32:55,187.4
2026/5/19,04:37:10,196.9
2026/5/19,04:38:03,207.3
2026/5/19,06:38:08,96.9
2026/5/19,06:38:24,107.0
2026/5/19,06:41:43,116.9
2026/5/19,06:42:35,126.8
2026/5/19,07:51:25,96.9
2026/5/19,07:52:49,106.9
2026/5/19,07:54:13,116.8
2026/5/19,07:55:37,126.8
2026/5/19,07:57:01,136.9
2026/5/19,07:58:25,147.0
2026/5/19,07:59:48,157.5
2026/5/19,08:01:12,167.8
2026/5/19,08:02:37,177.8
2026/5/19,08:04:01,187.3
2026/5/19,08:05:25,196.9
2026/5/19,08:06:49,207.3
2026/5/19,08:08:12,217.5
2026/5/19,08:09:36,227.0
2026/5/19,08:11:00,236.9
2026/5/19,08:12:23,247.4
2026/5/19,08:13:47,256.8
2026/5/19,08:15:11,266.8
2026/5/19,08:16:35,277.2
2026/5/19,08:17:59,286.2
2026/5/19,08:19:23,296.7
2026/5/19,08:20:47,306.7
2026/5/19,08:22:11,316.5
2026/5/19,08:23:35,327.2
2026/5/19,08:24:59,336.6
2026/5/19,11:05:08,227.1
2026/5/19,11:05:26,247.4
2026/5/19,11:08:46,256.8
2026/5/19,11:09:38,266.8
2026/5/19,12:12:51,96.9
2026/5/19,12:14:15,106.9
2026/5/19,12:15:39,116.8
2026/5/19,12:17:03,126.7
2026/5/19,12:18:27,136.9
2026/5/19,12:19:51,147.0
2026/5/19,12:21:15,157.5
2026/5/19,12:22:39,167.8
2026/5/19,12:24:03,177.8
2026/5/19,12:25:27,187.3
2026/5/19,12:26:51,197.0
2026/5/19,12:28:15,207.3
2026/5/19,12:29:37,217.6
2026/5/19,12:31:01,227.0
2026/5/19,12:32:25,236.9
2026/5/19,12:33:49,247.4
2026/5/19,12:35:13,256.9
2026/5/19,12:36:37,266.9
2026/5/19,12:38:01,277.3
2026/5/19,12:39:24,286.4
2026/5/19,12:40:49,296.7
2026/5/19,12:42:13,306.6
2026/5/19,12:43:36,316.5
2026/5/19,12:45:00,327.1
2026/5/19,12:46:24,336.3
2026/5/19,13:57:44,96.9
2026/5/19,13:59:11,106.9
2026/5/19,14:00:32,116.8
2026/5/19,14:01:56,126.7
2026/5/19,14:03:19,136.9
2026/5/19,14:04:43,147.0
2026/5/19,14:06:08,157.5
2026/5/19,14:07:31,167.8
2026/5/19,14:08:55,177.8
2026/5/19,14:10:19,187.4
2026/5/19,14:11:44,197.0
2026/5/19,14:13:07,207.3
2026/5/19,14:14:30,217.5
2026/5/19,14:15:54,227.1
2026/5/19,14:17:18,236.9
2026/5/19,14:18:42,247.4
2026/5/19,14:20:06,256.8
2026/5/19,14:21:30,266.8
2026/5/19,14:22:54,277.2
2026/5/19,14:24:18,286.3
2026/5/19,14:25:41,296.7
2026/5/19,14:27:06,306.6
2026/5/19,14:28:29,316.4
2026/5/19,14:29:53,327.1
2026/5/19,14:31:17,336.3
2026/5/19,15:15:15,96.9
2026/5/19,15:16:11,107.0
2026/5/19,15:17:37,116.9
2026/5/19,15:19:04,126.8
2026/5/19,16:46:38,107.0
2026/5/19,16:46:55,117.0
2026/5/19,16:50:11,126.8
2026/5/19,16:51:04,136.9
2026/5/19,19:38:38,106.9
2026/5/19,19:38:54,116.9
2026/5/19,19:42:58,126.8
2026/5/19,19:43:48,136.9
2026/5/19,20:52:39,97.0
2026/5/19,20:54:04,106.9
2026/5/19,20:55:28,116.9
2026/5/19,20:56:52,126.8
2026/5/19,20:58:16,136.9
2026/5/19,20:59:40,147.0
2026/5/19,21:01:04,157.5
2026/5/19,21:02:28,167.8
2026/5/19,21:03:52,177.8
2026/5/19,21:05:16,187.4
2026/5/19,21:06:40,196.9
2026/5/19,21:08:04,207.3
2026/5/19,21:09:28,217.6
2026/5/19,21:10:51,227.0
2026/5/19,21:12:15,236.9
2026/5/19,21:13:39,247.4
2026/5/19,21:15:03,256.8
2026/5/19,21:16:27,266.7
2026/5/19,21:17:50,277.2
2026/5/19,21:19:14,286.3
2026/5/19,21:20:39,296.7
2026/5/19,21:22:03,306.7
2026/5/19,21:23:27,316.5
2026/5/19,21:24:51,327.1
2026/5/19,21:26:15,336.6
2026/5/19,22:08:12,147.0
2026/5/19,22:08:29,157.5
2026/5/19,22:09:35,167.8
2026/5/19,22:10:10,196.9
2026/5/19,23:18:59,96.9
2026/5/19,23:20:23,107.0
2026/5/19,23:21:47,116.9
2026/5/19,23:23:11,126.8
2026/5/19,23:24:35,136.8
2026/5/19,23:25:58,147.0
2026/5/19,23:27:23,157.5
2026/5/19,23:28:47,167.8
2026/5/19,23:30:11,177.9
2026/5/19,23:31:34,187.4
2026/5/19,23:32:59,197.0
2026/5/19,23:34:23,207.3
2026/5/19,23:35:45,217.5
2026/5/19,23:37:08,226.9
2026/5/19,23:38:33,236.9
2026/5/19,23:39:57,247.4
2026/5/19,23:42:01,256.8
2026/5/19,23:42:44,266.8
2026/5/19,23:44:08,277.3
2026/5/19,23:45:32,286.3
2026/5/19,23:46:56,296.7
2026/5/19,23:48:20,306.7
2026/5/19,23:49:43,316.4
2026/5/19,23:51:08,327.1
2026/5/19,23:52:31,336.6
2026/5/20,00:56:50,97.0
2026/5/20,00:58:14,107.0
2026/5/20,00:59:38,117.0
2026/5/20,01:01:03,126.8
2026/5/20,01:02:27,136.9
2026/5/20,01:03:51,147.0
2026/5/20,01:05:14,157.5
2026/5/20,01:06:38,167.8
2026/5/20,01:08:03,177.9
2026/5/20,01:09:27,187.4
2026/5/20,01:10:51,196.9
2026/5/20,01:12:15,207.3
2026/5/20,01:13:58,217.5
2026/5/20,01:15:01,227.0
2026/5/20,01:16:25,236.9
2026/5/20,01:17:49,247.4
2026/5/20,01:19:13,256.8
2026/5/20,01:20:37,266.8
2026/5/20,01:22:01,277.2
2026/5/20,01:23:25,286.3
2026/5/20,01:24:49,296.7
2026/5/20,01:26:12,306.7
2026/5/20,01:27:36,316.5
2026/5/20,01:29:00,327.1
2026/5/20,01:30:24,336.3
2026/5/20,02:41:44,97.0
2026/5/20,02:43:08,107.0
2026/5/20,02:44:33,116.9
2026/5/20,02:45:58,126.8
2026/5/20,02:47:20,136.8
2026/5/20,02:48:44,147.0
2026/5/20,02:50:08,157.5
2026/5/20,02:51:32,167.8
2026/5/20,02:52:56,177.9
2026/5/20,02:54:20,187.4
2026/5/20,02:55:44,197.0
2026/5/20,02:57:08,207.3
2026/5/20,02:58:30,217.5
2026/5/20,02:59:54,227.0
2026/5/20,03:01:18,236.9
2026/5/20,03:02:43,247.4
2026/5/20,03:04:06,256.8
2026/5/20,03:05:30,266.8
2026/5/20,03:06:54,277.3
2026/5/20,03:08:18,286.3
2026/5/20,03:09:41,296.7
2026/5/20,03:11:05,306.7
2026/5/20,03:12:30,316.4
2026/5/20,03:13:55,327.1
2026/5/20,03:15:17,336.6
2026/5/20,04:42:07,247.4
2026/5/20,04:42:24,256.7
2026/5/20,04:46:05,266.7
2026/5/20,04:46:59,277.2
2026/5/20,08:34:38,97.0
2026/5/20,08:34:55,107.0
2026/5/20,08:38:14,117.0
2026/5/20,08:39:04,126.8
2026/5/20,09:53:07,106.9
2026/5/20,09:53:24,117.0
2026/5/20,09:56:43,126.8
2026/5/20,09:57:36,136.8
2026/5/20,12:01:38,136.8
2026/5/20,12:01:55,147.0
2026/5/20,12:05:29,157.5
2026/5/20,12:06:21,167.8
2026/5/20,13:18:09,286.3
2026/5/20,13:18:27,296.7
2026/5/20,13:22:42,306.7
2026/5/20,13:23:34,316.4
2026/5/20,13:58:13,97.0
2026/5/20,13:59:36,107.0
2026/5/20,14:00:55,116.9
2026/5/20,14:02:14,126.8
2026/5/20,14:03:32,136.9
2026/5/20,14:04:52,147.0
2026/5/20,14:06:11,157.5
2026/5/20,14:07:30,167.8
2026/5/20,14:08:48,177.8
2026/5/20,14:10:09,187.4
2026/5/20,14:11:28,197.0
2026/5/20,14:12:49,207.3
2026/5/20,14:14:11,217.5
2026/5/20,14:15:35,227.0
2026/5/20,14:16:59,236.9
2026/5/20,14:18:23,247.4
2026/5/20,14:19:47,256.7
2026/5/20,14:21:12,266.9
2026/5/20,14:22:35,277.2
2026/5/20,14:23:59,286.3
2026/5/20,14:25:23,296.7
2026/5/20,14:26:47,306.7
2026/5/20,14:28:11,316.4
2026/5/20,14:29:34,327.1
2026/5/20,14:30:58,336.7
2026/5/20,21:30:11,97.0
2026/5/20,21:31:54,107.0
2026/5/20,21:33:40,116.9
2026/5/20,21:35:21,126.8
2026/5/20,21:37:04,136.8
2026/5/20,21:38:21,147.0
2026/5/20,21:39:44,157.5
2026/5/20,21:40:59,167.8
2026/5/20,21:42:19,177.9
2026/5/20,21:43:46,187.5
2026/5/20,21:45:10,196.9
2026/5/20,21:46:34,207.3
2026/5/20,21:47:48,217.5
2026/5/20,21:48:53,227.0
2026/5/20,21:50:06,236.9
2026/5/20,21:51:25,247.4
2026/5/20,21:52:43,256.9
2026/5/20,21:54:07,266.8
2026/5/20,21:55:33,277.2
2026/5/20,21:56:51,286.3
2026/5/20,21:58:10,296.7
2026/5/21,01:38:24,177.8
2026/5/21,01:39:49,187.5
2026/5/21,01:41:16,217.4
2026/5/21,08:33:08,136.8
2026/5/21,08:33:25,147.0
2026/5/21,08:36:50,167.8
2026/5/21,08:37:40,177.8
2026/5/21,17:13:39,136.9
2026/5/21,17:13:56,147.0
2026/5/21,17:17:15,157.5
2026/5/21,17:18:07,167.8
2026/5/21,17:45:28,97.0
2026/5/21,22:56:39,136.9
2026/5/21,22:56:56,147.0
2026/5/21,23:00:46,157.5
2026/5/21,23:01:38,167.8
2026/5/22,00:26:39,177.8
2026/5/22,00:26:56,187.5
2026/5/22,00:30:42,196.9
2026/5/22,00:31:36,207.3
2026/5/22,01:05:50,97.0
2026/5/22,01:07:10,107.0
2026/5/22,01:08:29,116.9
2026/5/22,01:09:48,126.8
2026/5/22,01:11:06,136.8
2026/5/22,01:12:29,147.0
2026/5/22,01:13:53,157.5
2026/5/22,01:15:17,167.7
2026/5/22,01:16:41,177.8
2026/5/22,01:18:05,187.4
2026/5/22,01:19:29,196.9
2026/5/22,01:20:53,207.3
2026/5/22,01:22:16,217.5
2026/5/22,01:23:39,227.0
2026/5/22,01:25:03,236.9
2026/5/22,01:26:27,247.5
2026/5/22,01:27:51,256.8
2026/5/22,01:29:17,266.8
2026/5/22,01:30:39,277.2
2026/5/22,01:32:03,286.3
2026/5/22,01:33:26,296.8
2026/5/22,01:34:51,306.7
2026/5/22,01:36:15,316.4
2026/5/22,01:37:39,327.1
2026/5/22,01:39:02,336.3
2026/5/22,02:17:10,177.9
2026/5/22,02:17:27,187.5
2026/5/22,02:20:44,196.9
2026/5/22,02:21:37,207.3
2026/5/22,03:10:57,96.9
2026/5/22,03:11:38,106.9
2026/5/22,03:13:09,116.9
2026/5/22,03:14:29,126.8
2026/5/22,03:15:50,136.8
2026/5/22,03:17:11,147.0
2026/5/22,03:18:33,157.5
2026/5/22,03:19:55,167.8
2026/5/22,03:21:18,177.8
2026/5/22,03:22:42,187.3
2026/5/22,03:24:06,196.9
2026/5/22,03:25:29,207.3
2026/5/22,03:26:53,217.5
2026/5/22,03:28:17,227.1
2026/5/22,03:29:41,236.9
2026/5/22,03:31:05,247.4
2026/5/22,03:32:29,256.8
2026/5/22,03:33:28,266.8
2026/5/22,03:34:50,277.3
2026/5/22,03:36:40,286.3
2026/5/22,03:38:04,296.7
2026/5/22,03:39:28,306.6
2026/5/22,03:40:52,316.4
2026/5/22,03:42:16,327.1
2026/5/22,03:43:40,336.3
2026/5/22,04:48:31,97.0
2026/5/22,04:49:31,107.0
2026/5/22,04:51:02,117.0
2026/5/22,04:52:20,126.8
2026/5/22,04:53:39,136.8
2026/5/22,04:54:57,147.0
2026/5/22,04:56:18,157.5
2026/5/22,04:57:44,167.8
2026/5/22,04:59:29,177.8
2026/5/22,05:00:32,187.3
2026/5/22,05:01:56,197.0
2026/5/22,05:02:55,207.3
2026/5/22,05:04:13,217.6
2026/5/22,05:05:32,226.9
2026/5/22,05:06:52,236.9
2026/5/22,05:08:11,247.4
2026/5/22,05:09:31,257.0
2026/5/22,05:10:49,266.8
2026/5/22,05:12:10,277.3
2026/5/22,05:13:36,286.3
2026/5/22,05:15:05,296.7
2026/5/22,05:16:31,306.6
2026/5/22,05:18:00,316.5
2026/5/22,05:19:19,327.1
2026/5/22,05:20:38,336.6
2026/5/22,06:16:40,177.8
2026/5/22,06:16:57,187.4
2026/5/22,06:20:16,196.9
2026/5/22,06:21:29,207.3
2026/5/22,07:52:40,217.5
2026/5/22,07:52:57,226.7
2026/5/22,07:56:14,236.9
2026/5/22,07:57:07,247.4
2026/5/22,09:05:57,187.3
2026/5/22,09:07:21,196.9
2026/5/22,09:08:45,207.3
2026/5/22,09:10:10,217.5
2026/5/22,09:11:33,227.0
2026/5/22,09:12:58,236.9
2026/5/22,09:14:21,247.4
2026/5/22,09:15:45,257.0
2026/5/22,11:56:08,187.4
2026/5/22,11:56:25,196.9
2026/5/22,11:59:55,207.3
2026/5/22,12:00:46,217.5
2026/5/22,13:44:40,97.0
2026/5/22,13:46:04,126.8
2026/5/22,13:47:28,136.9
2026/5/22,13:48:52,147.0
2026/5/22,13:50:16,157.5
2026/5/22,13:51:40,167.8
2026/5/22,13:53:04,177.9
2026/5/22,13:54:29,187.4
2026/5/22,13:55:53,197.0
2026/5/22,13:57:17,207.3
2026/5/22,13:58:41,217.5
2026/5/22,14:00:05,227.1
2026/5/22,14:01:27,236.9
2026/5/22,14:02:50,247.4
2026/5/22,14:04:14,256.7
2026/5/22,14:05:38,266.8
2026/5/22,14:07:02,277.2
2026/5/22,14:08:26,286.3
2026/5/22,14:09:50,296.7
2026/5/22,14:11:14,306.7
2026/5/22,14:12:38,316.4
2026/5/22,14:14:02,327.1
2026/5/22,14:15:25,336.7
2026/5/22,17:37:14,96.9
2026/5/22,17:38:14,107.0
2026/5/22,17:39:45,116.9
2026/5/22,17:41:03,126.8
2026/5/22,17:42:22,136.8
2026/5/22,17:43:40,147.0
2026/5/22,17:45:00,157.5
2026/5/22,17:46:28,167.8
2026/5/22,17:47:52,177.8
2026/5/22,17:49:15,187.3
2026/5/22,17:50:39,196.9
2026/5/22,17:51:35,207.3
2026/5/22,17:52:53,217.5
2026/5/22,17:54:12,226.8
2026/5/22,17:55:32,236.9
2026/5/22,17:56:50,247.4
2026/5/22,17:58:09,256.9
2026/5/22,17:59:27,266.8
2026/5/22,18:00:48,277.2
2026/5/22,18:02:14,286.3
2026/5/22,18:03:40,296.7
2026/5/22,18:05:06,306.7
2026/5/22,18:06:36,316.4
2026/5/22,18:07:54,327.1
2026/5/22,18:09:13,336.7
2026/5/22,19:28:48,97.0
2026/5/22,19:30:02,107.0
2026/5/22,19:31:26,116.9
2026/5/22,19:32:51,126.7
2026/5/22,19:34:17,136.8
2026/5/22,19:35:43,147.0
2026/5/22,19:36:39,157.5
2026/5/22,19:38:06,167.8
2026/5/22,19:39:30,177.8
2026/5/22,19:40:54,187.4
2026/5/22,19:42:18,196.9
2026/5/22,19:43:14,207.3
2026/5/22,19:44:33,217.5
2026/5/22,19:45:52,227.1
2026/5/22,19:47:11,236.9
2026/5/22,19:48:29,247.4
2026/5/22,19:49:50,256.9
2026/5/22,19:51:08,266.8
2026/5/22,19:52:27,277.2
2026/5/22,19:53:54,286.3
2026/5/22,19:55:14,296.7
2026/5/22,19:56:40,306.7
2026/5/22,19:58:07,316.4
2026/5/22,19:59:25,327.1
2026/5/22,20:00:54,336.6
2026/5/22,20:27:57,97.0
2026/5/22,20:28:57,107.0
2026/5/22,20:30:28,116.9
2026/5/22,20:31:46,126.8
2026/5/22,20:33:05,136.9
2026/5/22,20:34:24,147.0
2026/5/22,20:35:44,157.5
2026/5/22,20:37:11,167.8
2026/5/22,20:38:36,177.8
2026/5/22,20:40:00,187.4
2026/5/22,20:41:24,196.9
2026/5/22,20:42:19,207.3
2026/5/22,20:43:38,217.5
2026/5/22,20:44:56,226.9
2026/5/22,20:46:16,236.9
2026/5/22,20:47:35,247.4
2026/5/22,20:48:54,256.8
2026/5/22,20:50:13,266.9
2026/5/22,20:51:33,277.2
2026/5/22,20:53:00,286.3
2026/5/22,20:54:29,296.7
2026/5/22,20:55:54,306.5
2026/5/22,20:57:25,316.4
2026/5/22,20:58:44,327.1
2026/5/22,21:00:03,336.6
2026/5/22,21:53:40,96.9
2026/5/22,21:53:57,107.0
2026/5/22,21:57:16,116.9
2026/5/22,21:58:06,126.8
2026/5/22,22:28:40,177.9
2026/5/22,22:28:57,187.4
2026/5/22,22:32:24,196.9
2026/5/22,22:33:17,207.3
2026/5/23,00:09:10,256.9
2026/5/23,00:09:28,266.7
2026/5/23,00:12:44,277.2
2026/5/23,00:13:36,286.3
2026/5/23,01:06:10,257.0
2026/5/23,01:06:28,266.8
2026/5/23,01:09:45,277.2
2026/5/23,01:10:38,286.3
2026/5/23,02:54:10,256.9
2026/5/23,02:54:28,266.8
2026/5/23,02:57:59,277.3
2026/5/23,02:58:51,286.3
2026/5/23,05:11:38,96.9
2026/5/23,06:35:41,296.6
2026/5/23,06:35:59,306.8
2026/5/23,06:39:16,316.5
2026/5/23,06:40:07,327.1
2026/5/23,07:14:19,97.0
2026/5/23,07:15:39,107.0
2026/5/23,07:16:58,117.0
2026/5/23,07:18:17,126.8
2026/5/23,07:19:40,136.9
2026/5/23,07:21:04,147.0
2026/5/23,07:22:28,157.5
2026/5/23,07:23:52,167.8
2026/5/23,07:25:16,177.8
2026/5/23,07:26:40,187.5
2026/5/23,07:28:04,196.9
2026/5/23,07:29:28,207.3
2026/5/23,07:30:50,217.5
2026/5/23,07:32:14,227.1
2026/5/23,07:33:38,236.9
2026/5/23,07:35:02,247.4
2026/5/23,07:36:26,256.9
2026/5/23,07:37:49,266.8
2026/5/23,07:39:14,277.2
2026/5/23,07:40:37,286.3
2026/5/23,07:42:01,296.7
2026/5/23,07:43:25,306.7
2026/5/23,07:44:49,316.4
2026/5/23,07:46:13,327.1
2026/5/23,07:47:37,336.7
2026/5/23,10:14:10,177.8
2026/5/23,10:14:27,187.3
2026/5/23,10:18:20,197.0
2026/5/23,10:19:13,207.3
2026/5/23,10:53:26,96.9
2026/5/23,10:54:46,106.9
2026/5/23,10:56:05,116.9
2026/5/23,10:57:24,126.8
2026/5/23,10:58:42,136.8
2026/5/23,11:00:05,147.0
2026/5/23,11:01:29,157.5
2026/5/23,11:02:54,167.8
2026/5/23,11:04:17,177.9
2026/5/23,11:05:41,187.3
2026/5/23,11:07:05,196.9
2026/5/23,11:08:29,207.3
2026/5/23,11:09:52,217.5
2026/5/23,11:11:15,226.8
2026/5/23,11:12:39,236.9
2026/5/23,11:14:03,247.4
2026/5/23,11:15:27,257.0
2026/5/23,11:16:51,266.8
2026/5/23,11:18:15,277.2
2026/5/23,11:19:39,286.3
2026/5/23,11:21:02,296.7
2026/5/23,11:22:27,306.7
2026/5/23,11:23:51,316.4
2026/5/23,11:25:15,327.1
2026/5/23,11:26:38,336.6
2026/5/23,11:46:09,177.8
2026/5/23,11:46:26,187.5
2026/5/23,11:49:46,196.9
2026/5/23,11:50:38,207.3
2026/5/23,12:59:27,97.0
2026/5/23,13:00:51,107.0
2026/5/23,13:02:15,116.9
2026/5/23,13:03:38,126.7
2026/5/23,13:05:03,136.8
2026/5/23,13:06:27,147.0
2026/5/23,13:07:51,157.5
2026/5/23,13:09:15,167.8
2026/5/23,13:10:38,177.8
2026/5/23,13:12:02,187.5
2026/5/23,13:13:26,196.9
2026/5/23,13:14:50,207.3
2026/5/23,13:16:14,217.5
2026/5/23,13:17:36,227.0
2026/5/23,13:19:00,236.9
2026/5/23,13:20:24,247.4
2026/5/23,13:21:48,256.7
2026/5/23,13:23:12,266.8
2026/5/23,13:24:36,277.2
2026/5/23,13:26:00,286.4
2026/5/23,13:27:24,296.7
2026/5/23,13:28:48,306.6
2026/5/23,13:30:12,316.4
2026/5/23,13:31:35,327.1
2026/5/23,13:32:59,336.5
2026/5/23,14:11:39,217.5
2026/5/23,14:12:09,226.8
2026/5/23,14:12:27,236.9
2026/5/23,14:13:33,247.4
2026/5/23,15:22:09,97.0
2026/5/23,15:23:33,106.9
2026/5/23,15:24:57,116.9
2026/5/23,15:26:21,126.7
2026/5/23,15:27:45,136.9
2026/5/23,15:29:08,147.0
2026/5/23,15:30:32,157.5
2026/5/23,15:31:56,167.8
2026/5/23,15:33:20,177.9
2026/5/23,15:34:44,187.3
2026/5/23,15:36:09,196.9
2026/5/23,15:37:33,207.3
2026/5/23,15:39:16,217.5
2026/5/23,15:40:19,227.1
2026/5/23,15:41:43,236.9
2026/5/23,15:43:06,247.4
2026/5/23,15:44:31,257.0
2026/5/23,15:45:54,266.8
2026/5/23,15:47:18,277.2
2026/5/23,15:48:42,286.3
2026/5/23,15:50:06,296.7
2026/5/23,15:51:30,306.6
2026/5/23,15:52:54,316.4
2026/5/23,15:54:18,327.1
2026/5/23,15:55:42,336.7
2026/5/23,17:07:02,96.9
2026/5/23,17:08:26,106.9
2026/5/23,17:09:50,116.9
2026/5/23,17:11:14,126.7
2026/5/23,17:12:38,136.9
2026/5/23,17:14:02,147.0
2026/5/23,17:15:27,157.5
2026/5/23,17:16:50,167.8
2026/5/23,17:18:14,177.8
2026/5/23,17:19:38,187.3
2026/5/23,17:21:02,196.9
2026/5/23,17:22:27,207.3
2026/5/23,17:24:10,217.5
2026/5/23,17:25:13,227.0
2026/5/23,17:26:37,236.9
2026/5/23,17:28:01,247.4
2026/5/23,17:29:25,256.9
2026/5/23,17:30:49,266.8
2026/5/23,17:32:13,277.2
2026/5/23,17:33:37,286.3
2026/5/23,17:35:01,296.7
2026/5/23,17:36:25,306.7
2026/5/23,17:37:49,316.5
2026/5/23,17:39:13,327.2
2026/5/23,17:40:37,336.4
2026/5/23,18:51:56,96.9
2026/5/23,18:53:20,107.0
2026/5/23,18:54:44,116.9
2026/5/23,18:56:08,126.7
2026/5/23,18:57:32,136.8
2026/5/23,18:58:56,147.0
2026/5/23,19:00:20,157.5
2026/5/23,19:01:44,167.8
2026/5/23,19:03:08,177.8
2026/5/23,19:04:32,187.3
2026/5/23,19:05:57,196.9
2026/5/23,19:07:20,207.3
2026/5/23,19:09:04,217.6
2026/5/23,19:10:07,227.1
2026/5/23,19:11:31,236.9
2026/5/23,19:12:55,247.5
2026/5/23,19:14:19,256.9
2026/5/23,19:15:43,266.8
2026/5/23,19:17:07,277.2
2026/5/23,19:18:31,286.3
2026/5/23,19:19:55,296.7
2026/5/23,19:21:19,306.7
2026/5/23,19:22:43,316.5
2026/5/23,19:24:07,327.1
2026/5/23,19:25:32,336.6
2026/5/23,20:36:49,96.9
2026/5/23,20:38:13,106.9
2026/5/23,20:39:37,116.9
2026/5/23,20:41:01,126.7
2026/5/23,20:42:25,136.9
2026/5/23,20:43:49,147.0
2026/5/23,20:45:13,157.5
2026/5/23,20:46:37,167.8
2026/5/23,20:48:01,177.8
2026/5/23,20:49:25,187.3
2026/5/23,20:50:49,196.9
2026/5/23,20:52:13,207.3
2026/5/23,20:53:56,217.6
2026/5/23,20:54:59,227.1
2026/5/23,20:56:23,236.9
2026/5/23,20:57:47,247.4
2026/5/23,20:59:11,256.8
2026/5/23,21:00:35,266.8
2026/5/23,21:01:59,277.2
2026/5/23,21:03:23,286.3
2026/5/23,21:04:47,296.6
2026/5/23,21:06:11,306.8
2026/5/23,21:07:35,316.4
2026/5/23,21:08:59,327.1
2026/5/23,21:10:23,336.3
2026/5/23,22:21:41,97.0
2026/5/23,22:23:06,106.9
2026/5/23,22:24:30,116.9
2026/5/23,22:25:54,126.8
2026/5/23,22:27:18,136.8
2026/5/23,22:28:42,147.0
2026/5/23,22:30:06,157.5
2026/5/23,22:31:30,167.8
2026/5/23,22:32:54,177.8
2026/5/23,22:34:18,187.3
2026/5/23,22:35:42,197.0
2026/5/23,22:37:06,207.3
2026/5/23,22:38:50,217.6
2026/5/23,22:39:52,227.0
2026/5/23,22:41:17,236.9
2026/5/23,22:42:41,247.4
2026/5/23,22:44:04,257.0
2026/5/23,22:45:28,266.8
2026/5/23,22:46:52,277.2
2026/5/23,22:48:16,286.3
2026/5/23,22:49:40,296.7
2026/5/23,22:51:04,306.7
2026/5/23,22:52:28,316.5
2026/5/23,22:53:52,327.1
2026/5/23,22:55:16,336.7
2026/5/24,00:06:35,97.0
2026/5/24,00:07:59,106.9
2026/5/24,00:09:23,116.9
2026/5/24,00:10:47,126.8
2026/5/24,00:12:11,136.8
2026/5/24,00:13:35,147.0
2026/5/24,00:14:58,157.5
2026/5/24,00:16:23,167.8
2026/5/24,00:17:47,177.9
2026/5/24,00:19:11,187.3
2026/5/24,00:20:34,196.9
2026/5/24,00:21:59,207.3
2026/5/24,00:23:21,217.6
2026/5/24,00:24:46,227.0
2026/5/24,00:26:09,236.9
2026/5/24,00:27:33,247.5
2026/5/24,00:28:57,256.9
2026/5/24,00:30:21,266.8
2026/5/24,00:31:45,277.2
2026/5/24,00:33:09,286.4
2026/5/24,00:34:33,296.7
2026/5/24,00:35:57,306.7
2026/5/24,00:37:21,316.4
2026/5/24,00:38:45,327.1
2026/5/24,00:40:08,336.3
2026/5/24,01:05:16,97.0
2026/5/24,01:06:16,107.0
2026/5/24,01:07:48,116.9
2026/5/24,01:09:05,126.8
2026/5/24,01:10:24,136.8
2026/5/24,01:11:43,147.0
2026/5/24,01:13:03,157.5
2026/5/24,01:14:30,167.8
2026/5/24,01:15:53,177.8
2026/5/24,01:17:17,187.4
2026/5/24,01:18:41,196.9
2026/5/24,01:19:39,207.3
2026/5/24,01:20:57,217.6
2026/5/24,01:22:21,227.0
2026/5/24,01:23:35,236.9
2026/5/24,01:24:54,247.4
2026/5/24,01:26:13,256.9
2026/5/24,01:27:31,266.9
2026/5/24,01:28:51,277.2
2026/5/24,01:30:17,286.3
2026/5/24,01:31:45,296.7
2026/5/24,01:33:10,306.7
2026/5/24,01:34:39,316.5
2026/5/24,01:35:58,327.1
2026/5/24,01:37:17,336.3
2026/5/24,02:17:24,136.8
2026/5/24,02:17:41,147.0
2026/5/24,02:18:48,157.5
2026/5/24,02:20:12,167.8
2026/5/24,03:38:10,97.0
2026/5/24,03:38:27,107.0
2026/5/24,03:42:02,116.9
2026/5/24,03:42:54,126.8
2026/5/24,04:23:48,97.0
2026/5/24,04:25:13,107.0
2026/5/24,04:26:37,116.9
2026/5/24,04:28:01,126.8
2026/5/24,04:29:25,136.9
2026/5/24,04:30:49,147.0
2026/5/24,04:32:13,157.5
2026/5/24,04:33:35,167.8
2026/5/24,04:35:00,177.8
2026/5/24,04:36:24,187.4
2026/5/24,04:37:47,196.9
2026/5/24,04:39:11,207.3
2026/5/24,04:40:38,217.5
2026/5/24,04:41:59,227.0
2026/5/24,04:43:23,236.9
2026/5/24,04:44:47,247.4
2026/5/24,04:46:11,256.8
2026/5/24,04:47:35,266.8
2026/5/24,04:48:58,277.2
2026/5/24,04:50:22,286.3
2026/5/24,04:51:46,296.7
2026/5/24,04:53:10,306.7
2026/5/24,04:54:34,316.4
2026/5/24,04:55:58,327.1
2026/5/24,04:57:44,336.7
2026/5/24,06:21:19,97.0
2026/5/24,06:21:36,107.0
2026/5/24,06:25:06,116.9
2026/5/24,06:25:57,126.8
2026/5/24,08:09:49,97.0
2026/5/24,08:11:13,107.0
2026/5/24,08:12:38,116.9
2026/5/24,08:14:01,126.8
2026/5/24,10:48:11,266.8
2026/5/24,10:48:29,277.2
2026/5/24,10:51:47,286.4
2026/5/24,10:52:40,296.7
2026/5/24,11:26:56,97.0
2026/5/24,11:28:16,107.0
2026/5/24,11:29:35,116.9
2026/5/24,11:30:54,126.8
2026/5/24,11:32:13,136.9
2026/5/24,11:33:34,147.0
2026/5/24,11:34:58,157.5
2026/5/24,11:36:22,167.8
2026/5/24,11:37:45,177.8
2026/5/24,11:39:09,187.5
2026/5/24,11:40:34,197.0
2026/5/24,11:41:58,207.3
2026/5/24,11:43:20,217.6
2026/5/24,11:44:43,227.0
2026/5/24,11:46:07,236.9
2026/5/24,11:47:31,247.4
2026/5/24,11:48:55,256.8
2026/5/24,11:50:20,266.8
2026/5/24,11:51:43,277.2
2026/5/24,11:53:07,286.3
2026/5/24,11:54:31,296.7
2026/5/24,11:55:55,306.7
2026/5/24,11:57:19,316.5
2026/5/24,11:58:43,327.1
2026/5/24,12:00:07,336.3
2026/5/24,12:25:42,306.7
2026/5/24,12:25:59,316.4
2026/5/24,12:29:17,327.1
2026/5/24,12:30:07,336.3
2026/5/24,13:25:17,97.0
2026/5/24,13:26:17,106.9
2026/5/24,13:27:47,116.9
2026/5/24,13:29:05,126.7
2026/5/24,13:30:24,136.8
2026/5/24,13:31:43,147.0
2026/5/24,13:33:02,157.5
2026/5/24,13:34:30,167.7
2026/5/24,13:35:54,177.8
2026/5/24,13:37:18,187.3
2026/5/24,13:38:43,196.9
2026/5/24,13:39:38,207.3
2026/5/24,13:40:56,217.6
2026/5/24,13:42:16,227.1
2026/5/24,13:43:35,236.9
2026/5/24,13:44:53,247.4
2026/5/24,13:46:12,256.9
2026/5/24,13:47:31,266.8
2026/5/24,13:48:51,277.2
2026/5/24,13:50:17,286.4
2026/5/24,13:51:45,296.7
2026/5/24,13:53:10,306.7
2026/5/24,13:54:37,316.5
2026/5/24,13:55:55,327.1
2026/5/24,13:57:14,336.4
2026/5/24,14:51:25,96.9
2026/5/24,14:52:24,107.0
2026/5/24,14:53:55,116.9
2026/5/24,14:55:13,126.8
2026/5/24,14:56:32,136.9
2026/5/24,14:57:50,147.0
2026/5/24,14:59:10,157.5
2026/5/24,15:00:37,167.8
2026/5/24,15:02:01,177.7
2026/5/24,15:03:25,187.3
2026/5/24,15:04:49,196.9
2026/5/24,15:05:46,207.3
2026/5/24,15:07:06,217.5
2026/5/24,15:08:23,227.0
2026/5/24,15:09:43,236.9
2026/5/24,15:11:02,247.4
2026/5/24,15:12:21,256.9
2026/5/24,15:13:40,266.8
2026/5/24,15:15:00,277.2
2026/5/24,15:16:28,286.4
2026/5/24,15:17:55,296.7
2026/5/24,15:19:20,306.6
2026/5/24,15:20:46,316.4
2026/5/24,15:22:05,327.2
2026/5/24,15:23:24,336.4
2026/5/24,16:34:20,97.0
2026/5/24,16:35:44,106.9
2026/5/24,16:37:08,116.8
2026/5/24,16:38:32,126.7
2026/5/24,16:39:55,136.8
2026/5/24,16:41:19,147.0
2026/5/24,16:42:44,157.5
2026/5/24,16:44:10,167.8
2026/5/24,16:45:32,177.8
2026/5/24,16:46:55,187.3
2026/5/24,16:48:19,196.9
2026/5/24,16:49:44,207.3
2026/5/24,16:51:27,217.6
2026/5/24,16:52:30,227.1
2026/5/24,16:53:54,236.9
2026/5/24,16:55:18,247.4
2026/5/24,16:56:41,256.9
2026/5/24,16:58:05,266.8
2026/5/24,16:59:29,277.2
2026/5/24,17:00:53,286.3
2026/5/24,17:02:17,296.7
2026/5/24,17:03:41,306.7
2026/5/24,17:05:05,316.5
2026/5/24,17:06:30,327.1
2026/5/24,17:07:54,336.3
2026/5/24,18:19:14,96.9
2026/5/24,18:20:37,106.9
2026/5/24,18:22:02,116.9
2026/5/24,18:23:25,126.7
2026/5/24,18:24:50,136.8
2026/5/24,18:26:14,147.0
2026/5/24,18:27:38,157.5
2026/5/24,18:29:02,167.8
2026/5/24,18:30:26,177.8
2026/5/24,18:31:50,187.3
2026/5/24,18:33:14,196.9
2026/5/24,18:34:37,207.3
2026/5/24,18:36:22,217.6
2026/5/24,18:37:24,227.1
2026/5/24,18:38:48,236.9
2026/5/24,18:40:12,247.4
2026/5/24,18:41:36,257.0
2026/5/24,18:43:00,266.9
2026/5/24,18:44:24,277.2
2026/5/24,18:45:48,286.3
2026/5/24,18:47:12,296.7
2026/5/24,18:48:36,306.6
2026/5/24,18:50:00,316.4
2026/5/24,18:51:24,327.0
2026/5/24,18:52:49,336.3
2026/5/24,20:04:08,97.0
2026/5/24,20:05:32,106.9
2026/5/24,20:06:56,116.9
2026/5/24,20:08:20,126.8
2026/5/24,20:09:43,136.9
2026/5/24,20:11:08,147.0
2026/5/24,20:12:31,157.5
2026/5/24,20:13:55,167.8
2026/5/24,20:15:19,177.7
2026/5/24,20:16:43,187.3
2026/5/24,20:18:07,196.9
2026/5/24,20:19:31,207.3
2026/5/24,20:20:54,217.6
2026/5/24,20:22:18,227.0
2026/5/24,20:23:42,236.9
2026/5/24,20:25:06,247.3
2026/5/24,20:26:30,257.0
2026/5/24,20:27:54,266.8
2026/5/24,20:29:17,277.2
2026/5/24,20:30:42,286.3
2026/5/24,20:32:06,296.7
2026/5/24,20:33:30,306.5
2026/5/24,20:34:54,316.5
2026/5/24,20:36:19,327.1
2026/5/24,20:37:42,336.3
2026/5/24,21:02:07,96.9
2026/5/24,21:03:07,107.0
2026/5/24,21:04:38,116.9
2026/5/24,21:05:56,126.8
2026/5/24,21:07:15,136.9
2026/5/24,21:08:34,147.0
2026/5/24,21:09:54,157.5
2026/5/24,21:11:21,167.8
2026/5/24,21:12:45,177.8
2026/5/24,21:14:09,187.3
2026/5/24,21:15:32,196.9
2026/5/24,21:16:29,207.3
2026/5/24,21:17:47,217.5
2026/5/24,21:19:05,226.9
2026/5/24,21:20:25,236.9
2026/5/24,21:21:44,247.4
2026/5/24,21:23:03,256.8
2026/5/24,21:24:22,266.8
2026/5/24,21:25:42,277.2
2026/5/24,21:27:08,286.3
2026/5/24,21:28:35,296.7
2026/5/24,21:30:01,306.7
2026/5/24,21:31:30,316.4
2026/5/24,21:32:48,327.0
2026/5/24,21:34:07,336.3
2026/5/24,22:37:11,136.8
2026/5/24,22:37:28,147.0
2026/5/24,22:40:45,157.5
2026/5/24,22:41:37,167.8
2026/5/24,23:50:32,96.9
2026/5/24,23:51:56,106.9
2026/5/24,23:53:20,116.9
2026/5/24,23:54:44,126.7
2026/5/24,23:56:08,136.9
2026/5/24,23:57:32,147.0
2026/5/24,23:58:56,157.5
2026/5/25,00:00:19,167.8
2026/5/25,00:01:43,177.8
2026/5/25,00:03:07,187.3
2026/5/25,00:04:32,197.0
2026/5/25,00:05:56,207.3
2026/5/25,00:08:00,217.5
2026/5/25,00:08:43,227.1
2026/5/25,00:10:07,236.9
2026/5/25,00:11:31,247.4
2026/5/25,00:12:54,257.0
2026/5/25,00:14:18,266.8
2026/5/25,00:15:43,277.2
2026/5/25,00:17:07,286.3
2026/5/25,00:18:31,296.7
2026/5/25,00:19:54,306.5
2026/5/25,00:21:19,316.4
2026/5/25,00:22:42,327.1
2026/5/25,00:24:06,336.3
2026/5/25,01:38:32,97.0
2026/5/25,01:39:33,107.0
2026/5/25,01:41:04,116.9
2026/5/25,01:42:22,126.8
2026/5/25,01:43:41,136.8
2026/5/25,01:45:00,147.0
2026/5/25,01:46:19,157.5
2026/5/25,01:47:47,167.8
2026/5/25,01:49:11,177.9
2026/5/25,01:50:35,187.4
2026/5/25,01:51:58,196.9
2026/5/25,01:52:55,207.3
2026/5/25,01:54:14,217.5
2026/5/25,01:55:33,227.2
2026/5/25,01:56:52,236.9
2026/5/25,01:58:11,247.4
2026/5/25,01:59:30,257.0
2026/5/25,02:00:48,266.8
2026/5/25,02:02:08,277.2
2026/5/25,02:03:33,286.3
2026/5/25,02:05:01,296.7
2026/5/25,02:06:26,306.8
2026/5/25,02:07:53,316.5
2026/5/25,02:09:12,327.1
2026/5/25,02:10:31,336.3
2026/5/25,04:16:17,97.0
2026/5/25,04:17:37,107.0
2026/5/25,04:18:56,116.9
2026/5/25,04:20:15,126.8
2026/5/25,04:21:34,136.9
2026/5/25,04:22:58,147.0
2026/5/25,04:24:22,157.5
2026/5/25,04:25:46,167.8
2026/5/25,04:27:10,177.9
2026/5/25,04:28:34,187.4
2026/5/25,04:29:58,196.9
2026/5/25,04:31:22,207.3
2026/5/25,04:32:44,217.5
2026/5/25,04:34:08,226.9
2026/5/25,04:35:32,236.9
2026/5/25,04:36:56,247.4
2026/5/25,04:38:19,256.7
2026/5/25,04:39:44,266.8
2026/5/25,04:41:08,277.2
2026/5/25,04:42:31,286.3
2026/5/25,04:43:56,296.7
2026/5/25,04:45:20,306.6
2026/5/25,04:46:43,316.5
2026/5/25,04:48:07,326.9
2026/5/25,04:49:31,336.3
2026/5/25,05:28:40,96.9
2026/5/25,05:30:04,107.0
2026/5/25,05:31:28,116.9
2026/5/25,05:32:52,126.8
2026/5/25,05:34:16,136.8
2026/5/25,05:35:43,147.0
2026/5/25,05:37:04,157.5
2026/5/25,05:38:28,167.8
2026/5/25,05:39:52,177.8
2026/5/25,05:41:16,187.4
2026/5/25,05:43:00,196.9
2026/5/25,05:44:03,207.3
2026/5/25,05:45:26,217.5
2026/5/25,05:47:11,227.1
2026/5/25,05:48:14,237.0
2026/5/25,05:49:38,247.4
2026/5/25,05:51:02,257.0
2026/5/25,05:52:25,266.8
2026/5/25,05:53:50,277.2
2026/5/25,05:55:13,286.3
2026/5/25,05:56:37,296.8
2026/5/25,05:58:01,306.7
2026/5/25,05:59:25,316.4
2026/5/25,06:00:49,327.1
2026/5/25,06:02:13,336.4
2026/5/25,07:13:33,97.0
2026/5/25,07:14:57,107.0
2026/5/25,07:16:21,116.9
2026/5/25,07:17:45,126.8
2026/5/25,07:19:09,136.8
2026/5/25,07:20:33,147.0
2026/5/25,07:21:57,157.5
2026/5/25,07:23:21,167.8
2026/5/25,07:24:45,177.9
2026/5/25,07:26:09,187.5
2026/5/25,07:27:33,197.0
2026/5/25,07:28:57,207.3
2026/5/25,07:30:19,217.6
2026/5/25,07:31:43,226.8
2026/5/25,07:33:07,236.9
2026/5/25,07:34:31,247.4
2026/5/25,07:35:56,256.8
2026/5/25,07:37:20,266.8
2026/5/25,07:38:43,277.2
2026/5/25,07:40:08,286.4
2026/5/25,07:41:32,296.6
2026/5/25,07:42:55,306.6
2026/5/25,07:44:19,316.5
2026/5/25,07:45:43,327.1
2026/5/25,07:47:07,336.3
2026/5/25,08:58:27,96.9
2026/5/25,08:59:51,107.0
2026/5/25,09:01:15,116.9
2026/5/25,09:02:39,126.7
2026/5/25,09:04:03,136.8
2026/5/25,09:05:27,147.0
2026/5/25,09:06:51,157.5
2026/5/25,09:08:16,167.8
2026/5/25,09:09:39,177.9
2026/5/25,09:11:03,187.6
2026/5/25,09:12:27,197.0
2026/5/25,09:13:51,207.3
2026/5/25,09:15:13,217.5
2026/5/25,09:16:37,226.9
2026/5/25,09:18:01,236.9
2026/5/25,09:19:25,247.4
2026/5/25,09:20:49,256.9
2026/5/25,09:22:13,266.9
2026/5/25,09:23:37,277.2
2026/5/25,09:25:01,286.3
2026/5/25,09:26:25,296.7
2026/5/25,09:27:49,306.7
2026/5/25,09:29:12,316.4
2026/5/25,09:30:36,327.1
2026/5/25,09:32:00,336.3
2026/5/25,10:43:20,97.0
2026/5/25,10:44:45,106.9
2026/5/25,10:46:09,116.9
2026/5/25,10:47:32,126.8
2026/5/25,10:48:57,136.8
2026/5/25,10:50:20,147.0
2026/5/25,10:51:44,157.5
2026/5/25,10:53:08,167.8
2026/5/25,10:54:33,177.8
2026/5/25,10:55:57,187.4
2026/5/25,10:57:21,197.0
2026/5/25,10:58:45,207.3
2026/5/25,11:00:28,217.6
2026/5/25,11:01:31,227.0
2026/5/25,11:02:54,236.9
2026/5/25,11:04:19,247.4
2026/5/25,11:05:42,256.9
2026/5/25,11:07:06,266.8
2026/5/25,11:08:30,277.2
2026/5/25,11:09:54,286.4
2026/5/25,11:11:20,296.8
2026/5/25,11:12:42,306.8
2026/5/25,11:14:06,316.4
2026/5/25,11:15:29,327.0
2026/5/25,11:16:54,336.4
2026/5/25,12:28:15,97.0
2026/5/25,12:29:39,107.0
2026/5/25,12:31:02,116.9
2026/5/25,12:32:27,126.8
2026/5/25,12:33:51,136.9
2026/5/25,12:35:16,147.0
2026/5/25,12:36:38,157.5
2026/5/25,12:38:02,167.7
2026/5/25,12:39:26,177.9
2026/5/25,12:40:50,187.6
2026/5/25,12:42:14,197.0
2026/5/25,12:43:38,207.3
2026/5/25,12:45:21,217.6
2026/5/25,12:46:25,227.0
2026/5/25,12:47:48,236.9
2026/5/25,12:49:12,247.4
2026/5/25,12:50:36,256.8
2026/5/25,12:52:00,266.8
2026/5/25,12:53:24,277.2
2026/5/25,12:54:48,286.3
2026/5/25,12:56:12,296.7
2026/5/25,12:57:36,306.7
2026/5/25,12:59:00,316.4
2026/5/25,13:00:24,327.1
2026/5/25,13:01:49,336.3
2026/5/25,14:13:08,97.0
2026/5/25,14:14:32,107.0
2026/5/25,14:15:56,116.8
2026/5/25,14:17:20,126.8
2026/5/25,14:18:44,136.9
2026/5/25,14:20:08,147.0
2026/5/25,14:21:32,157.5
2026/5/25,14:22:57,167.8
2026/5/25,14:24:20,177.9
2026/5/25,14:25:45,187.4
2026/5/25,14:27:09,196.9
2026/5/25,14:28:33,207.3
2026/5/25,14:29:55,217.6
2026/5/25,14:31:19,226.8
2026/5/25,14:32:43,236.9
2026/5/25,14:34:07,247.4
2026/5/25,14:35:30,256.9
2026/5/25,14:36:54,266.8
2026/5/25,14:38:18,277.2
2026/5/25,14:39:42,286.3
2026/5/25,14:41:06,296.7
2026/5/25,14:42:30,306.7
2026/5/25,14:43:54,316.4
2026/5/25,14:45:18,327.1
2026/5/25,14:46:42,336.3
2026/5/25,15:30:42,266.8
2026/5/25,15:31:12,296.7
2026/5/25,15:31:46,316.4
2026/5/25,15:32:22,327.1
2026/5/25,16:32:42,266.8
2026/5/25,16:33:00,296.7
2026/5/25,16:36:34,316.4
2026/5/25,16:37:26,327.1
2026/5/25,17:46:15,96.9
2026/5/25,17:47:39,106.9
2026/5/25,17:49:03,116.9
2026/5/25,17:50:27,126.7
2026/5/25,17:51:51,136.9
2026/5/25,17:53:15,147.0
2026/5/25,17:54:38,157.5
2026/5/25,17:56:02,167.8
2026/5/25,17:57:26,177.9
2026/5/25,17:58:51,187.3
2026/5/25,18:00:15,196.9
2026/5/25,18:01:39,207.3
2026/5/25,18:03:02,217.6
2026/5/25,18:04:26,227.1
2026/5/25,18:05:50,236.9
2026/5/25,18:07:14,247.4
2026/5/25,18:08:38,256.9
2026/5/25,18:10:02,266.8
2026/5/25,18:11:25,277.2
2026/5/25,18:12:49,286.4
2026/5/25,18:14:13,296.7
2026/5/25,18:15:37,306.7
2026/5/25,18:17:01,316.5
2026/5/25,18:18:25,327.0
2026/5/25,18:19:49,336.6
2026/5/26,00:27:14,96.9
2026/5/26,00:28:58,107.0
2026/5/26,00:30:44,116.9
2026/5/26,00:32:25,126.8
2026/5/26,00:34:08,136.8
2026/5/26,00:35:26,147.0
2026/5/26,00:36:48,157.5
2026/5/26,00:38:04,167.8
2026/5/26,00:39:24,177.9
2026/5/26,00:40:51,187.5
2026/5/26,00:42:15,197.0
2026/5/26,00:43:38,207.3
2026/5/26,00:46:45,217.5
2026/5/26,00:48:05,227.0
2026/5/26,00:59:26,236.9
2026/5/26,01:00:47,247.4
2026/5/26,01:02:23,256.9
2026/5/26,01:03:47,266.8
2026/5/26,01:05:11,277.2
2026/5/26,01:06:35,286.3
2026/5/26,01:07:59,296.7
2026/5/26,03:46:42,187.4
2026/5/26,07:15:12,227.0
2026/5/26,07:15:30,256.8
2026/5/26,07:18:52,266.7
2026/5/26,07:19:45,316.4
2026/5/26,12:25:34,247.4
2026/5/26,12:26:35,256.8
2026/5/26,12:28:05,266.7
2026/5/26,12:29:25,277.2
2026/5/26,13:48:12,97.0
2026/5/26,13:48:29,107.0
2026/5/26,13:52:29,117.0
2026/5/26,13:53:22,126.8
2026/5/26,15:02:13,96.9
2026/5/26,15:03:37,106.9
2026/5/26,15:05:01,116.9
2026/5/26,15:06:25,126.7
2026/5/26,15:07:49,136.9
2026/5/26,15:09:13,147.0
2026/5/26,15:10:37,157.5
2026/5/26,15:12:01,167.8
2026/5/26,15:13:25,177.8
2026/5/26,15:14:50,187.3
2026/5/26,15:16:14,196.9
2026/5/26,15:17:37,207.3
2026/5/26,15:19:01,217.6
2026/5/26,15:20:24,227.1
2026/5/26,15:21:48,236.9
2026/5/26,15:23:12,247.4
2026/5/26,15:24:36,256.8
2026/5/26,15:26:00,266.8
2026/5/26,15:27:24,277.3
2026/5/26,15:28:48,286.3
2026/5/26,15:30:12,296.7
2026/5/26,15:31:36,306.7
2026/5/26,15:33:00,316.4
2026/5/26,15:34:23,327.2
2026/5/26,15:35:48,336.7
2026/5/26,16:47:07,96.9
2026/5/26,16:48:31,106.9
2026/5/26,16:49:55,116.8
2026/5/26,16:51:19,126.8
2026/5/26,16:52:43,136.8
2026/5/26,16:54:07,147.0
2026/5/26,16:55:31,157.5
2026/5/26,16:56:55,167.8
2026/5/26,16:58:19,177.8
2026/5/26,16:59:43,187.3
2026/5/26,17:01:07,196.9
2026/5/26,17:02:31,207.3
2026/5/26,17:04:35,217.6
2026/5/26,17:05:18,227.1
2026/5/26,17:06:42,236.9
2026/5/26,17:08:06,247.4
2026/5/26,17:09:29,256.9
2026/5/26,17:10:57,266.8
2026/5/26,17:12:17,277.2
2026/5/26,17:13:42,286.3
2026/5/26,17:15:06,296.7
2026/5/26,17:16:30,306.7
2026/5/26,17:17:54,316.5
2026/5/26,17:19:18,327.1
2026/5/26,17:20:42,336.6
2026/5/26,18:26:25,96.9
2026/5/26,18:27:48,107.0
2026/5/26,18:29:13,116.9
2026/5/26,18:30:36,126.7
2026/5/26,18:32:01,136.8
2026/5/26,18:33:25,147.0
2026/5/26,18:34:48,157.5
2026/5/26,18:36:12,167.8
2026/5/26,18:37:37,177.8
2026/5/26,18:39:00,187.4
2026/5/26,18:40:24,196.9
2026/5/26,18:41:48,207.3
2026/5/26,18:43:32,217.6
2026/5/26,18:44:35,227.1
2026/5/26,18:45:59,236.9
2026/5/26,18:47:23,247.4
2026/5/26,18:48:46,256.8
2026/5/26,18:50:11,266.8
2026/5/26,18:51:34,277.2
2026/5/26,18:52:58,286.3
2026/5/26,18:54:22,296.7
2026/5/26,18:55:46,306.7
2026/5/26,18:57:10,316.4
2026/5/26,18:58:34,327.1
2026/5/26,18:59:58,336.7
2026/5/26,19:46:08,96.9
2026/5/26,19:47:32,106.9
2026/5/26,19:48:56,116.9
2026/5/26,19:50:20,126.7
2026/5/26,19:51:44,136.9
2026/5/26,19:53:08,147.0
2026/5/26,19:54:32,157.5
2026/5/26,19:55:56,167.8
2026/5/26,19:57:22,177.9
2026/5/26,19:58:51,187.4
2026/5/26,20:00:11,197.0
2026/5/26,20:01:32,207.3
2026/5/26,20:03:16,217.6
2026/5/26,20:04:18,227.0
2026/5/26,20:05:43,236.9
2026/5/26,20:07:06,247.4
2026/5/26,20:08:30,256.9
2026/5/26,20:09:54,266.8
2026/5/26,20:11:18,277.2
2026/5/26,20:12:42,286.3
2026/5/26,20:14:06,296.7
2026/5/26,20:15:30,306.7
2026/5/26,20:16:54,316.4
2026/5/26,20:18:18,327.1
2026/5/26,20:19:43,336.7
2026/5/26,21:31:02,96.9
2026/5/26,21:32:26,106.9
2026/5/26,21:33:50,116.9
2026/5/26,21:35:14,126.7
2026/5/26,21:36:38,136.8
2026/5/26,21:38:02,147.0
2026/5/26,21:39:26,157.5
2026/5/26,21:40:50,167.8
2026/5/26,21:42:14,177.8
2026/5/26,21:43:38,187.3
2026/5/26,21:45:02,196.9
2026/5/26,21:46:26,207.3
2026/5/26,21:48:10,217.4
2026/5/26,21:49:12,226.9
2026/5/26,21:50:38,236.9
2026/5/26,21:52:00,247.4
2026/5/26,21:53:24,256.8
2026/5/26,21:54:48,266.8
2026/5/26,21:56:12,277.2
2026/5/26,21:57:36,286.4
2026/5/26,21:59:00,296.7
2026/5/26,22:00:24,306.6
2026/5/26,22:01:48,316.4
2026/5/26,22:03:12,327.1
2026/5/26,22:04:36,336.7
2026/5/26,23:15:55,96.9
2026/5/26,23:17:19,106.9
2026/5/26,23:18:43,116.9
2026/5/26,23:20:07,126.7
2026/5/26,23:21:31,136.9
2026/5/26,23:22:55,147.0
2026/5/26,23:24:19,157.5
2026/5/26,23:25:43,167.8
2026/5/26,23:27:07,177.8
2026/5/26,23:28:32,187.4
2026/5/26,23:29:55,197.0
2026/5/26,23:31:20,207.3
2026/5/26,23:32:42,217.6
2026/5/26,23:34:06,227.0
2026/5/26,23:35:30,236.9
2026/5/26,23:36:54,247.3
2026/5/26,23:38:18,256.9
2026/5/26,23:39:42,266.7
2026/5/26,23:41:06,277.2
2026/5/26,23:42:30,286.3
2026/5/26,23:43:54,296.7
2026/5/26,23:45:18,306.7
2026/5/26,23:46:42,316.5
2026/5/26,23:48:06,327.1
2026/5/26,23:49:30,336.4
2026/5/27,01:00:49,96.9
2026/5/27,01:02:13,106.9
2026/5/27,01:03:37,116.9
2026/5/27,01:05:01,126.7
2026/5/27,01:06:26,136.9
2026/5/27,01:07:49,147.0
2026/5/27,01:09:13,157.5
2026/5/27,01:10:37,167.8
2026/5/27,01:12:01,177.9
2026/5/27,01:13:26,187.4
2026/5/27,01:14:50,196.9
2026/5/27,01:16:14,207.3
2026/5/27,01:17:57,217.6
2026/5/27,01:19:00,227.1
2026/5/27,01:20:24,236.9
2026/5/27,01:21:48,247.4
2026/5/27,01:23:12,256.9
2026/5/27,01:24:36,266.8
2026/5/27,01:26:00,277.2
2026/5/27,01:27:25,286.3
2026/5/27,01:28:48,296.6
2026/5/27,01:30:12,306.7
2026/5/27,01:31:36,316.4
2026/5/27,01:33:00,327.1
2026/5/27,01:34:24,336.6
2026/5/27,02:16:22,96.9
2026/5/27,02:17:46,106.9
2026/5/27,02:19:10,116.9
2026/5/27,02:20:34,126.7
2026/5/27,02:21:58,136.8
2026/5/27,02:23:22,147.0
2026/5/27,02:24:45,157.5
2026/5/27,02:26:09,167.8
2026/5/27,02:27:33,177.8
2026/5/27,02:28:58,187.4
2026/5/27,02:30:29,196.9
2026/5/27,02:31:49,207.3
2026/5/27,02:33:30,217.6
2026/5/27,02:34:33,227.1
2026/5/27,02:35:56,236.9
2026/5/27,02:37:20,247.4
2026/5/27,02:38:44,256.8
2026/5/27,02:40:08,266.8
2026/5/27,02:41:32,277.2
2026/5/27,02:42:56,286.3
2026/5/27,02:44:20,296.7
2026/5/27,02:45:44,306.7
2026/5/27,02:47:08,316.5
2026/5/27,02:48:32,327.1
2026/5/27,02:49:56,336.7
2026/5/27,04:01:15,96.9
2026/5/27,04:02:39,106.9
2026/5/27,04:04:04,116.9
2026/5/27,04:05:28,126.7
2026/5/27,04:06:51,136.9
2026/5/27,04:08:15,147.0
2026/5/27,04:09:40,157.5
2026/5/27,04:11:03,167.8
2026/5/27,04:12:28,177.9
2026/5/27,04:13:52,187.4
2026/5/27,04:15:16,196.9
2026/5/27,04:16:40,207.3
2026/5/27,04:18:24,217.6
2026/5/27,04:19:26,226.8
2026/5/27,04:20:50,236.9
2026/5/27,04:22:14,247.4
2026/5/27,04:23:38,256.9
2026/5/27,04:25:02,266.8
2026/5/27,04:26:25,277.3
2026/5/27,04:27:50,286.3
2026/5/27,04:29:13,296.7
2026/5/27,04:30:37,306.6
2026/5/27,04:32:01,316.4
2026/5/27,04:33:25,327.1
2026/5/27,04:34:49,336.3
2026/5/27,05:46:13,96.9
2026/5/27,05:47:33,106.9
2026/5/27,05:48:57,116.9
2026/5/27,05:50:21,126.8
2026/5/27,05:51:45,136.8
2026/5/27,05:53:09,147.0
2026/5/27,05:54:33,157.5
2026/5/27,05:55:57,167.8
2026/5/27,05:57:21,177.8
2026/5/27,05:58:45,187.4
2026/5/27,06:00:09,197.0
2026/5/27,06:01:33,207.3
2026/5/27,06:03:17,217.6
2026/5/27,06:04:20,227.0
2026/5/27,06:05:44,236.9
2026/5/27,06:07:08,247.4
2026/5/27,06:08:32,256.9
2026/5/27,06:09:56,266.8
2026/5/27,06:11:19,277.2
2026/5/27,06:12:43,286.3
2026/5/27,06:14:08,296.7
2026/5/27,06:15:31,306.7
2026/5/27,06:16:55,316.4
2026/5/27,06:18:19,327.1
2026/5/27,06:19:43,336.6
2026/5/27,07:31:03,96.9
2026/5/27,07:32:27,106.9
2026/5/27,07:33:50,116.9
2026/5/27,07:35:14,126.7
2026/5/27,07:36:38,136.9
2026/5/27,07:38:02,147.0
2026/5/27,07:39:26,157.5
2026/5/27,07:40:50,167.8
2026/5/27,07:42:14,177.8
2026/5/27,07:43:38,187.4
2026/5/27,07:45:01,197.0
2026/5/27,07:46:26,207.3
2026/5/27,07:47:49,217.6
2026/5/27,07:49:54,226.9
2026/5/27,07:50:37,236.9
2026/5/27,07:52:01,247.4
2026/5/27,07:53:24,256.8
2026/5/27,07:54:48,266.8
2026/5/27,07:56:13,277.2
2026/5/27,07:57:36,286.3
2026/5/27,07:59:00,296.7
2026/5/27,08:00:24,306.7
2026/5/27,08:01:48,316.4
2026/5/27,08:03:12,327.1
2026/5/27,08:04:36,336.7
2026/5/27,09:02:02,96.9
2026/5/27,09:03:21,106.9
2026/5/27,09:04:43,116.9
2026/5/27,09:06:07,126.7
2026/5/27,09:07:31,136.9
2026/5/27,09:08:55,147.0
2026/5/27,09:10:20,157.5
2026/5/27,09:11:44,167.8
2026/5/27,09:13:08,177.8
2026/5/27,09:14:32,187.4
2026/5/27,09:15:56,196.9
2026/5/27,09:17:20,207.3
2026/5/27,09:19:04,217.6
2026/5/27,09:20:06,226.8
2026/5/27,09:22:12,236.9
2026/5/27,09:22:55,247.4
2026/5/27,09:24:18,256.9
2026/5/27,09:25:43,266.8
2026/5/27,09:27:06,277.2
2026/5/27,09:28:30,286.4
2026/5/27,09:29:54,296.7
2026/5/27,09:31:18,306.7
2026/5/27,09:32:42,316.4
2026/5/27,09:34:06,327.1
2026/5/27,09:35:30,336.3
2026/5/27,10:00:38,96.9
2026/5/27,10:01:38,107.0
2026/5/27,10:03:09,116.9
2026/5/27,10:04:28,126.8
2026/5/27,10:05:49,136.8
2026/5/27,10:07:09,147.0
2026/5/27,10:08:31,157.5
2026/5/27,10:09:54,167.8
2026/5/27,10:11:18,177.8
2026/5/27,10:12:42,187.3
2026/5/27,10:14:06,196.9
2026/5/27,10:16:11,207.3
2026/5/27,10:16:53,217.6
2026/5/27,10:18:17,227.1
2026/5/27,10:19:16,236.9
2026/5/27,10:20:36,247.4
2026/5/27,10:21:57,256.8
2026/5/27,10:23:17,266.8
2026/5/27,10:24:38,277.2
2026/5/27,10:26:07,286.3
2026/5/27,10:27:36,296.7
2026/5/27,10:29:02,306.7
2026/5/27,10:30:53,316.4
2026/5/27,10:31:54,327.1
2026/5/27,11:08:39,116.9
2026/5/27,11:10:03,126.7
2026/5/27,11:11:27,136.8
2026/5/27,11:12:51,147.0
2026/5/27,11:14:15,157.5
2026/5/27,11:15:39,167.8
2026/5/27,11:17:04,177.9
2026/5/27,11:18:28,187.4
2026/5/27,11:19:51,197.0
2026/5/27,11:21:15,207.3
2026/5/27,11:22:40,217.5
2026/5/27,11:24:05,226.9
2026/5/27,11:25:33,236.9
2026/5/27,11:26:53,247.4
2026/5/27,11:28:14,256.9
2026/5/27,11:29:38,266.8
2026/5/27,11:31:02,277.2
2026/5/27,11:32:26,286.3
2026/5/27,11:33:50,296.7
2026/5/27,11:35:14,306.7
2026/5/27,11:36:38,316.4
2026/5/27,11:38:02,327.1
2026/5/27,11:39:26,336.5
2026/5/27,12:17:13,96.9
2026/5/27,12:18:37,106.9
2026/5/27,12:20:01,116.8
2026/5/27,12:21:31,126.8
2026/5/27,12:22:51,136.8
2026/5/27,12:24:12,147.0
2026/5/27,12:25:37,157.5
2026/5/27,12:27:01,167.8
2026/5/27,12:28:25,177.8
2026/5/27,12:29:49,187.3
2026/5/27,12:31:13,197.0
2026/5/27,12:32:37,207.3
2026/5/27,12:34:21,217.6
2026/5/27,12:35:24,227.1
2026/5/27,12:36:48,236.9
2026/5/27,12:38:12,247.4
2026/5/27,12:39:36,256.9
2026/5/27,12:41:00,266.8
2026/5/27,12:42:24,277.3
2026/5/27,12:43:47,286.3
2026/5/27,12:45:12,296.7
2026/5/27,12:46:35,306.7
2026/5/27,12:48:01,316.4
2026/5/27,12:49:29,327.1
2026/5/27,12:50:50,336.6
2026/5/27,14:05:47,96.9
2026/5/27,14:07:07,106.9
2026/5/27,14:08:28,116.9
2026/5/27,14:09:47,126.7
2026/5/27,14:11:09,136.9
2026/5/27,14:12:36,147.0
2026/5/27,14:14:04,157.5
2026/5/27,14:15:31,167.7
2026/5/27,14:16:59,177.8
2026/5/27,14:18:19,187.3
2026/5/27,14:19:40,196.9
2026/5/27,14:21:00,207.3
2026/5/27,14:22:22,217.6
2026/5/27,14:23:41,226.7
2026/5/27,14:25:02,236.9
2026/5/27,14:26:21,247.4
2026/5/27,14:27:43,256.8
2026/5/27,14:29:03,266.8
2026/5/27,14:30:24,277.2
2026/5/27,14:31:44,286.3
2026/5/27,14:33:06,296.7
2026/5/27,14:34:26,306.7
2026/5/27,14:35:47,316.4
2026/5/27,14:37:07,327.1
2026/5/27,14:38:31,336.3
2026/5/27,15:49:52,126.8
2026/5/27,15:51:16,136.9
2026/5/27,15:52:40,147.0
2026/5/27,15:54:05,157.5
2026/5/27,15:55:28,167.8
2026/5/27,15:56:52,177.8
2026/5/27,15:58:16,187.4
2026/5/27,15:59:41,196.9
2026/5/27,16:01:04,207.3
2026/5/27,16:02:28,217.6
2026/5/27,16:03:53,227.1
2026/5/27,16:05:17,236.8
2026/5/27,16:07:01,247.4
2026/5/27,16:08:05,256.9
2026/5/27,16:09:27,266.8
2026/5/27,16:10:51,277.3
2026/5/27,16:12:15,286.3
2026/5/27,16:13:40,296.7
2026/5/27,16:15:04,306.7
2026/5/27,16:16:28,316.4
2026/5/27,16:17:52,327.1
2026/5/27,16:19:16,336.3
2026/5/27,16:57:21,96.9
2026/5/27,16:58:45,106.9
2026/5/27,17:00:09,116.9
2026/5/27,17:01:33,126.8
2026/5/27,17:02:57,136.9
2026/5/27,17:04:22,147.0
2026/5/27,17:05:45,157.5
2026/5/27,17:07:09,167.8
2026/5/27,17:08:33,177.9
2026/5/27,17:09:57,187.4
2026/5/27,17:11:21,196.9
2026/5/27,17:12:45,207.3
2026/5/27,17:14:29,217.6
2026/5/27,17:15:32,227.2
2026/5/27,17:16:56,236.9
2026/5/27,17:18:20,247.4
2026/5/27,17:19:45,256.8
2026/5/27,17:21:08,266.8
2026/5/27,17:22:32,277.2
2026/5/27,17:23:56,286.3
2026/5/27,17:25:20,296.7
2026/5/27,17:26:44,306.7
2026/5/27,17:28:08,316.4
2026/5/27,17:29:33,327.1
2026/5/27,17:30:56,336.4
2026/5/27,18:39:28,96.9
2026/5/27,18:40:52,106.9
2026/5/27,18:42:16,116.9
2026/5/27,18:43:40,126.7
2026/5/27,18:45:04,136.8
2026/5/27,18:46:28,147.0
2026/5/27,18:47:52,157.5
2026/5/27,18:49:17,167.8
2026/5/27,18:50:41,177.8
2026/5/27,18:52:05,187.3
2026/5/27,18:53:29,197.0
2026/5/27,18:54:53,207.3
2026/5/27,18:56:37,217.6
2026/5/27,18:57:39,227.0
2026/5/27,18:59:03,236.9
2026/5/27,19:00:27,247.4
2026/5/27,19:01:51,256.8
2026/5/27,19:03:15,266.8
2026/5/27,19:04:39,277.2
2026/5/27,19:06:03,286.2
2026/5/27,19:07:26,296.7
2026/5/27,19:08:51,306.6
2026/5/27,19:10:15,316.4
2026/5/27,19:11:39,327.1
2026/5/27,19:13:03,336.6
2026/5/27,20:24:24,96.9
2026/5/27,20:25:48,106.9
2026/5/27,20:27:11,116.9
2026/5/27,20:28:36,126.7
2026/5/27,20:29:59,136.8
2026/5/27,20:31:23,147.0
2026/5/27,20:32:47,157.5
2026/5/27,20:34:11,167.8
2026/5/27,20:35:36,177.9
2026/5/27,20:37:00,187.4
2026/5/27,20:38:24,196.9
2026/5/27,20:39:48,207.3
2026/5/27,20:41:11,217.6
2026/5/27,20:43:16,227.0
2026/5/27,20:43:58,236.9
2026/5/27,20:45:22,247.4
2026/5/27,20:46:46,256.8
2026/5/27,20:48:14,266.8
2026/5/27,20:49:34,277.2
2026/5/27,20:50:58,286.3
2026/5/27,20:52:22,296.7
2026/5/27,20:53:46,306.7
2026/5/27,20:55:10,316.4
2026/5/27,20:56:34,327.2
2026/5/27,20:57:57,336.7
2026/5/27,21:41:20,97.0
2026/5/27,21:42:44,107.0
2026/5/27,21:44:08,116.9
2026/5/27,21:45:32,126.8
2026/5/27,21:46:56,136.8
2026/5/27,21:48:20,147.0
2026/5/27,21:49:44,157.5
2026/5/27,21:51:06,167.8
2026/5/27,21:52:30,177.8
2026/5/27,21:53:54,187.4
2026/5/27,21:55:18,196.9
2026/5/27,21:56:42,207.3
2026/5/27,21:58:27,217.6
2026/5/27,21:59:29,227.0
2026/5/27,22:00:53,236.9
2026/5/27,22:02:17,247.4
2026/5/27,22:03:41,256.8
2026/5/27,22:05:05,266.7
2026/5/27,22:06:29,277.2
2026/5/27,22:07:53,286.3
2026/5/27,22:09:17,296.7
2026/5/27,22:10:41,306.7
2026/5/27,22:12:05,316.4
2026/5/27,22:13:29,327.1
2026/5/27,22:14:53,336.2
2026/5/27,23:26:13,96.9
2026/5/27,23:27:37,106.9
2026/5/27,23:29:00,116.9
2026/5/27,23:30:25,126.7
2026/5/27,23:31:49,136.8
2026/5/27,23:33:13,147.0
2026/5/27,23:34:37,157.5
2026/5/27,23:36:05,167.8
2026/5/27,23:37:25,177.8
2026/5/27,23:38:49,187.4
2026/5/27,23:40:13,196.9
2026/5/27,23:41:37,207.3
2026/5/27,23:43:00,217.5
2026/5/27,23:44:24,226.9
2026/5/27,23:45:48,236.9
2026/5/27,23:47:12,247.4
2026/5/27,23:48:36,256.8
2026/5/27,23:50:00,266.8
2026/5/27,23:51:24,277.3
2026/5/27,23:52:48,286.3
2026/5/27,23:54:11,296.7
2026/5/27,23:55:35,306.7
2026/5/27,23:56:59,316.4
2026/5/27,23:58:23,327.1
2026/5/27,23:59:47,336.7
2026/5/28,00:40:23,97.0
2026/5/28,00:41:47,106.9
2026/5/28,00:43:11,116.8
2026/5/28,00:44:34,126.8
2026/5/28,00:45:58,136.9
2026/5/28,00:47:22,147.0
2026/5/28,00:48:46,157.5
2026/5/28,00:50:10,167.8
2026/5/28,00:51:34,177.9
2026/5/28,00:53:17,187.3
2026/5/28,00:54:21,197.0
2026/5/28,00:55:44,207.3
2026/5/28,00:57:29,217.6
2026/5/28,00:58:32,227.0
2026/5/28,00:59:59,236.9
2026/5/28,01:01:20,247.4
2026/5/28,01:02:43,256.7
2026/5/28,01:04:07,266.8
2026/5/28,01:05:31,277.2
2026/5/28,01:06:55,286.3
2026/5/28,01:08:19,296.7
2026/5/28,01:09:43,306.7
2026/5/28,01:11:07,316.4
2026/5/28,01:12:31,327.1
2026/5/28,01:13:56,336.6
2026/5/28,02:25:17,96.9
2026/5/28,02:26:41,106.9
2026/5/28,02:28:05,116.9
2026/5/28,02:29:29,126.7
2026/5/28,02:30:53,136.9
2026/5/28,02:32:17,147.0
2026/5/28,02:33:41,157.5
2026/5/28,02:35:05,167.8
2026/5/28,02:36:29,177.8
2026/5/28,02:37:53,187.3
2026/5/28,02:39:17,196.9
2026/5/28,02:40:41,207.3
2026/5/28,02:42:25,217.6
2026/5/28,02:43:28,226.8
2026/5/28,02:45:33,236.9
2026/5/28,02:46:15,247.4
2026/5/28,02:47:39,256.9
2026/5/28,02:49:04,266.8
2026/5/28,02:50:28,277.2
2026/5/28,02:51:52,286.3
2026/5/28,02:53:16,296.7
2026/5/28,02:54:39,306.7
2026/5/28,02:56:03,316.3
2026/5/28,02:57:28,327.1
2026/5/28,02:58:52,336.3
2026/5/28,03:40:50,96.9
2026/5/28,03:42:14,107.0
2026/5/28,03:43:38,116.9
2026/5/28,03:45:01,126.8
2026/5/28,03:46:25,136.8
2026/5/28,03:47:49,147.0
2026/5/28,03:49:13,157.5
2026/5/28,03:50:37,167.8
2026/5/28,03:52:00,177.9
2026/5/28,03:53:24,187.4
2026/5/28,03:54:57,196.9
2026/5/28,03:56:13,207.3
2026/5/28,03:57:36,217.6
2026/5/28,03:59:00,227.1
2026/5/28,04:00:24,236.9
2026/5/28,04:01:48,247.4
2026/5/28,04:03:12,256.8
2026/5/28,04:04:36,266.8
2026/5/28,04:06:00,277.3
2026/5/28,04:07:23,286.3
2026/5/28,04:08:47,296.7
2026/5/28,04:10:11,306.6
2026/5/28,04:11:35,316.4
2026/5/28,04:12:59,327.2
2026/5/28,04:14:22,336.7
2026/5/28,06:47:44,296.7
2026/5/28,06:48:01,306.6
2026/5/28,06:51:50,316.4
2026/5/28,06:52:42,327.1
2026/5/28,10:59:28,97.0
2026/5/28,11:00:46,107.0
2026/5/28,11:02:06,116.9
2026/5/28,11:03:34,126.8
2026/5/28,15:06:44,217.6
2026/5/28,15:07:01,227.1
2026/5/28,15:10:35,236.9
2026/5/28,15:11:28,256.7
2026/5/28,16:13:43,227.1
2026/5/28,16:14:00,236.9
2026/5/28,16:17:17,247.4
2026/5/28,16:18:08,256.8
2026/5/28,17:26:59,96.9
2026/5/28,17:28:23,106.9
2026/5/28,17:29:47,116.9
2026/5/28,17:31:11,126.7
2026/5/28,17:32:35,136.9
2026/5/28,17:33:59,147.0
2026/5/28,17:35:23,157.5
2026/5/28,17:36:47,167.8
2026/5/28,17:38:11,177.8
2026/5/28,17:39:35,187.3
2026/5/28,17:40:59,196.9
2026/5/28,17:42:23,207.3
2026/5/28,17:44:07,217.6
2026/5/28,17:45:09,226.9
2026/5/28,17:46:33,236.9
2026/5/28,17:47:57,247.4
2026/5/28,17:49:21,256.8
2026/5/28,17:50:45,266.8
2026/5/28,17:52:09,277.2
2026/5/28,17:53:33,286.3
2026/5/28,17:54:57,296.7
2026/5/28,17:56:21,306.7
2026/5/28,17:57:45,316.4
2026/5/28,17:59:09,327.1
2026/5/28,18:00:33,336.7
2026/5/28,19:11:52,96.9
2026/5/28,19:13:16,106.9
2026/5/28,19:14:40,116.8
2026/5/28,19:16:04,126.7
2026/5/28,19:17:28,136.8
2026/5/28,19:18:52,147.0
2026/5/28,19:20:16,157.5
2026/5/28,19:21:40,167.8
2026/5/28,19:23:04,177.8
2026/5/28,19:24:28,187.3
2026/5/28,19:25:52,197.0
2026/5/28,19:27:16,207.3
2026/5/28,19:29:00,217.6
2026/5/28,19:30:03,227.1
2026/5/28,19:31:27,236.9
2026/5/28,19:32:51,247.4
2026/5/28,19:34:16,256.9
2026/5/28,19:35:43,266.8
2026/5/28,19:37:03,277.2
2026/5/28,19:38:26,286.3
2026/5/28,19:39:50,296.7
2026/5/28,19:41:14,306.7
2026/5/28,19:42:38,316.3
2026/5/28,19:44:02,327.1
2026/5/28,19:45:26,336.6
2026/5/28,20:56:46,96.9
2026/5/28,20:58:10,106.9
2026/5/28,20:59:37,116.9
2026/5/28,21:00:58,126.7
2026/5/28,21:02:22,136.9
2026/5/28,21:03:47,147.0
2026/5/28,21:05:11,157.5
2026/5/28,21:06:35,167.8
2026/5/28,21:07:59,177.8
2026/5/28,21:09:23,187.3
2026/5/28,21:10:47,197.0
2026/5/28,21:12:11,207.3
2026/5/28,21:14:15,217.6
2026/5/28,21:14:58,227.0
2026/5/28,21:16:21,236.9
2026/5/28,21:17:45,247.3
2026/5/28,21:19:09,256.8
2026/5/28,21:20:33,266.8
2026/5/28,21:21:57,277.2
2026/5/28,21:23:21,286.3
2026/5/28,21:24:45,296.7
2026/5/28,21:26:09,306.7
2026/5/28,21:27:33,316.4
2026/5/28,21:28:57,327.1
2026/5/28,21:30:20,336.7
2026/5/28,22:09:31,97.0
2026/5/28,22:10:55,107.0
2026/5/28,22:12:19,116.9
2026/5/28,22:13:44,126.8
2026/5/28,22:15:07,136.9
2026/5/28,22:16:32,147.0
2026/5/28,22:18:04,157.5
2026/5/28,22:19:37,167.8
2026/5/28,22:21:08,177.9
2026/5/28,22:22:41,187.4
2026/5/28,22:24:15,196.9
2026/5/28,22:25:49,207.3
2026/5/28,22:27:57,217.6
2026/5/28,22:29:12,227.0
2026/5/28,22:30:36,236.9
2026/5/28,22:32:00,247.4
2026/5/28,22:33:30,256.8
2026/5/28,22:35:03,266.8
2026/5/28,22:36:36,277.3
2026/5/28,22:38:10,286.4
2026/5/28,22:39:41,296.7
2026/5/28,22:41:13,306.7
2026/5/28,22:42:47,316.4
2026/5/28,22:44:21,327.1
2026/5/28,22:45:52,336.3
2026/5/28,23:56:11,97.0
2026/5/28,23:57:35,106.9
2026/5/28,23:58:35,116.9
2026/5/28,23:59:56,126.7
2026/5/29,00:01:15,136.8
2026/5/29,00:02:34,157.5
2026/5/29,00:03:53,167.8
2026/5/29,00:05:13,177.8
2026/5/29,00:06:32,187.3
2026/5/29,00:07:52,196.9
2026/5/29,00:09:10,207.3
2026/5/29,00:10:31,217.6
2026/5/29,00:12:15,226.9
2026/5/29,00:13:08,236.9
2026/5/29,00:14:26,247.4
2026/5/29,00:15:47,256.8
2026/5/29,00:17:11,266.8
2026/5/29,00:18:37,277.3
2026/5/29,00:20:04,286.2
2026/5/29,00:21:33,296.8
2026/5/29,00:22:51,306.8
2026/5/29,00:24:11,316.5
2026/5/29,00:25:34,327.1
2026/5/29,00:26:58,336.7
2026/5/29,01:06:19,97.0
2026/5/29,01:07:51,107.0
2026/5/29,01:09:25,116.9
2026/5/29,01:10:58,126.8
2026/5/29,01:12:21,136.9
2026/5/29,01:13:42,147.0
2026/5/29,01:15:06,157.5
2026/5/29,01:17:10,167.8
2026/5/29,01:17:54,177.9
2026/5/29,01:19:20,187.4
2026/5/29,01:20:46,196.9
2026/5/29,01:22:05,207.3
2026/5/29,01:23:29,217.5
2026/5/29,01:24:53,227.0
2026/5/29,01:26:17,236.9
2026/5/29,01:27:41,247.4
2026/5/29,01:28:41,256.8
2026/5/29,01:29:59,266.7
2026/5/29,01:31:19,277.2
2026/5/29,01:32:37,286.3
2026/5/29,01:33:56,296.7
2026/5/29,01:35:15,306.7
2026/5/29,01:36:35,316.4
2026/5/29,01:37:54,327.1
2026/5/29,01:39:13,336.3
2026/5/29,02:39:01,96.9
2026/5/29,02:40:25,106.9
2026/5/29,02:41:49,116.9
2026/5/29,02:43:15,126.7
2026/5/29,02:44:37,136.8
2026/5/29,02:46:00,147.0
2026/5/29,02:47:24,157.5
2026/5/29,02:48:48,167.8
2026/5/29,02:50:12,177.8
2026/5/29,02:51:36,187.3
2026/5/29,02:53:00,196.9
2026/5/29,02:54:24,207.3
2026/5/29,02:55:47,217.6
2026/5/29,02:57:11,227.1
2026/5/29,02:58:35,236.9
2026/5/29,02:59:59,247.5
2026/5/29,03:02:04,256.8
2026/5/29,03:02:47,266.8
2026/5/29,03:04:11,277.2
2026/5/29,03:05:35,286.2
2026/5/29,03:06:59,296.7
2026/5/29,03:08:23,306.7
2026/5/29,03:09:47,316.4
2026/5/29,03:11:14,327.2
2026/5/29,03:12:34,336.6
2026/5/29,04:22:29,96.9
2026/5/29,04:23:53,106.9
2026/5/29,04:25:17,116.9
2026/5/29,04:26:40,126.8
2026/5/29,04:28:05,136.8
2026/5/29,04:29:28,147.0
2026/5/29,04:30:52,157.5
2026/5/29,04:32:16,167.8
2026/5/29,04:33:40,177.9
2026/5/29,04:35:13,187.4
2026/5/29,04:36:32,196.9
2026/5/29,04:37:52,207.3
2026/5/29,04:39:35,217.5
2026/5/29,04:40:38,226.8
2026/5/29,04:42:02,236.9
2026/5/29,04:43:26,247.4
2026/5/29,04:44:49,256.8
2026/5/29,04:46:13,266.8
2026/5/29,04:47:37,277.2
2026/5/29,04:49:01,286.2
2026/5/29,04:50:25,296.7
2026/5/29,04:51:49,306.7
2026/5/29,04:53:13,316.4
2026/5/29,04:54:37,327.1
2026/5/29,04:56:01,336.5
2026/5/29,06:07:24,97.0
2026/5/29,06:08:47,106.9
2026/5/29,06:10:11,116.9
2026/5/29,06:11:36,126.8
2026/5/29,06:13:00,136.9
2026/5/29,06:14:23,147.0
2026/5/29,06:15:48,157.5
2026/5/29,06:17:12,167.8
2026/5/29,06:18:35,177.9
2026/5/29,06:19:59,187.4
2026/5/29,06:21:24,197.0
2026/5/29,06:22:48,207.3
2026/5/29,06:24:10,217.6
2026/5/29,06:25:34,227.1
2026/5/29,06:26:58,236.9
2026/5/29,06:28:22,247.4
2026/5/29,06:29:46,256.8
2026/5/29,06:31:10,266.8
2026/5/29,06:32:34,277.2
2026/5/29,06:33:57,286.3
2026/5/29,06:35:22,296.7
2026/5/29,06:36:46,306.7
2026/5/29,06:38:10,316.4
2026/5/29,06:39:34,327.1
2026/5/29,06:40:57,336.7
2026/5/29,08:53:14,97.0
2026/5/29,08:53:31,107.0
2026/5/29,08:57:39,126.8
2026/5/29,08:58:29,136.8
2026/5/29,10:07:19,96.9
2026/5/29,10:08:43,106.9
2026/5/29,10:10:07,116.9
2026/5/29,10:11:31,126.8
2026/5/29,10:12:55,136.9
2026/5/29,10:14:19,147.0
2026/5/29,10:15:43,157.5
2026/5/29,10:17:07,167.8
2026/5/29,10:18:31,177.8
2026/5/29,10:19:55,187.4
2026/5/29,10:21:19,197.1
2026/5/29,10:22:43,207.3
2026/5/29,10:24:27,217.6
2026/5/29,10:25:30,227.1
2026/5/29,10:26:54,236.9
2026/5/29,10:28:19,247.4
2026/5/29,10:29:42,256.9
2026/5/29,10:31:06,266.7
2026/5/29,10:32:30,277.2
2026/5/29,10:33:54,286.3
2026/5/29,10:35:18,296.7
2026/5/29,10:36:42,306.7
2026/5/29,10:38:06,316.4
2026/5/29,10:39:30,327.0
2026/5/29,10:40:54,336.3
2026/5/29,11:18:41,96.9
2026/5/29,11:20:05,106.9
2026/5/29,11:21:29,116.9
2026/5/29,11:22:53,126.7
2026/5/29,11:24:17,136.8
2026/5/29,11:25:41,147.0
2026/5/29,11:27:05,157.5
2026/5/29,11:28:29,167.8
2026/5/29,11:29:53,177.8
2026/5/29,11:31:18,187.4
2026/5/29,11:32:42,197.0
2026/5/29,11:34:06,207.3
2026/5/29,11:35:29,217.5
2026/5/29,11:36:52,226.7
2026/5/29,11:38:16,236.9
2026/5/29,11:39:40,247.4
2026/5/29,11:41:04,256.8
2026/5/29,11:43:10,266.8
2026/5/29,11:44:34,277.2
2026/5/29,11:45:17,286.3
2026/5/29,11:46:40,296.7
2026/5/29,11:48:06,306.6
2026/5/29,11:49:28,316.5
2026/5/29,11:50:52,327.1
2026/5/29,11:52:16,336.2
2026/5/29,12:29:01,97.0
2026/5/29,12:30:24,107.0
2026/5/29,12:31:48,117.0
2026/5/29,12:33:12,126.8
2026/5/29,12:34:36,136.9
2026/5/29,12:36:00,147.0
2026/5/29,13:41:54,96.9
2026/5/29,13:42:54,107.0
2026/5/29,13:44:25,116.9
2026/5/29,13:45:43,126.8
2026/5/29,13:47:02,136.8
2026/5/29,13:48:21,147.0
2026/5/29,13:49:41,157.5
2026/5/29,13:51:08,167.8
2026/5/29,13:52:32,177.8
2026/5/29,13:53:56,187.4
2026/5/29,13:55:20,196.9
2026/5/29,13:56:17,207.3
2026/5/29,13:57:37,217.7
2026/5/29,13:58:54,226.9
2026/5/29,14:00:15,236.9
2026/5/29,14:01:33,247.4
2026/5/29,14:02:53,256.9
2026/5/29,14:04:11,266.8
2026/5/29,14:05:31,277.2
2026/5/29,14:06:59,286.3
2026/5/29,14:08:26,296.7
2026/5/29,14:09:51,306.6
2026/5/29,14:11:21,316.4
2026/5/29,14:12:40,327.2
2026/5/29,14:13:59,336.7
2026/5/29,16:36:44,296.7
2026/5/29,16:37:02,306.8
2026/5/29,16:41:20,316.4
2026/5/29,16:42:12,327.1
2026/5/29,17:21:38,96.9
2026/5/29,17:23:02,107.0
2026/5/29,17:24:26,116.9
2026/5/29,17:25:50,126.7
2026/5/29,17:27:14,136.9
2026/5/29,17:28:39,147.0
2026/5/29,17:30:03,157.5
2026/5/29,17:31:27,167.8
2026/5/29,17:32:49,177.8
2026/5/29,17:34:13,187.4
2026/5/29,17:35:37,196.9
2026/5/29,17:37:01,207.3
2026/5/29,17:38:25,217.6
2026/5/29,17:39:50,227.1
2026/5/29,17:41:13,236.9
2026/5/29,17:42:37,247.4
2026/5/29,17:44:01,256.9
2026/5/29,17:45:25,266.8
2026/5/29,17:46:49,277.2
2026/5/29,17:48:13,286.3
2026/5/29,17:49:37,296.7
2026/5/29,17:51:00,306.7
2026/5/29,17:52:24,316.4
2026/5/29,17:53:48,327.2
2026/5/29,17:55:12,336.7
2026/5/29,20:09:13,277.2
2026/5/29,20:09:31,286.3
2026/5/29,20:13:26,296.7
2026/5/29,20:14:18,306.7
2026/5/29,22:34:14,96.9
2026/5/29,22:34:31,107.0
2026/5/29,22:38:06,116.9
2026/5/29,22:38:57,126.8
2026/5/29,23:32:41,96.9
2026/5/29,23:33:40,107.0
2026/5/29,23:35:10,116.9
2026/5/29,23:36:28,126.7
2026/5/29,23:37:47,136.8
2026/5/29,23:39:05,147.0
2026/5/29,23:40:25,157.5
2026/5/29,23:41:52,167.8
2026/5/29,23:43:16,177.9
2026/5/29,23:44:40,187.4
2026/5/29,23:46:04,197.0
2026/5/29,23:47:01,207.3
2026/5/29,23:48:19,217.6
2026/5/29,23:49:38,226.8
2026/5/29,23:50:57,236.9
2026/5/29,23:52:16,247.4
2026/5/29,23:53:35,256.8
2026/5/29,23:54:53,266.8
2026/5/29,23:56:13,277.2
2026/5/29,23:57:41,286.3
2026/5/29,23:59:06,296.7
2026/5/30,00:00:31,306.7
2026/5/30,00:02:00,316.4
2026/5/30,00:03:18,327.1
2026/5/30,00:04:38,336.4
2026/5/30,01:54:14,96.9
2026/5/30,01:54:31,107.0
2026/5/30,01:58:41,116.9
2026/5/30,01:59:34,126.8
2026/5/30,03:25:44,136.9
2026/5/30,03:26:01,147.0
2026/5/30,03:29:31,167.8
2026/5/30,03:30:21,177.9
2026/5/30,04:27:34,97.0
2026/5/30,04:28:33,107.0
2026/5/30,04:30:03,116.9
2026/5/30,04:31:21,126.8
2026/5/30,04:32:40,136.8
2026/5/30,04:33:58,147.0
2026/5/30,04:35:18,157.5
2026/5/30,04:36:46,167.8
2026/5/30,04:38:10,177.9
2026/5/30,04:39:34,187.4
2026/5/30,04:40:58,197.0
2026/5/30,04:41:54,207.3
2026/5/30,04:43:13,217.4
2026/5/30,04:44:31,227.0
2026/5/30,04:45:51,236.9
2026/5/30,04:47:09,247.4
2026/5/30,04:48:28,256.8
2026/5/30,04:49:47,266.8
2026/5/30,04:51:06,277.2
2026/5/30,04:52:34,286.3
2026/5/30,04:54:02,296.7
2026/5/30,04:55:26,306.7
2026/5/30,04:56:56,316.4
2026/5/30,04:58:16,327.1
2026/5/30,04:59:35,336.6
2026/5/30,09:44:04,97.0
2026/5/30,09:45:47,107.0
2026/5/30,09:47:33,116.9
2026/5/30,09:49:14,126.8
2026/5/30,09:50:57,136.8
2026/5/30,09:52:14,147.0
2026/5/30,09:53:38,157.5
2026/5/30,09:54:53,167.8
2026/5/30,09:56:12,177.9
2026/5/30,09:57:39,187.5
2026/5/30,09:59:03,196.9
2026/5/30,10:00:26,207.3
2026/5/30,10:01:50,217.6
2026/5/30,10:02:48,227.1
2026/5/30,10:04:02,236.9
2026/5/30,10:05:22,247.4
2026/5/30,10:06:42,256.8
2026/5/30,10:08:06,266.8
2026/5/30,10:09:35,277.2
2026/5/30,10:10:54,286.3
2026/5/30,10:12:12,296.7
2026/5/30,12:52:24,217.5
2026/5/30,12:53:42,247.4
2026/5/30,15:57:44,187.4
2026/5/30,15:58:02,196.9
2026/5/30,16:01:14,207.3
2026/5/30,16:02:07,217.5
2026/5/30,20:38:15,236.9
2026/5/30,20:38:32,247.4
2026/5/30,20:41:45,256.8
2026/5/30,20:42:37,266.7
2026/5/31,01:02:46,266.8
2026/5/31,01:03:03,306.7
2026/5/31,01:06:48,316.4
2026/5/31,01:07:41,327.1
2026/5/31,01:35:16,266.8
2026/5/31,01:35:33,306.8
2026/5/31,01:39:11,316.4
2026/5/31,01:40:04,327.1
2026/5/31,03:55:55,96.9
2026/5/31,03:56:56,107.0
2026/5/31,03:58:26,117.0
2026/5/31,03:59:44,126.8
2026/5/31,04:01:03,136.9
2026/5/31,04:02:21,147.0
2026/5/31,04:03:41,157.5
2026/5/31,04:05:08,167.8
2026/5/31,04:06:32,177.9
2026/5/31,04:07:56,187.4
2026/5/31,04:09:19,196.9
2026/5/31,04:10:17,207.3
2026/5/31,04:11:37,217.6
2026/5/31,04:12:54,226.8
2026/5/31,04:14:14,236.9
2026/5/31,04:15:33,247.4
2026/5/31,04:16:51,256.8
2026/5/31,04:18:10,266.8
2026/5/31,04:19:30,277.2
2026/5/31,04:20:57,286.3
2026/5/31,04:22:24,296.7
2026/5/31,04:23:49,306.7
2026/5/31,04:25:19,316.4
2026/5/31,04:26:38,327.1
2026/5/31,04:27:57,336.3
2026/5/31,05:38:50,96.9
2026/5/31,05:40:14,106.9
2026/5/31,05:41:38,116.9
2026/5/31,05:43:02,126.8
2026/5/31,05:44:26,136.9
2026/5/31,05:45:49,147.0
2026/5/31,05:47:13,157.5
2026/5/31,05:48:37,167.8
2026/5/31,05:50:02,177.8
2026/5/31,05:51:25,187.4
2026/5/31,05:52:50,197.0
2026/5/31,05:54:14,207.3
2026/5/31,05:55:36,217.6
2026/5/31,05:57:00,226.8
2026/5/31,05:58:24,236.9
2026/5/31,05:59:48,247.4
2026/5/31,06:01:12,256.9
2026/5/31,06:02:36,266.8
2026/5/31,06:04:00,277.2
2026/5/31,06:05:23,286.3
2026/5/31,06:06:47,296.8
2026/5/31,06:08:12,306.6
2026/5/31,06:09:35,316.4
2026/5/31,06:11:00,327.1
2026/5/31,06:12:24,336.7
2026/5/31,06:48:45,97.0
2026/5/31,06:50:09,107.0
2026/5/31,06:51:33,116.9
2026/5/31,06:52:57,126.7
2026/5/31,06:54:21,136.9
2026/5/31,06:55:45,147.0
2026/5/31,06:57:09,157.5
2026/5/31,06:58:33,167.8
2026/5/31,06:59:57,177.9
2026/5/31,07:01:21,187.4
2026/5/31,07:02:46,196.9
2026/5/31,07:04:09,207.3
2026/5/31,07:05:31,217.6
2026/5/31,07:06:55,227.1
2026/5/31,07:08:19,236.9
2026/5/31,07:09:43,247.4
2026/5/31,07:11:06,256.8
2026/5/31,07:12:32,266.8
2026/5/31,07:13:54,277.2
2026/5/31,07:15:18,286.3
2026/5/31,07:16:41,296.7
2026/5/31,07:18:05,306.6
2026/5/31,07:19:29,316.4
2026/5/31,07:20:53,327.1
2026/5/31,07:22:17,336.4
2026/5/31,08:33:37,96.9
2026/5/31,08:35:01,107.0
2026/5/31,08:36:27,116.9
2026/5/31,08:37:49,126.8
2026/5/31,08:39:12,136.9
2026/5/31,08:40:37,147.0
2026/5/31,08:42:01,157.5
2026/5/31,08:43:24,167.8
2026/5/31,08:44:49,177.9
2026/5/31,08:46:12,187.3
2026/5/31,08:47:37,196.9
2026/5/31,08:49:00,207.3
2026/5/31,08:50:23,217.6
2026/5/31,08:51:46,227.2
2026/5/31,08:53:10,236.9
2026/5/31,08:54:34,247.3
2026/5/31,08:55:58,256.7
2026/5/31,08:57:22,266.8
2026/5/31,08:58:46,277.2
2026/5/31,09:00:10,286.3
2026/5/31,09:01:34,296.7
2026/5/31,09:02:58,306.7
2026/5/31,09:04:22,316.4
2026/5/31,09:05:46,327.1
2026/5/31,09:07:09,336.7
2026/5/31,10:18:30,97.0
2026/5/31,10:19:54,107.0
2026/5/31,10:21:18,116.9
2026/5/31,10:22:42,126.8
2026/5/31,10:24:06,136.8
2026/5/31,10:25:30,147.0
2026/5/31,10:26:54,157.5
2026/5/31,10:28:18,167.8
2026/5/31,10:29:42,177.9
2026/5/31,10:31:06,187.3
2026/5/31,10:32:30,196.9
2026/5/31,10:33:54,207.3
2026/5/31,11:45:11,96.9
2026/5/31,11:46:35,107.0
2026/5/31,11:47:59,116.9
2026/5/31,11:49:23,126.8
2026/5/31,11:50:47,136.9
2026/5/31,11:52:11,147.0
2026/5/31,11:53:35,157.5
2026/5/31,11:54:59,167.8
2026/5/31,11:56:23,177.9
2026/5/31,11:57:47,187.6
2026/5/31,11:59:11,197.0
2026/5/31,12:00:35,207.3
2026/5/31,12:01:57,217.6
2026/5/31,12:03:21,226.8
2026/5/31,12:04:44,236.9
2026/5/31,12:06:09,247.4
2026/5/31,12:07:32,256.9
2026/5/31,12:08:56,266.8
2026/5/31,12:10:20,277.2
2026/5/31,12:11:44,286.3
2026/5/31,12:13:08,296.6
2026/5/31,12:14:32,306.7
2026/5/31,12:15:56,316.4
2026/5/31,12:17:20,327.1
2026/5/31,12:18:44,336.6
2026/5/31,13:30:05,266.7
2026/5/31,13:31:30,277.2
2026/5/31,13:32:53,286.3
2026/5/31,13:34:17,296.6
2026/5/31,13:35:41,306.6
2026/5/31,13:37:05,316.4
2026/5/31,13:38:29,327.1
2026/5/31,13:39:53,336.5
2026/5/31,14:01:58,96.9
2026/5/31,14:02:54,106.9
2026/5/31,14:04:20,116.9
2026/5/31,14:05:46,126.8
2026/5/31,14:07:04,147.0
2026/5/31,14:08:25,157.5
2026/5/31,14:09:51,167.8
2026/5/31,14:11:10,177.9
2026/5/31,14:12:42,187.3
2026/5/31,14:14:06,196.9
2026/5/31,14:15:30,217.6
2026/5/31,14:16:27,227.0
2026/5/31,14:17:45,236.9
2026/5/31,14:19:05,247.4
2026/5/31,14:20:36,256.8
2026/5/31,14:21:43,266.8
2026/5/31,14:23:07,286.3
2026/5/31,14:24:37,296.7
2026/5/31,14:25:56,316.4
2026/5/31,14:27:15,327.1
2026/5/31,14:28:34,336.7
2026/5/31,15:39:25,96.9
2026/5/31,15:40:49,107.0
2026/5/31,15:42:13,117.0
2026/5/31,15:43:37,126.8
2026/5/31,15:45:01,136.9
2026/5/31,15:46:25,147.0
2026/5/31,15:47:49,157.5
2026/5/31,15:49:13,167.8
2026/5/31,15:50:37,177.9
2026/5/31,15:52:01,187.3
2026/5/31,15:53:25,197.0
2026/5/31,15:54:49,207.3
2026/5/31,15:56:11,217.6
2026/5/31,15:57:35,226.8
2026/5/31,15:58:59,236.9
2026/5/31,16:00:23,247.3
2026/5/31,16:01:47,256.9
2026/5/31,16:03:11,266.8
2026/5/31,16:04:35,277.2
2026/5/31,16:05:59,286.2
2026/5/31,16:07:22,296.7
2026/5/31,16:08:46,306.6
2026/5/31,16:10:10,316.4
2026/5/31,16:11:34,327.1
2026/5/31,16:12:58,336.6
2026/5/31,17:24:18,96.9
2026/5/31,17:25:42,107.0
2026/5/31,17:27:06,116.9
2026/5/31,17:28:30,126.8
2026/5/31,17:29:55,136.9
2026/5/31,17:31:18,147.0
2026/5/31,17:32:42,157.5
2026/5/31,17:34:06,167.8
2026/5/31,17:35:31,177.9
2026/5/31,17:36:55,187.3
2026/5/31,17:38:19,196.9
2026/5/31,17:39:43,207.3
2026/5/31,17:41:26,217.5
2026/5/31,17:42:28,226.8
2026/5/31,17:43:53,236.9
2026/5/31,17:45:17,247.4
2026/5/31,17:46:40,256.8
2026/5/31,17:48:04,266.8
2026/5/31,17:49:28,277.2
2026/5/31,17:50:52,286.2
2026/5/31,17:52:16,296.7
2026/5/31,17:53:40,306.7
2026/5/31,17:55:04,316.4
2026/5/31,17:56:27,327.1
2026/5/31,17:57:51,336.7
2026/5/31,19:09:12,96.9
2026/5/31,19:10:35,106.9
2026/5/31,19:11:59,116.9
2026/5/31,19:13:24,126.7
2026/5/31,19:14:47,136.9
2026/5/31,19:16:11,147.0
2026/5/31,19:17:35,157.5
2026/5/31,19:18:59,167.8
2026/5/31,19:20:23,177.9
2026/5/31,19:21:47,187.5
2026/5/31,19:23:12,197.0
2026/5/31,19:24:35,207.3
2026/5/31,19:25:57,217.6
2026/5/31,19:27:21,227.1
2026/5/31,19:28:45,236.9
2026/5/31,19:30:09,247.4
2026/5/31,19:31:33,256.9
2026/5/31,19:32:57,266.8
2026/5/31,19:34:21,277.3
2026/5/31,19:35:45,286.3
2026/5/31,19:37:08,296.7
2026/5/31,19:38:32,306.7
2026/5/31,19:39:57,316.4
2026/5/31,19:41:20,327.1
2026/5/31,19:42:44,336.3
2026/5/31,20:54:04,97.0
2026/5/31,20:55:28,107.0
2026/5/31,20:56:52,116.9
2026/5/31,20:58:16,126.8
2026/5/31,20:59:40,136.8
2026/5/31,21:01:04,147.0
2026/5/31,21:02:28,157.5
2026/5/31,21:03:52,167.8
2026/5/31,21:05:16,177.9
2026/5/31,21:06:40,187.5
2026/5/31,21:08:04,196.9
2026/5/31,21:09:28,207.3
2026/5/31,21:10:50,217.6
2026/5/31,21:12:14,227.0
2026/5/31,21:13:38,236.9
2026/5/31,21:15:02,247.3
2026/5/31,21:16:25,256.9
2026/5/31,21:17:50,266.8
2026/5/31,21:19:14,277.3
2026/5/31,21:20:37,286.3
2026/5/31,21:22:01,296.7
2026/5/31,21:23:25,306.7
2026/5/31,21:24:49,316.4
2026/5/31,21:26:13,327.1
2026/5/31,21:27:37,336.7
2026/5/31,23:40:45,217.5
2026/5/31,23:41:02,227.0
2026/5/31,23:45:12,236.9
2026/5/31,23:46:05,247.4
2026/6/1,00:20:23,96.9
2026/6/1,00:21:44,107.0
2026/6/1,00:23:03,116.9
2026/6/1,00:24:22,126.8
2026/6/1,00:25:45,136.9
2026/6/1,00:27:17,147.0
2026/6/1,00:28:33,157.5
2026/6/1,00:29:57,167.8
2026/6/1,00:31:21,177.9
2026/6/1,00:32:45,187.5
2026/6/1,00:34:10,196.9
2026/6/1,00:35:34,207.3
2026/6/1,00:36:55,217.6
2026/6/1,00:38:19,227.0
2026/6/1,00:39:43,236.9
2026/6/1,00:41:07,247.4
2026/6/1,00:42:31,256.8
2026/6/1,00:43:56,266.8
2026/6/1,00:45:18,277.2
2026/6/1,00:46:43,286.3
2026/6/1,00:48:07,296.7
2026/6/1,00:49:30,306.6
2026/6/1,00:50:54,316.4
2026/6/1,00:52:18,327.2
2026/6/1,00:53:42,336.7
2026/6/1,03:49:16,217.5
2026/6/1,03:49:33,227.1
2026/6/1,03:53:11,236.9
2026/6/1,03:54:03,247.4
2026/6/1,04:13:46,256.8
2026/6/1,04:14:03,266.8
2026/6/1,04:17:48,277.2
2026/6/1,04:18:41,286.2
2026/6/1,05:27:30,96.9
2026/6/1,05:28:54,107.0
2026/6/1,05:30:18,116.9
2026/6/1,05:31:42,126.8
2026/6/1,05:33:06,136.8
2026/6/1,05:34:31,147.0
2026/6/1,05:35:55,157.5
2026/6/1,05:37:19,167.8
2026/6/1,05:38:43,177.8
2026/6/1,05:40:07,187.4
2026/6/1,05:41:31,197.0
2026/6/1,05:42:55,207.3
2026/6/1,05:44:39,217.5
2026/6/1,05:45:42,227.0
2026/6/1,05:47:05,236.9
2026/6/1,05:48:30,247.4
2026/6/1,05:49:55,256.8
2026/6/1,05:51:18,266.8
2026/6/1,05:52:42,277.2
2026/6/1,05:54:07,286.2
2026/6/1,05:55:31,296.7
2026/6/1,05:56:54,306.6
2026/6/1,05:58:18,316.4
2026/6/1,05:59:42,327.1
2026/6/1,06:01:06,336.3
2026/6/1,06:44:27,96.9
2026/6/1,06:45:51,107.0
2026/6/1,06:47:15,116.8
2026/6/1,06:48:39,126.7
2026/6/1,06:50:02,136.8
2026/6/1,06:51:27,147.0
2026/6/1,06:52:51,157.5
2026/6/1,06:54:15,167.8
2026/6/1,06:55:39,177.8
2026/6/1,06:57:03,187.4
2026/6/1,06:58:27,196.9
2026/6/1,06:59:51,207.3
2026/6/1,07:01:14,217.6
2026/6/1,07:02:38,226.8
2026/6/1,07:04:02,236.9
2026/6/1,07:05:26,247.4
2026/6/1,07:06:50,256.8
2026/6/1,07:08:14,266.8
2026/6/1,07:09:37,277.2
2026/6/1,07:11:01,286.3
2026/6/1,07:12:25,296.7
2026/6/1,07:13:49,306.7
2026/6/1,07:15:13,316.5
2026/6/1,07:16:37,327.1
2026/6/1,07:18:01,336.3
2026/6/1,12:58:15,96.9
2026/6/1,12:58:32,107.0
2026/6/1,13:02:15,117.0
2026/6/1,13:03:08,126.8
2026/6/1,14:06:16,217.5
2026/6/1,14:06:34,227.0
2026/6/1,14:09:50,236.9
2026/6/1,14:10:57,247.4
2026/6/1,15:19:32,96.9
2026/6/1,15:20:56,106.9
2026/6/1,15:22:20,116.8
2026/6/1,15:23:44,126.7
2026/6/1,15:25:08,136.8
2026/6/1,15:26:32,147.0
2026/6/1,15:27:56,157.5
2026/6/1,15:29:20,167.8
2026/6/1,15:30:44,177.8
2026/6/1,15:32:08,187.4
2026/6/1,15:33:32,196.9
2026/6/1,15:34:56,207.3
2026/6/1,15:36:21,217.6
2026/6/1,15:37:43,226.8
2026/6/1,15:39:07,236.9
2026/6/1,15:40:31,247.4
2026/6/1,15:41:55,256.8
2026/6/1,15:43:19,266.8
2026/6/1,15:44:43,277.2
2026/6/1,15:46:07,286.2
2026/6/1,15:47:31,296.7
2026/6/1,15:48:55,306.7
2026/6/1,15:50:19,316.4
2026/6/1,15:51:43,327.1
2026/6/1,15:53:07,336.3
2026/6/1,18:06:46,147.0
2026/6/1,18:07:03,157.5
2026/6/1,18:11:16,167.7
2026/6/1,18:12:07,177.9
2026/6/1,19:20:57,96.9
2026/6/1,19:22:21,107.0
2026/6/1,19:23:45,116.9
2026/6/1,19:25:09,126.7
2026/6/1,19:26:33,136.9
2026/6/1,19:27:57,147.0
2026/6/1,19:29:21,157.5
2026/6/1,19:30:44,167.8
2026/6/1,19:32:09,177.9
2026/6/1,19:33:33,187.4
2026/6/1,19:34:57,197.0
2026/6/1,19:36:21,207.3
2026/6/1,19:37:43,217.6
2026/6/1,19:39:07,227.1
2026/6/1,19:40:31,236.9
2026/6/1,19:41:55,247.4
2026/6/1,19:43:19,256.8
2026/6/1,19:44:43,266.8
2026/6/1,19:46:07,277.3
2026/6/1,19:47:31,286.2
2026/6/1,19:48:54,296.7
2026/6/1,19:50:18,306.7
2026/6/1,19:51:42,316.5
2026/6/1,19:53:06,327.1
2026/6/1,19:54:30,336.7
2026/6/1,20:47:27,96.9
2026/6/1,20:48:28,107.0
2026/6/1,20:49:58,116.9
2026/6/1,20:51:16,126.8
2026/6/1,20:52:35,136.9
2026/6/1,20:53:53,147.0
2026/6/1,20:55:13,157.5
2026/6/1,20:56:41,167.8
2026/6/1,20:58:05,177.9
2026/6/1,20:59:29,187.3
2026/6/1,21:00:30,196.9
2026/6/1,21:01:49,207.3
2026/6/1,21:03:08,217.5
2026/6/1,21:04:26,227.0
2026/6/1,21:05:46,236.9
2026/6/1,21:07:05,247.4
2026/6/1,21:08:24,256.8
2026/6/1,21:09:42,266.8
2026/6/1,21:11:03,277.2
2026/6/1,21:12:31,286.2
2026/6/1,21:13:57,296.7
2026/6/1,21:15:24,306.7
2026/6/1,21:16:53,316.4
2026/6/1,21:18:28,327.1
2026/6/1,21:19:31,336.4
2026/6/1,22:12:46,147.0
2026/6/1,22:13:03,157.5
2026/6/1,22:17:15,167.8
2026/6/1,22:18:09,177.8
2026/6/1,22:53:45,96.9
2026/6/1,22:55:04,106.9
2026/6/1,22:56:23,116.8
2026/6/1,23:50:43,96.9
2026/6/1,23:52:04,106.9
2026/6/1,23:53:23,116.9
2026/6/1,23:54:42,126.8
2026/6/1,23:56:00,136.8
2026/6/1,23:57:22,147.0
2026/6/1,23:58:46,157.5
2026/6/2,00:00:10,167.8
2026/6/2,00:01:34,177.9
2026/6/2,00:02:58,187.4
2026/6/2,00:04:22,196.9
2026/6/2,00:05:46,207.3
2026/6/2,00:07:09,217.6
2026/6/2,00:08:46,227.1
2026/6/2,00:10:02,236.9
2026/6/2,00:11:26,247.3
2026/6/2,00:12:50,256.8
2026/6/2,00:14:14,266.8
2026/6/2,00:15:38,277.2
2026/6/2,00:17:02,286.3
2026/6/2,00:18:26,296.7
2026/6/2,00:19:49,306.7
2026/6/2,00:21:14,316.4
2026/6/2,00:22:38,327.1
2026/6/2,00:24:02,336.6
2026/6/2,01:17:46,147.0
2026/6/2,01:18:03,157.5
2026/6/2,01:21:27,167.8
2026/6/2,01:22:20,177.8
2026/6/2,02:56:46,97.0
2026/6/2,02:57:03,106.9
2026/6/2,03:00:22,117.0
2026/6/2,03:01:16,126.8
2026/6/2,03:25:46,97.0
2026/6/2,03:26:03,106.9
2026/6/2,03:29:50,116.9
2026/6/2,03:30:41,126.8
2026/6/2,04:30:31,97.0
2026/6/2,04:31:31,107.0
2026/6/2,04:33:02,116.9
2026/6/2,04:34:20,126.8
2026/6/2,04:35:39,136.8
2026/6/2,04:36:58,147.0
2026/6/2,04:38:19,157.5
2026/6/2,04:39:46,167.8
2026/6/2,04:41:10,177.9
2026/6/2,04:42:34,187.3
2026/6/2,04:43:58,196.9
2026/6/2,04:44:54,207.3
2026/6/2,04:46:13,217.6
2026/6/2,04:47:31,227.1
2026/6/2,04:48:52,236.9
2026/6/2,04:50:11,247.4
2026/6/2,04:51:30,256.8
2026/6/2,04:52:49,266.8
2026/6/2,04:54:09,277.2
2026/6/2,04:55:36,286.3
2026/6/2,04:57:13,296.7
2026/6/2,04:58:29,306.8
2026/6/2,04:59:59,316.4
2026/6/2,05:01:18,327.1
2026/6/2,05:02:37,336.3
2026/6/2,05:45:30,97.0
2026/6/2,05:46:54,106.9
2026/6/2,05:48:18,116.8
2026/6/2,05:49:42,126.7
2026/6/2,05:51:06,136.8
2026/6/2,05:52:30,147.0
2026/6/2,05:53:53,157.5
2026/6/2,05:55:16,167.8
2026/6/2,05:56:40,177.9
2026/6/2,05:58:04,187.4
2026/6/2,05:59:28,196.9
2026/6/2,06:00:52,207.3
2026/6/2,06:02:16,217.6
2026/6/2,06:03:40,227.1
2026/6/2,06:05:04,236.9
2026/6/2,06:06:28,247.4
2026/6/2,06:07:59,256.8
2026/6/2,06:09:16,266.8
2026/6/2,06:10:40,277.2
2026/6/2,06:12:04,286.3
2026/6/2,06:13:28,296.7
2026/6/2,06:14:52,306.7
2026/6/2,06:16:16,316.4
2026/6/2,06:17:39,327.1
2026/6/2,06:19:04,336.7
2026/6/2,07:24:46,227.0
2026/6/2,07:25:04,236.9
2026/6/2,07:29:14,247.4
2026/6/2,07:30:07,256.8
2026/6/2,08:39:17,97.0
2026/6/2,08:40:20,106.9
2026/6/2,08:41:45,116.9
2026/6/2,08:43:08,126.7
2026/6/2,08:44:32,136.8
2026/6/2,08:45:56,147.0
2026/6/2,08:47:21,157.5
2026/6/2,08:48:45,167.8
2026/6/2,08:50:09,177.9
2026/6/2,08:51:33,187.4
2026/6/2,08:52:57,196.9
2026/6/2,08:54:21,207.3
2026/6/2,08:55:45,217.6
2026/6/2,08:57:07,227.0
2026/6/2,08:58:31,236.9
2026/6/2,09:00:37,247.4
2026/6/2,09:01:19,256.8
2026/6/2,09:02:43,266.8
2026/6/2,09:04:07,277.2
2026/6/2,09:05:31,286.3
2026/6/2,09:06:55,296.7
2026/6/2,09:08:19,306.7
2026/6/2,09:09:42,316.4
2026/6/2,09:11:06,327.1
2026/6/2,09:12:30,336.7
2026/6/2,09:54:28,97.0
2026/6/2,09:55:52,107.0
2026/6/2,09:57:16,116.9
2026/6/2,09:58:40,126.8
2026/6/2,10:00:04,136.9
2026/6/2,10:01:28,147.0
2026/6/2,10:02:53,157.5
2026/6/2,10:04:16,167.8
2026/6/2,10:05:39,177.8
2026/6/2,10:07:03,187.3
2026/6/2,10:08:27,196.9
2026/6/2,10:09:51,207.3
2026/6/2,10:11:56,217.5
2026/6/2,10:12:38,226.9
2026/6/2,10:14:02,236.9
2026/6/2,10:15:26,247.4
2026/6/2,10:16:50,256.9
2026/6/2,10:18:14,266.8
2026/6/2,10:19:39,277.2
2026/6/2,10:21:02,286.2
2026/6/2,10:22:26,296.7
2026/6/2,10:23:50,306.7
2026/6/2,10:25:14,316.4
2026/6/2,10:26:37,327.1
2026/6/2,10:28:01,336.3
2026/6/2,11:04:23,96.9
2026/6/2,11:05:47,106.9
2026/6/2,11:07:11,116.9
2026/6/2,11:08:35,126.8
2026/6/2,11:09:59,136.8
2026/6/2,11:11:23,147.0
2026/6/2,11:12:47,157.5
2026/6/2,11:14:10,167.8
2026/6/2,11:15:38,177.9
2026/6/2,11:16:58,187.3
2026/6/2,11:18:22,196.9
2026/6/2,11:19:46,207.3
2026/6/2,11:21:09,217.5
2026/6/2,11:22:33,227.1
2026/6/2,11:23:57,236.9
2026/6/2,11:25:21,247.4
2026/6/2,11:26:44,256.9
2026/6/2,11:28:09,266.7
2026/6/2,11:29:32,277.2
2026/6/2,11:30:56,286.3
2026/6/2,11:32:20,296.7
2026/6/2,11:33:44,306.7
2026/6/2,11:35:08,316.4
2026/6/2,11:36:32,327.1
2026/6/2,11:37:56,336.3
2026/6/2,12:51:46,96.9
2026/6/2,12:53:20,106.9
2026/6/2,12:54:52,116.9
2026/6/2,12:56:21,126.7
2026/6/2,12:57:46,136.9
2026/6/2,12:59:07,147.0
2026/6/2,13:00:30,157.5
2026/6/2,13:01:54,167.8
2026/6/2,13:03:18,177.8
2026/6/2,13:04:42,187.4
2026/6/2,13:06:06,196.9
2026/6/2,13:08:10,207.3
2026/6/2,13:08:53,217.6
2026/6/2,13:10:17,227.0
2026/6/2,13:11:41,236.9
2026/6/2,13:13:04,247.4
2026/6/2,13:14:28,256.8
2026/6/2,13:15:27,266.7
2026/6/2,13:16:45,277.2
2026/6/2,13:18:04,286.3
2026/6/2,13:19:22,296.7
2026/6/2,13:20:43,306.7
2026/6/2,13:22:02,316.4
2026/6/2,13:23:21,327.1
2026/6/2,13:24:39,336.3
2026/6/2,14:02:03,97.0
2026/6/2,14:03:27,107.0
2026/6/2,14:04:51,116.9
2026/6/2,14:06:15,126.8
2026/6/2,14:07:39,136.8
2026/6/2,14:09:03,146.9
2026/6/2,14:10:27,157.5
2026/6/2,14:11:51,167.8
2026/6/2,14:13:15,177.8
2026/6/2,14:14:39,187.3
2026/6/2,14:16:03,196.9
2026/6/2,14:17:46,207.3
2026/6/2,14:18:49,217.5
2026/6/2,14:20:35,227.0
2026/6/2,14:21:37,236.9
2026/6/2,14:23:01,247.4
2026/6/2,14:24:25,256.9
2026/6/2,14:25:49,266.8
2026/6/2,14:27:13,277.3
2026/6/2,14:28:37,286.3
2026/6/2,14:30:01,296.6
2026/6/2,14:31:25,306.7
2026/6/2,14:32:49,316.4
2026/6/2,14:34:13,327.2
2026/6/2,14:35:37,336.5
2026/6/2,15:47:18,136.9
2026/6/2,15:48:42,147.0
2026/6/2,15:50:06,157.5
2026/6/2,15:51:29,167.8
2026/6/2,15:52:54,177.8
2026/6/2,15:54:17,187.3
2026/6/2,15:55:42,197.0
2026/6/2,16:52:47,227.1
2026/6/2,16:53:04,236.9
2026/6/2,16:57:15,247.4
2026/6/2,16:58:07,256.8
2026/6/2,17:28:55,96.9
2026/6/2,17:30:30,106.9
2026/6/2,17:32:40,116.9
2026/6/2,17:34:19,126.8
2026/6/2,17:35:18,136.9
2026/6/2,17:37:50,147.0
2026/6/2,17:39:18,157.5
2026/6/2,17:40:44,167.8
2026/6/2,17:42:55,177.8
2026/6/2,17:44:25,187.3
2026/6/2,17:45:50,196.9
2026/6/2,17:48:19,207.3
2026/6/2,17:49:48,217.5
2026/6/2,17:51:07,227.0
2026/6/2,17:53:35,236.9
2026/6/2,17:54:56,247.4
2026/6/2,17:56:24,256.9
2026/6/2,17:58:43,266.7
2026/6/2,18:00:15,277.2
2026/6/2,18:01:40,286.3
2026/6/2,18:03:51,296.8
2026/6/2,18:05:22,306.6
2026/6/2,18:06:47,316.4
2026/6/2,18:08:58,327.2
2026/6/2,18:10:31,336.3
2026/6/2,18:49:00,96.9
2026/6/2,19:09:47,97.0
2026/6/2,19:12:16,106.9
2026/6/2,19:13:41,116.9
2026/6/2,19:15:07,126.7
2026/6/2,19:17:43,136.8
2026/6/2,19:19:03,147.0
2026/6/2,19:20:22,157.5
2026/6/2,19:22:54,167.8
2026/6/2,19:24:23,177.9
2026/6/2,19:25:47,187.3
2026/6/2,19:28:05,197.0
2026/6/2,19:29:34,207.3
2026/6/2,19:30:59,217.5
2026/6/2,19:33:13,227.1
2026/6/2,19:34:44,236.9
2026/6/2,19:36:10,247.4
2026/6/2,19:38:23,256.8
2026/6/2,19:39:52,266.7
2026/6/2,19:41:17,277.2
2026/6/2,19:43:59,286.3
2026/6/2,19:45:19,296.7
2026/6/2,19:46:38,306.6
2026/6/2,19:49:09,316.4
2026/6/2,19:50:38,327.2
2026/6/2,19:52:04,336.3
2026/6/2,21:37:47,266.7
2026/6/2,21:38:05,277.2
2026/6/2,21:41:21,286.2
2026/6/2,21:42:13,296.8
2026/6/2,22:16:26,97.0
2026/6/2,22:17:46,106.9
2026/6/2,22:19:05,116.9
2026/6/2,22:20:25,126.8
2026/6/2,22:21:43,136.9
2026/6/2,22:23:07,147.0
2026/6/2,22:24:31,157.5
2026/6/2,22:25:55,167.8
2026/6/2,22:27:19,177.9
2026/6/2,22:28:43,187.6
2026/6/2,22:30:07,197.0
2026/6/2,22:31:31,207.3
2026/6/2,22:33:14,217.5
2026/6/2,22:34:16,226.7
2026/6/2,22:35:40,236.9
2026/6/2,22:37:04,247.4
2026/6/2,22:38:28,256.8
2026/6/2,22:39:55,266.7
2026/6/2,22:41:16,277.2
2026/6/2,22:42:40,286.3
2026/6/2,22:44:04,296.7
2026/6/2,22:45:28,306.7
2026/6/2,22:46:52,316.4
2026/6/2,22:48:16,327.1
2026/6/2,22:49:40,336.3
2026/6/3,00:01:02,96.9
2026/6/3,00:02:26,106.9
2026/6/3,00:03:50,116.9
2026/6/3,00:05:14,126.8
2026/6/3,00:06:38,136.8
2026/6/3,00:08:02,147.0
2026/6/3,00:09:26,157.5
2026/6/3,00:10:50,167.8
2026/6/3,00:12:15,177.9
2026/6/3,00:13:38,187.3
2026/6/3,00:15:03,196.9
2026/6/3,00:16:27,207.3
2026/6/3,00:18:10,217.5
2026/6/3,00:19:12,227.1
2026/6/3,00:20:36,236.9
2026/6/3,00:22:01,247.4
2026/6/3,00:23:24,256.8
2026/6/3,00:24:48,266.8
2026/6/3,00:26:12,277.2
2026/6/3,00:27:36,286.3
2026/6/3,00:29:00,296.7
2026/6/3,00:30:24,306.7
2026/6/3,00:31:52,316.4
2026/6/3,00:33:12,327.1
2026/6/3,00:34:36,336.3
2026/6/3,01:19:36,96.9
2026/6/3,01:21:00,116.8
2026/6/3,03:29:45,266.7
2026/6/3,03:30:03,277.2
2026/6/3,03:33:55,286.3
2026/6/3,03:34:45,296.8
2026/6/3,04:08:46,266.8
2026/6/3,04:09:03,277.2
2026/6/3,04:12:23,286.2
2026/6/3,04:13:16,296.7
2026/6/3,05:12:46,266.7
2026/6/3,05:13:03,277.2
2026/6/3,05:16:22,286.2
2026/6/3,05:17:26,296.7
2026/6/3,06:26:05,116.8
2026/6/3,07:29:03,96.9
2026/6/3,07:30:27,106.9
2026/6/3,07:31:51,116.9
2026/6/3,07:33:15,126.8
2026/6/3,07:34:39,136.9
2026/6/3,07:36:03,147.0
2026/6/3,07:37:27,157.5
2026/6/3,07:38:50,167.8
2026/6/3,07:40:34,177.8
2026/6/3,07:41:37,187.3
2026/6/3,07:43:01,196.9
2026/6/3,07:44:25,207.3
2026/6/3,07:45:48,217.6
2026/6/3,07:47:14,227.1
2026/6/3,07:48:36,236.9
2026/6/3,07:50:00,247.4
2026/6/3,07:51:24,256.8
2026/6/3,07:52:48,266.7
2026/6/3,07:54:11,277.2
2026/6/3,07:55:35,286.3
2026/6/3,07:56:59,296.7
2026/6/3,07:58:23,306.6
2026/6/3,07:59:47,316.4
2026/6/3,08:01:11,327.1
2026/6/3,08:02:35,336.3
2026/6/3,12:40:47,96.9
2026/6/3,12:41:04,106.9
2026/6/3,12:44:17,116.9
2026/6/3,12:45:10,126.8
2026/6/3,16:40:46,136.8
2026/6/3,16:41:03,147.0
2026/6/3,16:44:21,157.5
2026/6/3,16:45:15,167.8
2026/6/3,18:30:17,136.9
2026/6/3,18:30:34,147.0
2026/6/3,18:34:09,157.5
2026/6/3,18:35:00,167.8
2026/6/3,20:08:47,136.9
2026/6/3,20:09:04,147.0
2026/6/3,20:13:11,157.5
2026/6/3,20:14:55,167.8
2026/6/3,21:24:17,136.9
2026/6/3,21:24:34,147.0
2026/6/3,21:28:52,157.4
2026/6/3,21:30:37,167.8
2026/6/3,22:12:38,96.9
2026/6/3,22:14:54,107.0
2026/6/3,22:16:12,116.9
2026/6/3,22:17:32,126.8
2026/6/3,22:19:54,136.8
2026/6/3,22:21:37,147.0
2026/6/3,22:23:03,157.5
2026/6/3,22:25:04,167.8
2026/6/3,22:26:22,177.9
2026/6/3,22:28:00,187.3
2026/6/3,22:29:55,197.0
2026/6/3,22:31:15,207.3
2026/6/3,22:32:34,217.5
2026/6/3,22:34:49,227.0
2026/6/3,22:36:08,236.9
2026/6/3,22:37:27,247.4
2026/6/3,22:39:43,256.9
2026/6/3,22:41:03,266.7
2026/6/3,22:42:21,277.2
2026/6/3,22:44:45,286.3
2026/6/3,22:46:27,296.7
2026/6/3,22:47:52,306.7
2026/6/3,22:49:53,316.4
2026/6/3,22:51:11,327.1
2026/6/3,22:52:50,336.3
2026/6/3,23:52:46,177.9
2026/6/3,23:53:03,187.5
2026/6/3,23:56:21,196.9
2026/6/3,23:58:06,207.3
2026/6/4,01:01:24,96.9
2026/6/4,01:02:55,106.9
2026/6/4,01:05:11,116.9
2026/6/4,01:06:29,126.8
2026/6/4,01:07:49,136.8
2026/6/4,01:10:05,147.0
2026/6/4,01:11:24,157.5
2026/6/4,01:12:44,167.8
2026/6/4,01:15:00,177.9
2026/6/4,01:16:18,187.4
2026/6/4,01:17:37,196.9
2026/6/4,01:19:53,207.3
2026/6/4,01:21:12,217.5
2026/6/4,01:22:31,227.2
2026/6/4,01:24:56,236.9
2026/6/4,01:26:39,247.4
2026/6/4,01:28:05,256.7
2026/6/4,01:30:05,266.8
2026/6/4,01:31:23,277.2
2026/6/4,01:33:01,286.3
2026/6/4,01:34:59,296.7
2026/6/4,01:36:19,306.6
2026/6/4,01:37:38,316.4
2026/6/4,01:39:54,327.1
2026/6/4,01:41:13,336.3
2026/6/4,08:39:18,256.8
2026/6/4,08:39:36,266.7
2026/6/4,08:43:11,277.2
2026/6/4,08:44:02,286.2
2026/6/4,09:44:42,97.0
2026/6/4,09:48:03,106.9
2026/6/4,09:49:21,117.0
2026/6/4,09:52:35,126.8
2026/6/4,09:53:59,136.8
2026/6/4,09:57:03,147.0
2026/6/4,09:58:42,157.5
2026/6/4,10:01:14,167.8
2026/6/4,10:02:33,177.9
2026/6/4,10:05:28,187.4
2026/6/4,10:06:48,196.9
2026/6/4,10:09:42,207.3
2026/6/4,10:11:01,217.5
2026/6/4,10:13:55,227.1
2026/6/4,10:15:20,236.9
2026/6/4,10:18:24,247.4
2026/6/4,10:20:01,256.9
2026/6/4,10:22:36,266.8
2026/6/4,10:23:55,277.2
2026/6/4,10:26:49,286.3
2026/6/4,10:28:09,296.7
2026/6/4,10:31:02,306.7
2026/6/4,10:32:22,316.4
2026/6/4,10:35:16,327.1
2026/6/4,10:36:41,336.3
2026/6/4,13:41:05,116.9
2026/6/4,13:42:23,126.8
2026/6/4,13:43:42,136.9
2026/6/4,13:45:13,147.0
2026/6/4,19:10:03,147.0
2026/6/4,19:13:37,157.5
2026/6/4,19:27:19,167.8
2026/6/5,03:17:22,96.9
2026/6/5,03:17:39,107.0
2026/6/5,03:22:22,116.9
2026/6/5,03:23:00,126.8
2026/6/5,06:53:58,217.5
2026/6/5,12:07:48,96.9
2026/6/5,12:08:04,106.9
2026/6/5,12:11:24,116.9
2026/6/5,12:12:16,126.8
2026/6/5,13:34:48,96.9
2026/6/5,13:35:05,107.0
2026/6/5,13:38:58,116.9
2026/6/5,13:39:51,126.8
2026/6/5,17:52:18,136.9
2026/6/5,17:52:35,147.0
2026/6/5,17:56:21,157.5
2026/6/5,17:57:13,167.8
2026/6/5,22:47:34,96.9
2026/6/5,22:49:50,106.9
2026/6/5,22:51:09,116.9
2026/6/5,22:52:27,126.8
2026/6/5,22:54:45,136.9
2026/6/5,22:56:03,147.0
2026/6/5,23:53:05,97.0
2026/6/5,23:54:24,106.9
2026/6/5,23:58:23,116.9
2026/6/6,04:48:31,96.9
2026/6/6,04:50:49,107.0
2026/6/6,04:52:07,117.0
2026/6/6,04:53:26,126.8
2026/6/6,04:55:44,136.8
2026/6/6,04:57:02,147.0
2026/6/6,08:25:20,277.3
2026/6/6,08:25:37,286.3
2026/6/6,08:29:24,296.7
2026/6/6,08:30:16,306.7
2026/6/6,10:22:09,96.9
2026/6/6,10:23:42,106.9
2026/6/6,10:26:25,116.9
2026/6/6,10:27:43,126.8
2026/6/6,10:30:41,136.8
2026/6/6,10:31:59,147.0
2026/6/6,10:34:57,157.5
2026/6/6,10:36:15,167.8
2026/6/6,10:39:12,177.8
2026/6/6,10:40:39,187.4
2026/6/6,10:43:44,197.0
2026/6/6,10:45:17,207.3
2026/6/6,10:48:00,217.5
2026/6/6,10:49:20,227.1
2026/6/6,10:52:17,236.9
2026/6/6,10:53:36,247.4
2026/6/6,10:56:33,256.8
2026/6/6,10:57:52,266.7
2026/6/6,11:00:49,277.2
2026/6/6,11:02:16,286.2
2026/6/6,11:05:22,296.7
2026/6/6,11:06:54,306.7
2026/6/6,11:09:38,316.4
2026/6/6,11:10:57,327.1
2026/6/6,11:13:53,336.3
2026/6/6,11:49:48,96.9
2026/6/6,11:50:05,107.0
2026/6/6,11:53:43,116.9
2026/6/6,11:54:35,126.8
2026/6/6,13:02:50,266.7
2026/6/6,13:03:07,277.2
2026/6/6,13:06:47,286.2
2026/6/6,13:07:38,296.7
2026/6/6,14:58:33,96.9
2026/6/6,15:00:06,106.9
2026/6/6,15:02:48,116.9
2026/6/6,15:04:06,126.7
2026/6/6,15:07:04,136.8
2026/6/6,15:08:22,147.0
2026/6/6,15:11:21,157.5
2026/6/6,15:12:38,167.8
2026/6/6,15:15:35,177.8
2026/6/6,15:17:00,187.3
2026/6/6,15:20:05,197.0
2026/6/6,15:21:41,207.3
2026/6/6,15:24:21,217.5
2026/6/6,15:25:40,227.1
2026/6/6,15:28:37,236.9
2026/6/6,15:29:56,247.4
2026/6/6,15:32:52,256.8
2026/6/6,15:34:11,266.8
2026/6/6,15:37:08,277.3
2026/6/6,15:38:33,286.2
2026/6/6,15:41:38,296.7
2026/6/6,15:43:14,306.6
2026/6/6,15:45:55,316.4
2026/6/6,15:47:14,327.1
2026/6/6,15:50:10,336.7
2026/6/6,17:44:59,96.9
2026/6/6,17:48:23,106.9
2026/6/6,17:49:45,116.8
2026/6/6,17:52:59,126.8
2026/6/6,17:54:29,136.8
2026/6/6,17:57:33,147.0
2026/6/6,17:59:05,157.5
2026/6/6,18:01:48,167.8
2026/6/6,18:03:07,177.8
2026/6/6,18:06:04,187.3
2026/6/6,18:07:24,196.9
2026/6/6,18:10:21,207.3
2026/6/6,18:11:41,217.5
2026/6/6,18:14:38,226.8
2026/6/6,18:16:06,236.9
2026/6/6,18:19:13,247.4
2026/6/6,18:20:44,256.8
2026/6/6,18:23:30,266.8
2026/6/6,18:24:49,277.2
2026/6/6,18:27:46,286.3
2026/6/6,18:29:06,296.7
2026/6/6,18:32:02,306.7
2026/6/6,18:33:22,316.4
2026/6/6,18:36:19,327.1
2026/6/6,18:37:44,336.3
2026/6/6,19:02:50,296.7
2026/6/6,19:03:08,306.6
2026/6/6,19:06:46,316.4
2026/6/6,19:07:40,327.1
2026/6/6,20:58:15,96.9
2026/6/6,20:59:51,106.9
2026/6/6,21:02:28,136.9
2026/6/6,21:03:46,147.0
2026/6/6,21:06:46,157.5
2026/6/6,21:08:03,167.8
2026/6/6,21:11:03,177.9
2026/6/6,21:12:21,187.5
2026/6/6,21:15:20,207.3
2026/6/6,21:16:47,217.5
2026/6/6,21:19:54,227.0
2026/6/6,21:21:13,247.3
2026/6/6,21:24:11,256.9
2026/6/6,21:25:30,266.7
2026/6/6,21:28:29,277.2
2026/6/6,21:29:48,286.3
2026/6/6,21:32:46,296.7
2026/6/6,21:34:05,306.7
2026/6/6,21:37:03,316.4
2026/6/6,21:38:30,327.1
2026/6/6,21:41:36,336.4
2026/6/6,23:38:01,96.9
2026/6/6,23:41:40,106.9
2026/6/6,23:43:13,116.9
2026/6/6,23:46:30,126.7
2026/6/6,23:48:10,136.8
2026/6/6,23:51:17,147.0
2026/6/6,23:52:35,157.4
2026/6/6,23:56:09,167.8
2026/6/6,23:57:47,177.9
2026/6/7,00:01:10,187.4
2026/6/7,00:02:28,197.0
2026/6/7,00:06:00,207.3
2026/6/7,00:07:41,217.5
2026/6/7,00:10:48,227.0
2026/6/7,00:12:07,236.9
2026/6/7,00:15:40,247.4
2026/6/7,00:17:19,256.8
2026/6/7,00:20:28,266.8
2026/6/7,00:22:11,277.2
2026/6/7,00:25:32,286.2
2026/6/7,00:26:51,296.7
2026/6/7,00:30:21,306.7
2026/6/7,00:31:41,316.4
2026/6/7,00:35:12,327.2
2026/6/7,00:36:52,336.3
2026/6/7,02:44:39,136.8
2026/6/7,02:46:10,147.0
2026/6/7,02:49:39,157.5
2026/6/7,02:51:10,167.8
2026/6/7,04:50:21,96.9
2026/6/7,04:51:39,106.9
2026/6/7,04:55:14,116.9
2026/6/7,04:56:52,126.8
2026/6/7,05:00:13,136.8
2026/6/7,05:01:45,147.0
2026/6/7,05:05:15,157.5
2026/6/7,05:06:42,167.8
2026/6/7,05:10:13,177.9
2026/6/7,05:11:45,187.3
2026/6/7,05:15:31,196.9
2026/6/7,05:16:49,207.3
2026/6/7,05:20:31,217.5
2026/6/7,05:22:02,227.0
2026/6/7,05:25:34,236.9
2026/6/7,05:27:02,247.4
2026/6/7,05:30:35,256.9
2026/6/7,05:32:05,266.7
2026/6/7,05:35:37,277.2
2026/6/7,05:37:07,286.3
2026/6/7,05:40:53,296.7
2026/6/7,05:42:12,306.6
2026/6/7,05:45:56,316.4
2026/6/7,05:47:24,327.0
2026/6/7,05:50:58,336.3
2026/6/7,06:58:11,96.9
2026/6/7,06:59:30,107.0
2026/6/7,07:02:29,116.9
2026/6/7,07:03:47,126.8
2026/6/7,07:07:19,136.8
2026/6/7,07:08:44,147.0
2026/6/7,07:12:36,157.5
2026/6/7,07:13:41,167.8
2026/6/7,07:17:13,177.8
2026/6/7,07:18:32,187.5
2026/6/7,07:22:03,196.9
2026/6/7,07:23:44,207.3
2026/6/7,07:26:55,217.5
2026/6/7,07:28:34,226.8
2026/6/7,07:31:43,236.9
2026/6/7,07:33:25,247.3
2026/6/7,07:36:51,256.8
2026/6/7,07:38:09,266.7
2026/6/7,07:41:42,277.2
2026/6/7,07:43:21,286.2
2026/6/7,07:46:34,296.7
2026/6/7,07:48:13,306.7
2026/6/7,07:51:23,316.5
2026/6/7,07:52:42,327.1
2026/6/7,07:56:15,336.7
2026/6/7,09:45:38,97.0
2026/6/7,09:48:43,106.9
2026/6/7,09:50:17,116.8
2026/6/7,09:53:22,126.7
2026/6/7,09:54:39,136.8
2026/6/7,09:58:10,147.0
2026/6/7,09:59:28,157.5
2026/6/7,10:02:58,167.8
2026/6/7,10:04:17,177.9
2026/6/7,10:07:48,187.4
2026/6/7,10:09:29,196.8
2026/6/7,10:13:14,207.3
2026/6/7,10:14:14,217.6
2026/6/7,10:17:43,226.7
2026/6/7,10:19:02,236.9
2026/6/7,10:22:31,247.4
2026/6/7,10:23:50,256.8
2026/6/7,10:27:19,266.8
2026/6/7,10:28:39,277.2
2026/6/7,10:32:09,286.2
2026/6/7,10:33:50,296.7
2026/6/7,10:37:14,306.6
2026/6/7,10:38:33,316.4
2026/6/7,10:42:03,327.1
2026/6/7,10:43:23,336.4
2026/6/7,13:03:53,96.9
2026/6/7,13:04:10,107.0
2026/6/7,13:07:24,116.9
2026/6/7,13:08:16,126.8
2026/6/7,13:09:10,137.0
2026/6/7,13:11:38,147.0
2026/6/8,04:21:09,217.5
2026/6/8,04:21:26,227.1
2026/6/8,04:24:44,236.9
2026/6/8,04:25:36,247.4
2026/6/8,04:26:29,256.8
2026/6/8,04:28:58,266.8
2026/6/8,04:30:15,277.3
2026/6/8,04:31:34,286.2
2026/6/8,13:38:05,97.0
2026/6/8,13:39:24,106.9
2026/6/8,13:41:41,116.9
2026/6/8,20:42:09,97.0
2026/6/8,20:43:27,106.9
2026/6/8,20:44:46,116.9
2026/6/8,20:48:02,126.7
2026/6/9,05:36:24,96.9
2026/6/9,05:38:52,107.0
2026/6/9,05:40:10,116.9
2026/6/9,05:41:29,126.8
2026/6/9,05:43:46,136.8
2026/6/9,05:45:05,147.0
2026/6/9,05:46:23,157.5
2026/6/9,05:48:41,167.8
2026/6/9,08:49:41,96.9
2026/6/9,08:51:00,106.9
2026/6/9,08:54:20,116.9
2026/6/9,15:49:21,96.9
2026/6/9,15:49:38,107.1
2026/6/9,15:52:51,117.0
2026/6/9,15:53:42,126.8
2026/6/10,10:01:21,187.3
2026/6/10,10:01:38,196.9
2026/6/10,10:05:45,207.3
2026/6/10,10:06:38,217.5
2026/6/11,03:39:23,96.9
2026/6/11,03:40:41,107.0
2026/6/11,03:43:46,117.0
2026/6/11,03:45:04,126.8
2026/6/11,14:05:16,97.0
2026/6/11,14:06:34,106.9
2026/6/11,14:09:40,116.8
2026/6/11,14:10:58,126.8
2026/6/11,14:13:44,136.9
2026/6/11,14:15:12,147.0
2026/6/11,14:18:05,157.5
2026/6/11,14:19:23,167.8
2026/6/12,03:45:01,96.9
2026/6/12,03:46:20,106.9
2026/6/12,03:48:37,116.9
2026/6/12,05:47:42,96.9
2026/6/12,13:59:18,96.9
2026/6/12,13:59:51,107.0
2026/6/12,14:07:26,116.9
2026/6/12,14:08:51,126.8
2026/6/12,14:10:14,136.8
2026/6/12,14:11:39,147.0
2026/6/12,14:13:49,157.5
2026/6/12,14:15:14,167.7
2026/6/12,15:33:25,96.9
2026/6/12,15:34:43,106.9
2026/6/12,15:36:02,116.9
2026/6/12,15:38:19,126.8
2026/6/12,15:39:38,136.9
2026/6/12,15:40:56,147.0
2026/6/12,15:43:13,157.5
2026/6/12,15:44:32,167.8
2026/6/12,16:30:31,96.9
2026/6/12,16:31:50,107.0
2026/6/12,16:35:09,116.9
2026/6/12,19:04:06,96.9
2026/6/12,19:04:38,106.9
2026/6/12,22:37:20,96.9
2026/6/12,22:38:39,107.0
2026/6/12,22:41:57,116.9
2026/6/13,02:00:39,107.0
2026/6/13,09:53:35,97.0
2026/6/13,09:54:08,106.9
2026/6/13,09:54:50,116.9
2026/6/13,15:04:51,96.9
2026/6/13,15:05:37,106.9
2026/6/13,15:06:56,116.8
2026/6/13,20:58:23,96.9
2026/6/13,20:58:40,107.0
2026/6/13,21:02:22,116.9
2026/6/13,21:03:15,126.8
2026/6/13,21:39:40,96.9
2026/6/13,21:42:08,107.0
2026/6/13,21:43:26,116.9
2026/6/13,21:44:45,126.7
2026/6/14,01:55:41,97.0
2026/6/14,01:57:00,106.9
2026/6/14,02:00:19,116.8
2026/6/14,07:13:25,277.2
2026/6/14,07:13:42,286.2
2026/6/14,07:17:09,296.7
2026/6/14,07:17:59,306.6
2026/6/14,08:45:45,116.8
2026/6/14,08:47:11,126.7
2026/6/14,08:49:20,136.8
2026/6/14,08:50:52,147.0
2026/6/14,08:52:18,157.4
2026/6/14,09:34:53,96.9
2026/6/14,09:35:10,106.9
2026/6/14,09:39:26,116.9
2026/6/14,09:40:19,126.8
2026/6/14,11:17:24,96.9
2026/6/14,11:17:41,106.9
2026/6/14,11:20:58,116.8
2026/6/14,11:21:54,126.8
2026/6/14,12:49:24,96.9
2026/6/14,12:50:49,106.9
2026/6/14,12:52:57,116.8
2026/6/14,12:54:29,126.7
2026/6/14,12:55:55,136.8
2026/6/14,12:58:01,147.0
2026/6/14,12:59:34,157.4
2026/6/14,13:00:59,167.8
2026/6/14,13:03:05,177.8
2026/6/14,13:04:58,187.4
2026/6/14,13:06:03,196.9
2026/6/14,13:08:30,207.3
2026/6/14,13:09:48,217.6
2026/6/14,13:11:08,226.9
2026/6/14,13:13:33,236.9
2026/6/14,13:15:07,247.4
2026/6/14,13:16:33,256.7
2026/6/14,13:18:38,266.8
2026/6/14,13:20:11,277.2
2026/6/14,13:21:36,286.2
2026/6/14,13:23:41,296.7
2026/6/14,13:25:15,306.7
2026/6/14,13:26:40,316.3
2026/6/14,13:28:45,327.0
2026/6/14,13:30:19,336.7
2026/6/14,14:45:55,96.9
2026/6/14,14:47:39,106.9
2026/6/14,14:49:04,117.0
2026/6/14,14:51:21,126.8
2026/6/14,14:52:40,136.9
2026/6/14,14:54:00,147.0
2026/6/14,14:56:27,157.5
2026/6/14,14:57:59,167.8
2026/6/14,14:59:24,177.8
2026/6/14,15:01:32,187.4
2026/6/14,15:03:03,196.9
2026/6/14,15:04:29,207.3
2026/6/14,15:06:38,217.6
2026/6/14,15:08:10,226.7
2026/6/14,15:09:35,236.9
2026/6/14,15:11:43,247.4
2026/6/14,15:13:16,256.8
2026/6/14,15:14:41,266.8
2026/6/14,15:17:12,277.2
2026/6/14,15:18:31,286.3
2026/6/14,15:19:50,296.7
2026/6/14,15:22:17,306.7
2026/6/14,15:23:50,316.4
2026/6/14,15:25:15,327.1
2026/6/14,15:27:25,336.4
2026/6/14,18:10:24,96.9
2026/6/14,18:10:41,106.9
2026/6/14,18:14:46,116.9
2026/6/14,18:15:39,126.7
2026/6/14,19:01:52,96.9
2026/6/14,19:03:17,107.0
2026/6/14,19:05:28,116.8
2026/6/14,19:07:00,126.8
2026/6/14,19:08:25,136.9
2026/6/14,19:11:00,147.0
2026/6/14,19:12:19,157.5
2026/6/14,19:13:38,167.8
2026/6/14,19:16:07,177.8
2026/6/14,19:17:37,187.3
2026/6/14,19:19:02,196.9
2026/6/14,19:21:13,207.3
2026/6/14,19:22:43,217.5
2026/6/14,19:24:09,227.0
2026/6/14,19:26:22,236.9
2026/6/14,19:27:50,247.4
2026/6/14,19:29:15,256.9
2026/6/14,19:31:32,266.8
2026/6/14,19:32:59,277.2
2026/6/14,19:34:24,286.3
2026/6/14,19:37:13,296.7
2026/6/14,19:38:21,306.7
2026/6/14,19:39:39,316.5
2026/6/14,19:42:11,327.1
2026/6/14,19:43:39,336.6
2026/6/14,20:18:48,96.9
2026/6/14,20:20:08,106.9
2026/6/14,20:22:25,117.0
2026/6/14,20:24:10,126.8
2026/6/14,20:25:36,136.9
2026/6/14,20:27:44,147.0
2026/6/14,20:29:03,157.5
2026/6/14,20:30:33,167.7
2026/6/14,20:32:39,177.9
2026/6/14,20:33:58,187.3
2026/6/14,20:35:16,196.9
2026/6/14,20:37:33,207.3
2026/6/14,20:38:52,217.5
2026/6/14,20:40:11,226.8
2026/6/14,20:42:28,236.9
2026/6/14,20:43:47,247.3
2026/6/14,20:45:06,256.8
2026/6/14,20:47:22,266.7
2026/6/14,20:49:08,277.2
2026/6/14,20:50:33,286.2
2026/6/14,20:52:39,296.6
2026/6/14,20:53:58,306.7
2026/6/14,20:55:29,316.4
2026/6/14,20:57:34,327.1
2026/6/14,20:58:54,336.4
2026/6/14,22:23:39,96.9
2026/6/14,22:24:58,106.8
2026/6/14,22:27:16,117.0
2026/6/14,22:29:00,126.8
2026/6/14,22:30:25,136.8
2026/6/14,22:32:42,147.0
2026/6/14,22:34:00,157.5
2026/6/14,22:35:22,167.8
2026/6/14,22:37:47,177.8
2026/6/14,22:39:18,187.3
2026/6/14,22:40:43,196.9
2026/6/14,22:42:52,207.3
2026/6/14,22:44:23,217.6
2026/6/14,22:45:48,226.8
2026/6/14,22:48:00,236.9
2026/6/14,22:49:30,247.4
2026/6/14,22:50:55,256.8
2026/6/14,22:53:08,266.7
2026/6/14,22:54:38,277.2
2026/6/14,22:56:03,286.2
2026/6/14,22:58:35,296.7
2026/6/14,22:59:53,306.7
2026/6/14,23:01:12,316.4
2026/6/14,23:03:42,327.1
2026/6/14,23:05:12,336.6
2026/6/14,23:55:11,96.9
2026/6/14,23:56:30,107.0
2026/6/14,23:58:48,116.9
2026/6/15,00:00:31,126.8
2026/6/15,00:01:28,136.8
2026/6/15,00:03:58,147.0
2026/6/15,00:05:28,157.5
2026/6/15,00:06:53,167.8
2026/6/15,00:09:08,177.8
2026/6/15,00:10:35,187.3
2026/6/15,00:12:03,197.1
2026/6/15,00:14:39,207.3
2026/6/15,00:15:59,217.5
2026/6/15,00:17:20,226.7
2026/6/15,00:19:49,236.9
2026/6/15,00:21:18,247.4
2026/6/15,00:22:44,256.8
2026/6/15,00:24:59,266.8
2026/6/15,00:26:28,277.2
2026/6/15,00:27:54,286.3
2026/6/15,00:30:09,296.7
2026/6/15,00:31:37,306.7
2026/6/15,00:33:03,316.4
2026/6/15,00:35:20,327.0
2026/6/15,00:36:48,336.6
2026/6/15,02:08:18,136.8
2026/6/15,02:09:38,147.0
2026/6/15,02:12:27,157.5
2026/6/15,02:13:52,167.8
2026/6/15,02:15:11,177.9
2026/6/15,02:17:41,187.6
2026/6/15,02:19:00,196.9
2026/6/15,02:20:32,207.3
2026/6/15,02:22:50,217.4
2026/6/15,02:24:17,227.0
2026/6/15,02:25:43,236.9
2026/6/15,02:28:21,247.4
2026/6/15,02:29:40,256.8
2026/6/15,02:30:59,266.7
2026/6/15,02:33:31,277.2
2026/6/15,02:34:59,286.3
2026/6/15,02:36:24,296.7
2026/6/15,02:38:42,306.6
2026/6/15,02:40:09,316.4
2026/6/15,02:41:35,327.1
2026/6/15,02:43:51,336.6
2026/6/15,04:09:04,96.9
2026/6/15,04:10:23,106.9
2026/6/15,04:11:58,116.9
2026/6/15,04:13:59,126.8
2026/6/15,04:15:42,136.9
2026/6/15,04:16:36,147.0
2026/6/15,04:18:55,157.5
2026/6/15,04:20:13,167.8
2026/6/15,04:21:33,177.9
2026/6/15,04:23:48,187.4
2026/6/15,04:25:08,196.9
2026/6/15,04:26:26,207.3
2026/6/15,04:28:43,217.6
2026/6/15,04:30:28,227.1
2026/6/15,04:31:53,236.9
2026/6/15,04:34:02,247.4
2026/6/15,04:35:21,256.8
2026/6/15,04:36:51,266.8
2026/6/15,04:38:58,277.2
2026/6/15,04:40:17,286.2
2026/6/15,04:41:35,296.7
2026/6/15,04:43:52,306.7
2026/6/15,04:45:12,316.4
2026/6/15,04:46:30,327.1
2026/6/15,04:48:46,336.3
2026/6/15,10:38:01,96.9
2026/6/15,10:38:18,106.9
2026/6/15,10:40:47,116.9
2026/6/15,16:58:54,177.8
2026/6/15,16:59:11,187.5
2026/6/15,17:02:52,196.9
2026/6/15,17:03:42,207.3
2026/6/15,19:24:25,96.9
2026/6/15,19:24:42,106.9
2026/6/15,19:28:08,116.8
2026/6/15,19:28:59,126.8
2026/6/15,20:53:56,96.9
2026/6/15,20:54:52,106.9
2026/6/15,20:57:09,116.9
2026/6/15,20:58:28,126.8
2026/6/15,20:59:47,136.9
2026/6/15,21:02:05,147.0
2026/6/15,21:03:23,157.5
2026/6/15,21:04:42,167.7
2026/6/15,21:07:00,177.9
2026/6/15,21:09:09,187.3
2026/6/15,21:09:51,196.9
2026/6/15,21:12:16,207.3
2026/6/15,21:13:34,217.6
2026/6/15,21:15:15,227.1
2026/6/15,21:17:11,236.9
2026/6/15,21:18:30,247.4
2026/6/15,21:19:49,256.8
2026/6/15,21:22:06,266.8
2026/6/15,21:23:25,277.2
2026/6/15,21:24:44,286.3
2026/6/15,21:27:01,296.7
2026/6/15,21:28:20,306.6
2026/6/15,21:29:38,316.4
2026/6/15,21:31:55,327.1
2026/6/15,21:33:41,336.6
2026/6/15,22:32:25,147.0
2026/6/15,22:32:42,157.5
2026/6/15,22:36:38,167.8
2026/6/15,22:37:23,177.9
2026/6/16,00:01:52,96.9
2026/6/16,00:03:12,107.0
2026/6/16,00:05:29,116.9
2026/6/16,00:06:48,126.8
2026/6/16,00:08:07,136.8
2026/6/16,00:10:25,147.0
2026/6/16,00:11:43,157.5
2026/6/16,00:13:02,167.8
2026/6/16,00:15:20,177.8
2026/6/16,00:17:02,187.3
2026/6/16,00:18:28,196.9
2026/6/16,00:20:35,207.3
2026/6/16,00:21:54,217.6
2026/6/16,00:23:24,227.1
2026/6/16,00:25:30,236.9
2026/6/16,00:26:49,247.4
2026/6/16,00:28:07,256.9
2026/6/16,00:30:24,266.8
2026/6/16,00:31:43,277.2
2026/6/16,00:33:02,286.3
2026/6/16,00:35:19,296.7
2026/6/16,00:36:39,306.7
2026/6/16,00:37:57,316.4
2026/6/16,00:40:14,327.1
2026/6/16,00:41:59,336.6
2026/6/16,01:28:05,96.9
2026/6/16,01:30:22,106.9
2026/6/16,01:32:06,117.0
2026/6/16,01:33:31,126.8
2026/6/16,01:35:42,136.9
2026/6/16,01:37:01,147.0
2026/6/16,01:38:31,157.5
2026/6/16,01:40:37,167.8
2026/6/16,01:41:55,177.9
2026/6/16,01:43:15,187.3
2026/6/16,01:45:31,196.9
2026/6/16,01:46:51,207.3
2026/6/16,01:48:09,217.6
2026/6/16,01:50:26,226.8
2026/6/16,01:51:46,236.9
2026/6/16,01:53:04,247.4
2026/6/16,01:55:21,256.8
2026/6/16,01:57:05,266.8
2026/6/16,01:58:30,277.2
2026/6/16,02:00:37,286.2
2026/6/16,02:01:56,296.7
2026/6/16,02:03:27,306.7
2026/6/16,02:05:33,316.4
2026/6/16,02:06:52,327.1
2026/6/16,02:08:10,336.6
2026/6/16,02:30:54,96.9
2026/6/16,02:33:22,107.0
2026/6/16,02:34:40,116.9
2026/6/16,02:36:03,126.8
2026/6/16,02:38:20,136.8
2026/6/16,02:39:42,147.0
2026/6/16,02:41:04,157.5
2026/6/16,02:43:22,167.8
2026/6/16,02:45:03,177.9
2026/6/16,02:46:48,187.4
2026/6/16,02:48:23,196.9
2026/6/16,02:49:45,207.3
2026/6/16,02:51:26,217.6
2026/6/16,02:53:25,227.1
2026/6/16,02:54:54,236.9
2026/6/16,02:56:27,247.4
2026/6/16,02:58:51,256.9
2026/6/16,03:00:13,266.8
2026/6/16,03:01:35,277.2
2026/6/16,03:03:53,286.3
2026/6/16,03:05:15,296.7
2026/6/16,03:06:54,306.6
2026/6/16,03:08:55,316.4
2026/6/16,03:10:17,327.1
2026/6/16,03:11:57,336.5
2026/6/16,04:38:56,96.9
2026/6/16,04:41:05,106.9
2026/6/16,04:42:24,117.0
2026/6/16,04:43:53,126.7
2026/6/16,04:46:00,136.9
2026/6/16,04:47:18,147.0
2026/6/16,04:48:38,157.4
2026/6/16,04:50:55,167.8
2026/6/16,04:52:14,177.9
2026/6/16,04:53:33,187.3
2026/6/16,04:55:50,196.9
2026/6/16,04:57:09,207.3
2026/6/16,04:58:27,217.5
2026/6/16,05:00:45,227.0
2026/6/16,05:02:29,236.9
2026/6/16,05:03:54,247.4
2026/6/16,05:05:58,256.7
2026/6/16,05:07:17,266.8
2026/6/16,05:08:50,277.2
2026/6/16,05:10:53,286.3
2026/6/16,05:12:13,296.7
2026/6/16,05:13:30,306.7
2026/6/16,05:15:48,316.4
2026/6/16,05:17:08,327.1
2026/6/16,05:18:26,336.6
2026/6/16,06:30:55,116.8
2026/6/16,06:32:36,126.8
2026/6/16,06:33:34,167.8
2026/6/16,06:35:52,187.4
2026/6/16,06:37:34,196.9
2026/6/16,06:38:31,207.3
2026/6/16,06:41:02,227.1
2026/6/16,06:42:31,256.8
2026/6/16,06:43:58,266.8
2026/6/16,06:46:34,286.3
2026/6/16,06:47:54,327.1
2026/6/16,06:49:14,336.6
2026/6/16,08:53:25,96.9
2026/6/16,08:53:42,106.9
2026/6/16,08:56:55,116.9
2026/6/16,08:57:45,126.8
2026/6/16,09:37:26,277.2
2026/6/16,09:37:43,286.3
2026/6/16,09:41:22,296.7
2026/6/16,09:42:12,306.6
2026/6/16,11:17:52,96.9
2026/6/16,11:19:17,106.9
2026/6/16,11:21:38,116.8
2026/6/16,11:23:03,126.8
2026/6/16,11:24:29,136.8
2026/6/16,11:26:48,147.0
2026/6/16,11:28:14,157.5
2026/6/16,11:29:40,167.8
2026/6/16,11:31:59,177.8
2026/6/16,11:33:26,187.3
2026/6/16,11:34:54,196.9
2026/6/16,11:37:33,207.3
2026/6/16,11:38:52,217.5
2026/6/16,11:40:10,226.7
2026/6/16,11:42:43,236.8
2026/6/16,11:44:10,247.4
2026/6/16,11:45:36,256.7
2026/6/16,11:47:53,266.8
2026/6/16,11:49:20,277.2
2026/6/16,11:50:46,286.3
2026/6/16,11:53:05,296.7
2026/6/16,11:54:31,306.7
2026/6/16,11:55:56,316.4
2026/6/16,11:58:17,327.1
2026/6/16,11:59:44,336.6
2026/6/16,13:29:37,96.9
2026/6/16,13:31:03,106.9
2026/6/16,13:33:20,116.8
2026/6/16,13:34:48,126.7
2026/6/16,13:36:13,136.8
2026/6/16,13:38:15,147.0
2026/6/16,13:39:33,157.5
2026/6/16,13:40:53,167.7
2026/6/16,13:43:10,177.8
2026/6/16,13:44:52,187.3
2026/6/16,13:46:17,196.9
2026/6/16,13:48:28,207.3
2026/6/16,13:49:47,217.6
2026/6/16,13:51:16,226.8
2026/6/16,13:53:23,236.9
2026/6/16,13:54:42,247.4
2026/6/16,13:56:01,256.8
2026/6/16,13:58:17,266.8
2026/6/16,13:59:37,277.2
2026/6/16,14:00:55,286.3
2026/6/16,14:03:14,296.7
2026/6/16,14:04:32,306.7
2026/6/16,14:05:50,316.4
2026/6/16,14:08:07,327.1
2026/6/16,14:09:53,336.6
2026/6/16,15:38:28,126.7
2026/6/16,16:11:54,96.9
2026/6/16,16:12:11,107.0
2026/6/16,16:15:30,116.9
2026/6/16,16:16:20,126.8
2026/6/16,17:23:39,96.9
2026/6/16,17:25:05,106.9
2026/6/16,17:27:19,116.9
2026/6/16,17:28:49,126.7
2026/6/16,17:30:14,136.8
2026/6/16,17:32:15,147.0
2026/6/16,17:33:57,157.5
2026/6/16,17:35:22,167.8
2026/6/16,17:37:35,177.8
2026/6/16,17:38:52,187.3
2026/6/16,17:40:21,196.9
2026/6/16,17:42:29,207.3
2026/6/16,17:44:11,217.6
2026/6/16,17:45:07,227.1
2026/6/16,17:47:24,236.9
2026/6/16,17:48:44,247.4
2026/6/16,17:50:02,256.9
2026/6/16,17:52:19,266.8
2026/6/16,17:53:39,277.2
2026/6/16,17:54:57,286.3
2026/6/16,17:57:14,296.7
2026/6/16,17:58:59,306.8
2026/6/16,18:00:24,316.3
2026/6/16,18:02:31,327.1
2026/6/16,18:03:52,336.4
2026/6/16,19:32:03,96.9
2026/6/16,20:38:19,96.9
2026/6/16,20:39:40,106.9
2026/6/16,20:41:05,116.9
2026/6/16,20:43:36,126.8
2026/6/16,20:45:03,136.8
2026/6/16,20:46:29,147.0
2026/6/16,20:48:53,157.5
2026/6/16,20:50:12,167.8
2026/6/16,20:51:42,177.8
2026/6/16,20:53:48,187.3
2026/6/16,20:55:29,196.9
2026/6/16,20:56:25,207.3
2026/6/16,20:58:42,217.6
2026/6/16,21:00:01,227.0
2026/6/16,21:01:19,236.9
2026/6/16,21:03:36,247.3
2026/6/16,21:04:56,256.8
2026/6/16,21:06:14,266.8
2026/6/16,21:08:32,277.2
2026/6/16,21:10:16,286.3
2026/6/16,21:11:41,296.7
2026/6/16,21:13:49,306.7
2026/6/16,21:15:07,316.4
2026/6/16,21:16:37,327.0
2026/6/16,21:18:43,336.5
2026/6/16,22:51:28,116.9
2026/6/16,22:52:47,126.8
2026/6/16,22:54:20,136.8
2026/6/16,22:57:17,147.0
2026/6/16,22:58:45,157.5
2026/6/16,23:00:13,167.8
2026/6/16,23:02:51,177.9
2026/6/16,23:04:10,187.3
2026/6/16,23:05:29,196.9
2026/6/16,23:08:00,207.3
2026/6/16,23:09:28,217.5
2026/6/16,23:10:53,227.1
2026/6/16,23:13:09,236.9
2026/6/16,23:14:37,247.4
2026/6/16,23:16:02,256.8
2026/6/16,23:18:19,266.8
2026/6/16,23:19:47,277.2
2026/6/16,23:21:12,286.2
2026/6/16,23:23:28,296.7
2026/6/16,23:24:56,306.7
2026/6/16,23:26:24,316.4
2026/6/16,23:29:03,327.2
2026/6/16,23:30:22,336.7
2026/6/17,00:59:13,96.9
2026/6/17,01:00:38,106.9
2026/6/17,01:02:55,116.9
2026/6/17,01:04:24,126.8
2026/6/17,01:05:49,136.8
2026/6/17,01:08:05,147.0
2026/6/17,01:09:34,157.5
2026/6/17,01:10:59,167.8
2026/6/17,01:13:36,177.9
2026/6/17,01:14:55,187.3
2026/6/17,01:16:15,196.9
2026/6/17,01:18:45,207.3
2026/6/17,01:20:14,217.5
2026/6/17,01:21:39,227.1
2026/6/17,01:23:55,236.9
2026/6/17,01:25:23,247.4
2026/6/17,01:26:49,256.8
2026/6/17,01:29:05,266.8
2026/6/17,01:30:33,277.2
2026/6/17,01:31:59,286.2
2026/6/17,01:34:13,296.7
2026/6/17,01:35:43,306.7
2026/6/17,01:37:08,316.4
2026/6/17,01:39:44,327.2
2026/6/17,01:41:04,336.7
2026/6/17,03:10:23,96.9
2026/6/17,03:11:48,107.0
2026/6/17,03:14:09,116.9
2026/6/17,03:15:35,126.8
2026/6/17,03:17:00,136.9
2026/6/17,03:19:04,147.0
2026/6/17,03:20:47,157.5
2026/6/17,03:22:12,167.8
2026/6/17,03:24:19,177.8
2026/6/17,03:25:37,187.3
2026/6/17,03:27:07,196.9
2026/6/17,03:29:13,207.3
2026/6/17,03:30:33,217.5
2026/6/17,03:31:51,226.7
2026/6/17,03:34:08,236.9
2026/6/17,03:35:28,247.3
2026/6/17,03:36:46,256.9
2026/6/17,03:39:04,266.8
2026/6/17,03:40:23,277.2
2026/6/17,03:41:42,286.3
2026/6/17,03:43:59,296.7
2026/6/17,03:45:43,306.6
2026/6/17,03:47:09,316.4
2026/6/17,03:49:19,327.1
2026/6/17,03:50:38,336.4
2026/6/17,06:24:26,177.7
2026/6/17,06:24:43,187.3
2026/6/17,06:28:29,196.8
2026/6/17,06:29:22,207.3
2026/6/17,07:56:55,96.9
2026/6/17,07:57:54,106.9
2026/6/17,08:00:12,117.0
2026/6/17,08:01:53,126.8
2026/6/17,08:02:50,136.8
2026/6/17,08:05:20,147.0
2026/6/17,08:06:51,157.5
2026/6/17,08:08:16,167.7
2026/6/17,08:10:29,177.9
2026/6/17,08:11:58,187.3
2026/6/17,08:13:23,196.9
2026/6/17,08:15:57,207.3
2026/6/17,08:17:15,217.6
2026/6/17,08:18:35,227.0
2026/6/17,08:21:05,236.9
2026/6/17,08:22:34,247.4
2026/6/17,08:23:59,256.7
2026/6/17,08:26:11,266.8
2026/6/17,08:27:43,277.2
2026/6/17,08:29:09,286.2
2026/6/17,08:31:19,296.7
2026/6/17,08:32:50,306.7
2026/6/17,08:34:15,316.4
2026/6/17,08:36:28,327.1
2026/6/17,08:37:58,336.6
2026/6/17,14:37:26,256.8
2026/6/17,14:37:44,266.7
2026/6/17,14:41:10,277.2
2026/6/17,14:42:01,286.2
2026/6/17,15:40:30,97.0
2026/6/17,15:43:02,106.9
2026/6/17,15:44:29,116.8
2026/6/17,15:45:54,126.7
2026/6/17,15:48:03,136.8
2026/6/17,15:49:39,147.0
2026/6/17,15:50:41,157.5
2026/6/17,15:53:03,167.7
2026/6/17,15:54:39,177.8
2026/6/17,15:55:41,187.3
2026/6/17,15:58:02,196.9
2026/6/17,15:59:39,207.3
2026/6/17,16:01:04,217.6
2026/6/17,16:03:26,227.0
2026/6/17,16:04:45,236.9
2026/6/17,16:06:09,247.4
2026/6/17,16:08:26,256.8
2026/6/17,16:10:04,266.8
2026/6/17,16:11:05,277.2
2026/6/17,16:13:26,286.2
2026/6/17,16:15:03,296.7
2026/6/17,16:16:05,306.6
2026/6/17,16:18:25,316.4
2026/6/17,16:20:04,327.1
2026/6/17,16:21:04,336.6
2026/6/17,17:05:56,256.8
2026/6/17,17:06:14,266.7
2026/6/17,17:09:31,277.2
2026/6/17,17:10:24,286.2
2026/6/17,18:14:00,96.9
2026/6/17,18:15:41,106.9
2026/6/17,18:17:13,116.8
2026/6/17,18:18:39,126.7
2026/6/17,18:20:53,136.8
2026/6/17,18:22:18,147.0
2026/6/17,18:23:44,157.5
2026/6/17,18:26:01,167.8
2026/6/17,18:27:30,177.8
2026/6/17,18:28:54,187.3
2026/6/17,18:31:35,196.9
2026/6/17,18:32:54,207.3
2026/6/17,18:34:13,217.5
2026/6/17,18:36:47,226.7
2026/6/17,18:38:12,236.9
2026/6/17,18:39:38,247.3
2026/6/17,18:42:01,256.8
2026/6/17,18:43:24,266.8
2026/6/17,18:44:50,277.2
2026/6/17,18:47:10,286.3
2026/6/17,18:48:38,296.7
2026/6/17,18:50:03,306.6
2026/6/17,18:52:20,316.4
2026/6/17,18:53:47,327.1
2026/6/17,18:55:14,336.6
2026/6/18,01:37:56,96.9
2026/6/18,01:38:13,106.9
2026/6/18,01:42:26,116.9
2026/6/18,01:43:17,126.7
2026/6/18,03:05:27,177.8
2026/6/18,03:05:44,187.5
2026/6/18,03:09:47,196.9
2026/6/18,03:10:37,207.3
2026/6/18,03:56:56,97.0
2026/6/18,03:58:21,106.9
2026/6/18,04:00:33,117.0
2026/6/18,04:02:05,126.8
2026/6/18,04:03:30,136.8
2026/6/18,04:06:09,147.0
2026/6/18,04:07:27,157.5
2026/6/18,04:08:47,167.8
2026/6/18,04:11:17,177.8
2026/6/18,04:12:45,187.4
2026/6/18,04:14:10,197.0
2026/6/18,04:16:25,207.3
2026/6/18,04:17:54,217.5
2026/6/18,04:19:19,227.1
2026/6/18,04:21:34,236.9
2026/6/18,04:23:02,247.4
2026/6/18,04:24:28,256.8
2026/6/18,04:26:44,266.8
2026/6/18,04:28:11,277.2
2026/6/18,04:29:37,286.3
2026/6/18,04:32:14,296.7
2026/6/18,04:33:33,306.6
2026/6/18,04:34:52,316.4
2026/6/18,04:37:23,327.1
2026/6/18,04:38:52,336.3
2026/6/18,05:38:56,136.8
2026/6/18,05:39:13,147.0
2026/6/18,05:42:38,157.5
2026/6/18,05:43:29,167.8
2026/6/18,06:11:54,96.9
2026/6/18,06:14:23,107.0
2026/6/18,06:15:40,117.0
2026/6/18,06:16:59,126.8
2026/6/18,06:19:17,136.8
2026/6/18,06:20:36,147.0
2026/6/18,06:21:55,157.5
2026/6/18,06:24:12,167.8
2026/6/18,06:25:31,177.8
2026/6/18,06:26:50,187.3
2026/6/18,06:29:06,196.9
2026/6/18,06:30:25,207.3
2026/6/18,06:31:43,217.5
2026/6/18,06:34:00,227.0
2026/6/18,06:35:27,236.9
2026/6/18,06:37:15,247.4
2026/6/18,06:39:19,256.8
2026/6/18,06:40:38,266.8
2026/6/18,06:42:12,277.2
2026/6/18,06:44:15,286.2
2026/6/18,06:45:56,296.7
2026/6/18,06:46:53,306.8
2026/6/18,06:49:09,316.4
2026/6/18,06:50:29,327.1
2026/6/18,06:51:47,336.6
2026/6/18,07:16:26,136.9
2026/6/18,07:16:43,147.0
2026/6/18,07:20:15,157.5
2026/6/18,07:21:08,167.7
2026/6/18,08:47:55,96.9
2026/6/18,08:49:21,106.9
2026/6/18,08:51:42,116.9
2026/6/18,08:53:06,126.7
2026/6/18,08:54:31,136.8
2026/6/18,08:56:37,147.0
2026/6/18,08:57:55,157.5
2026/6/18,08:59:15,167.7
2026/6/18,09:01:33,177.8
2026/6/18,09:03:33,187.3
2026/6/18,09:04:49,197.0
2026/6/18,09:06:51,207.3
2026/6/18,09:08:10,217.6
2026/6/18,09:09:45,227.1
2026/6/18,09:11:45,236.9
2026/6/18,09:13:05,247.4
2026/6/18,09:14:23,256.8
2026/6/18,09:16:40,266.7
2026/6/18,09:18:00,277.2
2026/6/18,09:19:18,286.3
2026/6/18,09:21:36,296.7
2026/6/18,09:22:55,306.6
2026/6/18,09:24:13,316.4
2026/6/18,09:26:30,327.1
2026/6/18,09:28:16,336.6
2026/6/18,10:12:50,96.9
2026/6/18,10:14:09,107.0
2026/6/18,10:16:35,116.9
2026/6/18,10:18:13,126.8
2026/6/18,10:19:38,136.8
2026/6/18,10:21:50,147.0
2026/6/18,10:23:09,157.5
2026/6/18,10:24:41,167.8
2026/6/18,10:26:45,177.8
2026/6/18,10:28:26,187.3
2026/6/18,10:29:23,196.8
2026/6/18,10:31:39,207.3
2026/6/18,10:32:58,217.5
2026/6/18,10:34:16,227.0
2026/6/18,10:36:33,236.9
2026/6/18,10:37:53,247.4
2026/6/18,10:39:11,256.9
2026/6/18,10:41:28,266.8
2026/6/18,10:43:13,277.2
2026/6/18,10:44:39,286.3
2026/6/18,10:46:46,296.7
2026/6/18,10:48:05,306.7
2026/6/18,10:49:34,316.4
2026/6/18,10:51:40,327.1
2026/6/18,10:53:00,336.5
2026/6/18,11:53:47,96.9
2026/6/18,11:55:16,106.9
2026/6/18,11:56:41,116.9
2026/6/18,11:58:58,126.7
2026/6/18,12:00:25,136.8
2026/6/18,12:01:52,147.0
2026/6/18,12:04:15,157.5
2026/6/18,12:05:33,167.7
2026/6/18,12:07:04,177.8
2026/6/18,12:09:19,187.3
2026/6/18,12:10:28,196.8
2026/6/18,12:11:46,207.3
2026/6/18,12:14:04,217.6
2026/6/18,12:15:23,227.1
2026/6/18,12:16:41,236.9
2026/6/18,12:18:58,247.3
2026/6/18,12:20:18,256.8
2026/6/18,12:21:36,266.7
2026/6/18,12:23:54,277.2
2026/6/18,12:25:38,286.3
2026/6/18,12:27:03,296.7
2026/6/18,12:29:10,306.7
2026/6/18,12:30:29,316.4
2026/6/18,12:32:00,327.1
2026/6/18,12:34:04,336.7
2026/6/18,13:58:58,96.9
2026/6/18,14:00:16,106.9
2026/6/18,14:01:35,116.9
2026/6/18,14:03:52,126.8
2026/6/18,14:05:37,136.8
2026/6/18,14:07:02,147.0
2026/6/18,14:09:07,157.5
2026/6/18,14:10:26,167.8
2026/6/18,14:11:58,177.8
2026/6/18,14:14:00,187.4
2026/6/18,14:15:19,196.9
2026/6/18,14:16:37,207.3
2026/6/18,14:18:54,217.5
2026/6/18,14:20:13,227.0
2026/6/18,14:21:31,236.9
2026/6/18,14:23:49,247.4
2026/6/18,14:25:08,256.8
2026/6/18,14:26:26,266.8
2026/6/18,14:28:43,277.2
2026/6/18,14:30:31,286.3
2026/6/18,14:31:56,296.7
2026/6/18,14:34:01,306.6
2026/6/18,14:35:20,316.3
2026/6/18,14:36:52,327.1
2026/6/18,14:38:56,336.7
2026/6/18,16:06:26,217.5
2026/6/18,16:06:43,227.1
2026/6/18,16:11:26,236.9
2026/6/18,16:11:44,247.4
2026/6/18,16:45:27,96.9
2026/6/18,16:45:44,107.0
2026/6/18,16:49:01,116.9
2026/6/18,16:49:53,126.8
2026/6/18,17:39:35,97.0
2026/6/18,17:41:01,106.9
2026/6/18,17:43:13,116.8
2026/6/18,17:44:32,126.8
2026/6/18,17:45:57,136.8
2026/6/18,17:48:15,157.5
2026/6/18,17:49:50,167.7
2026/6/18,17:50:52,177.8
2026/6/18,17:53:21,196.9
2026/6/18,17:54:52,207.3
2026/6/18,17:56:18,227.0
2026/6/18,17:58:26,236.9
2026/6/18,17:59:57,256.9
2026/6/18,18:01:23,266.8
2026/6/18,18:03:30,277.2
2026/6/18,18:05:04,286.3
2026/6/18,18:06:29,296.6
2026/6/18,18:08:57,306.7
2026/6/18,18:10:16,316.4
2026/6/18,18:11:36,327.1
2026/6/18,18:14:03,336.3
2026/6/18,19:52:27,177.8
2026/6/18,19:52:44,187.2
2026/6/18,19:56:26,196.9
2026/6/18,19:56:53,207.3
2026/6/18,21:12:46,96.9
2026/6/18,21:14:55,106.9
2026/6/18,21:16:14,116.8
2026/6/18,21:17:44,126.7
2026/6/18,21:19:49,136.8
2026/6/18,21:21:07,147.0
2026/6/18,21:22:27,157.5
2026/6/18,21:24:43,167.7
2026/6/18,21:26:01,177.9
2026/6/18,21:27:20,187.3
2026/6/18,21:29:36,196.9
2026/6/18,21:30:55,207.3
2026/6/18,21:32:14,217.5
2026/6/18,21:34:30,227.1
2026/6/18,21:35:56,236.9
2026/6/18,21:37:44,247.3
2026/6/18,21:39:46,256.8
2026/6/18,21:41:04,266.8
2026/6/18,21:42:40,277.2
2026/6/18,21:44:40,286.3
2026/6/18,21:46:00,296.7
2026/6/18,21:47:18,306.6
2026/6/18,21:49:34,316.4
2026/6/18,21:50:55,327.1
2026/6/18,21:52:13,336.5
2026/6/18,22:18:57,177.8
2026/6/18,22:19:14,187.3
2026/6/18,22:22:44,196.8
2026/6/18,22:23:36,207.3
2026/6/19,00:25:57,97.0
2026/6/19,00:27:16,106.9
2026/6/19,00:28:35,116.9
2026/6/19,00:30:52,126.8
2026/6/19,00:32:16,136.8
2026/6/19,00:34:06,147.0
2026/6/19,00:36:08,157.5
2026/6/19,00:37:27,167.8
2026/6/19,00:39:03,177.8
2026/6/19,00:41:02,187.3
2026/6/19,00:42:20,196.9
2026/6/19,00:43:39,207.3
2026/6/19,00:45:56,217.6
2026/6/19,00:47:16,226.9
2026/6/19,00:48:34,236.9
2026/6/19,00:50:51,247.4
2026/6/19,00:52:10,256.8
2026/6/19,00:53:29,266.8
2026/6/19,00:55:45,277.2
2026/6/19,00:57:31,286.2
2026/6/19,00:58:57,296.6
2026/6/19,01:01:03,306.7
2026/6/19,01:02:22,316.4
2026/6/19,01:03:53,327.1
2026/6/19,01:05:57,336.3
2026/6/19,05:33:57,217.5
2026/6/19,05:34:15,227.0
2026/6/19,05:38:23,236.9
2026/6/19,05:39:13,247.3
2026/6/19,22:22:57,136.8
2026/6/19,22:23:14,147.0
2026/6/19,22:26:32,157.5
2026/6/19,22:27:24,167.8
2026/6/20,02:57:28,296.7
2026/6/20,02:57:46,306.6
2026/6/20,03:01:13,316.4
2026/6/20,03:02:04,327.1
2026/6/20,08:47:27,97.0
2026/6/20,08:47:44,106.9
2026/6/20,08:51:16,116.9
2026/6/20,08:52:09,126.7
2026/6/20,13:22:58,177.8
2026/6/20,13:23:15,187.3
2026/6/20,13:26:55,196.9
2026/6/20,13:27:48,207.3
2026/6/20,13:53:03,96.9
2026/6/20,13:54:22,106.9
2026/6/20,13:57:26,116.8
2026/6/20,13:58:45,126.8
2026/6/20,15:36:57,96.9
2026/6/20,15:37:14,106.9
2026/6/20,15:40:33,117.0
2026/6/20,15:41:26,126.8
2026/6/20,17:04:57,207.3
2026/6/20,17:05:14,217.5
2026/6/20,17:09:05,227.0
2026/6/20,17:09:57,236.9
2026/6/20,19:05:43,96.9
2026/6/20,19:07:19,106.9
2026/6/20,19:09:58,116.9
2026/6/20,19:11:16,126.8
2026/6/20,19:15:35,136.8
2026/6/20,19:16:53,147.0
2026/6/20,19:21:13,157.5
2026/6/20,19:22:30,167.8
2026/6/20,19:26:51,177.8
2026/6/20,19:28:19,187.3
2026/6/20,19:32:58,197.0
2026/6/20,19:33:57,207.3
2026/6/20,19:38:16,217.6
2026/6/20,19:39:34,227.1
2026/6/20,19:43:56,236.9
2026/6/20,19:45:14,247.4
2026/6/20,19:49:33,256.8
2026/6/20,19:50:52,266.7
2026/6/20,19:55:12,277.2
2026/6/20,19:56:39,286.2
2026/6/20,20:01:19,296.6
2026/6/20,20:02:18,306.5
2026/6/20,20:06:37,316.3
2026/6/20,20:07:55,327.0
2026/6/20,20:12:15,336.3
2026/6/20,23:03:28,136.8
2026/6/20,23:03:45,147.0
2026/6/20,23:06:57,157.5
2026/6/20,23:07:51,167.8
2026/6/20,23:57:00,96.9
2026/6/20,23:58:17,107.0
2026/6/21,00:01:22,116.9
2026/6/21,00:02:39,126.8
2026/6/21,00:06:03,136.8
2026/6/21,00:07:53,146.9
2026/6/21,00:11:03,157.5
2026/6/21,00:12:36,167.8
2026/6/21,00:15:46,177.8
2026/6/21,00:17:05,187.4
2026/6/21,00:20:29,197.0
2026/6/21,00:21:48,207.3
2026/6/21,00:25:13,217.6
2026/6/21,00:26:32,227.1
2026/6/21,00:29:58,236.9
2026/6/21,00:31:17,247.4
2026/6/21,00:34:42,256.8
2026/6/21,00:36:30,266.7
2026/6/21,00:39:38,277.2
2026/6/21,00:40:57,286.2
2026/6/21,00:44:21,296.7
2026/6/21,00:45:40,306.6
2026/6/21,00:49:04,316.4
2026/6/21,00:50:23,327.1
2026/6/21,00:53:47,336.6
2026/6/21,06:13:34,107.0
2026/6/21,06:16:34,147.0
2026/6/21,06:17:52,177.9
2026/6/21,06:20:52,187.3
2026/6/21,06:22:10,207.3
2026/6/21,06:25:06,227.1
2026/6/21,06:26:31,247.4
2026/6/21,06:30:09,266.7
2026/6/21,06:31:10,286.3
2026/6/21,06:33:49,306.6
2026/6/21,06:35:08,327.1
2026/6/21,07:30:22,296.7
2026/6/21,07:33:26,306.7
2026/6/21,07:34:45,316.4
2026/6/21,07:37:50,327.0
2026/6/21,09:39:01,96.9
2026/6/21,09:42:27,107.0
2026/6/21,09:43:45,116.9
2026/6/21,09:47:11,126.8
2026/6/21,09:48:29,136.9
2026/6/21,09:51:50,147.0
2026/6/21,09:53:16,157.4
2026/6/21,09:56:42,167.8
2026/6/21,09:58:01,177.8
2026/6/21,10:01:20,187.3
2026/6/21,10:02:40,196.9
2026/6/21,10:06:01,207.3
2026/6/21,10:07:21,217.5
2026/6/21,10:10:40,227.0
2026/6/21,10:11:59,236.9
2026/6/21,10:15:20,247.4
2026/6/21,10:16:47,256.8
2026/6/21,10:20:14,266.7
2026/6/21,10:21:33,277.2
2026/6/21,10:24:54,286.3
2026/6/21,10:26:14,296.7
2026/6/21,10:29:34,306.6
2026/6/21,10:30:53,316.4
2026/6/21,10:34:13,327.1
2026/6/21,10:35:33,336.3
2026/6/21,12:26:32,136.8
2026/6/21,12:27:58,147.0
2026/6/21,12:31:04,167.8
2026/6/21,12:32:38,177.9
2026/6/21,14:10:28,96.9
2026/6/21,14:13:21,106.9
2026/6/21,14:14:48,116.8
2026/6/21,14:18:29,126.8
2026/6/21,14:19:47,136.9
2026/6/21,14:23:22,147.0
2026/6/21,14:25:00,157.5
2026/6/21,14:28:16,167.8
2026/6/21,14:29:52,177.8
2026/6/21,14:33:07,187.3
2026/6/21,14:34:46,196.9
2026/6/21,14:37:57,207.3
2026/6/21,14:39:38,217.5
2026/6/21,14:43:03,226.8
2026/6/21,14:44:22,236.9
2026/6/21,14:47:53,247.4
2026/6/21,14:49:34,256.8
2026/6/21,14:52:46,266.7
2026/6/21,14:54:24,277.2
2026/6/21,14:57:36,286.3
2026/6/21,14:59:17,296.7
2026/6/21,15:02:28,306.6
2026/6/21,15:04:07,316.4
2026/6/21,15:07:36,327.1
2026/6/21,15:08:54,336.4
2026/6/21,20:23:24,217.5
2026/6/21,20:24:57,227.1
2026/6/21,20:27:46,236.8
2026/6/21,20:29:05,247.3
2026/6/21,20:32:09,266.7
2026/6/21,20:33:27,277.2
2026/6/21,20:36:39,286.2
2026/6/21,20:37:50,296.7
2026/6/21,20:40:52,306.7
2026/6/21,20:42:21,316.4
2026/6/21,20:45:30,327.1
2026/6/21,20:47:03,336.4
2026/6/22,01:17:48,96.9
2026/6/22,01:19:07,106.9
2026/6/22,01:21:25,116.8
2026/6/22,02:04:59,96.9
2026/6/22,02:05:21,107.0
2026/6/22,02:07:45,117.0
2026/6/22,03:41:43,136.8
2026/6/22,03:43:02,147.0
2026/6/22,03:45:20,157.5
2026/6/22,03:46:38,167.8
2026/6/22,03:47:58,177.8
2026/6/22,03:50:15,187.4
2026/6/22,03:51:42,196.9
2026/6/22,03:53:10,207.3
2026/6/22,03:55:34,217.4
2026/6/22,03:56:52,227.0
2026/6/22,03:58:12,236.9
2026/6/22,04:00:28,247.4
2026/6/22,05:32:20,96.9
2026/6/22,05:34:37,106.9
2026/6/22,05:36:04,116.9
2026/6/22,05:37:32,126.8
2026/6/22,05:39:56,136.8
2026/6/22,05:41:14,147.0
2026/6/22,05:42:33,157.5
2026/6/22,05:44:50,167.8
2026/6/22,05:46:08,187.3
2026/6/22,06:32:29,96.9
2026/6/22,06:32:45,106.9
2026/6/22,06:36:31,116.9
2026/6/22,06:37:24,126.8
2026/6/22,07:47:36,96.9
2026/6/22,07:48:53,106.9
2026/6/22,07:51:58,116.9
2026/6/22,07:53:17,126.7
2026/6/22,07:56:15,136.8
2026/6/22,07:57:34,147.0
2026/6/22,08:00:32,157.5
2026/6/22,08:01:50,167.8
2026/6/22,08:04:49,177.8
2026/6/22,08:06:13,187.3
2026/6/22,08:09:18,196.9
2026/6/22,08:10:53,207.3
2026/6/22,08:13:35,217.5
2026/6/22,08:14:54,227.0
2026/6/22,08:17:52,236.9
2026/6/22,08:19:11,247.4
2026/6/22,08:22:09,256.8
2026/6/22,08:23:28,266.7
2026/6/22,08:26:25,277.2
2026/6/22,08:27:53,286.2
2026/6/22,08:30:59,296.7
2026/6/22,08:32:31,306.7
2026/6/22,08:35:16,316.4
2026/6/22,08:36:36,327.1
2026/6/22,08:39:33,336.6
2026/6/22,09:44:00,97.0
2026/6/22,09:45:19,107.0
2026/6/22,09:48:55,116.9
2026/6/22,09:50:32,126.8
2026/6/22,09:53:12,136.8
2026/6/22,09:54:30,147.0
2026/6/22,09:57:28,157.5
2026/6/22,09:58:47,167.7
2026/6/22,10:01:44,177.9
2026/6/22,10:03:09,187.5
2026/6/22,10:06:15,196.9
2026/6/22,10:07:34,207.3
2026/6/22,10:10:32,217.5
2026/6/22,10:11:51,227.0
2026/6/22,10:14:48,236.9
2026/6/22,10:16:07,247.4
2026/6/22,10:19:05,256.8
2026/6/22,10:20:24,266.7
2026/6/22,10:23:21,277.2
2026/6/22,10:24:49,286.2
2026/6/22,10:27:55,296.7
2026/6/22,10:29:27,306.6
2026/6/22,10:32:21,316.4
2026/6/22,10:33:31,327.0
2026/6/22,14:20:55,96.9
2026/6/22,14:22:13,106.9
2026/6/22,14:25:14,116.8
2026/6/22,14:26:31,126.8
2026/6/22,14:29:29,136.9
2026/6/22,14:30:53,147.0
2026/6/22,14:33:58,157.5
2026/6/22,14:35:33,167.7
2026/6/22,14:38:12,177.8
2026/6/22,14:39:32,187.4
2026/6/22,14:42:27,196.9
2026/6/22,14:43:46,207.3
2026/6/22,14:46:42,217.6
2026/6/22,14:48:01,227.1
2026/6/22,14:50:57,236.9
2026/6/22,14:52:24,247.3
2026/6/22,14:55:28,256.8
2026/6/22,14:57:02,266.7
2026/6/22,14:59:43,277.2
2026/6/22,15:01:02,286.2
2026/6/22,15:03:58,296.7
2026/6/22,15:05:17,306.7
2026/6/22,15:08:13,316.4
2026/6/22,15:09:32,327.1
2026/6/22,15:12:28,336.3
2026/6/22,15:44:38,96.9
2026/6/22,15:46:03,106.9
2026/6/22,15:49:01,116.9
2026/6/22,15:50:20,126.8
2026/6/22,15:53:14,136.8
2026/6/22,15:54:33,147.0
2026/6/22,15:57:28,157.5
2026/6/22,15:58:52,167.8
2026/6/22,16:01:46,177.8
2026/6/22,16:03:05,187.5
2026/6/22,16:06:07,196.9
2026/6/22,16:07:26,207.3
2026/6/22,16:10:20,217.6
2026/6/22,16:11:39,227.0
2026/6/22,16:14:33,236.9
2026/6/22,16:15:52,247.3
2026/6/22,16:18:46,256.8
2026/6/22,16:20:13,266.7
2026/6/22,16:23:07,277.2
2026/6/22,16:24:26,286.2
2026/6/22,16:27:28,296.7
2026/6/22,16:28:48,306.6
2026/6/22,16:31:42,316.4
2026/6/22,16:33:01,327.1
2026/6/22,16:35:55,336.2
2026/6/22,19:52:59,106.9
2026/6/22,19:53:16,116.9
2026/6/22,19:56:34,126.7
2026/6/22,19:57:26,136.8
2026/6/22,21:26:55,96.9
2026/6/22,21:28:12,106.9
2026/6/22,21:30:38,116.9
2026/6/22,21:31:59,126.7
2026/6/22,21:33:25,136.8
2026/6/22,21:35:33,147.0
2026/6/22,21:36:51,157.5
2026/6/22,21:38:10,167.7
2026/6/22,21:40:28,177.8
2026/6/22,21:42:10,187.4
2026/6/22,21:43:57,196.9
2026/6/22,21:45:44,207.3
2026/6/22,21:47:03,217.6
2026/6/22,21:48:32,226.9
2026/6/22,21:50:39,236.9
2026/6/22,21:51:59,247.3
2026/6/22,21:53:17,256.8
2026/6/22,21:55:34,266.8
2026/6/22,21:56:54,277.2
2026/6/22,21:58:12,286.3
2026/6/22,22:00:29,296.7
2026/6/22,22:01:49,306.5
2026/6/22,22:03:07,316.4
2026/6/22,22:05:25,327.1
2026/6/22,22:07:09,336.5
2026/6/22,23:32:09,96.9
2026/6/23,00:23:58,147.0
2026/6/23,00:24:15,157.5
2026/6/23,00:28:00,167.7
2026/6/23,00:28:51,177.9
2026/6/23,01:00:30,147.0
2026/6/23,01:00:47,157.5
2026/6/23,01:04:38,167.8
2026/6/23,01:05:30,177.9
2026/6/23,01:48:30,97.0
2026/6/23,01:49:48,107.0
2026/6/23,01:51:07,116.8
2026/6/23,01:53:25,126.8
2026/6/23,01:55:10,136.8
2026/6/23,01:56:36,147.0
2026/6/23,01:58:42,157.5
2026/6/23,02:00:01,167.7
2026/6/23,02:01:32,177.8
2026/6/23,02:03:36,187.3
2026/6/23,02:04:56,196.9
2026/6/23,02:06:14,207.3
2026/6/23,02:08:31,217.6
2026/6/23,02:09:51,227.1
2026/6/23,02:11:09,236.9
2026/6/23,02:13:27,247.4
2026/6/23,02:14:46,256.8
2026/6/23,02:16:04,266.8
2026/6/23,02:18:22,277.2
2026/6/23,02:20:05,286.2
2026/6/23,02:21:30,296.7
2026/6/23,02:23:40,306.7
2026/6/23,02:24:58,316.4
2026/6/23,02:26:28,327.0
2026/6/23,02:28:34,336.6
2026/6/23,03:53:22,96.9
2026/6/23,03:54:40,107.0
2026/6/23,03:55:59,116.9
2026/6/23,03:58:17,126.8
2026/6/23,04:00:00,136.8
2026/6/23,04:01:25,147.0
2026/6/23,04:03:34,157.5
2026/6/23,04:04:52,167.8
2026/6/23,04:06:24,177.8
2026/6/23,04:08:29,187.2
2026/6/23,04:09:47,196.9
2026/6/23,04:11:05,207.3
2026/6/23,04:13:22,217.6
2026/6/23,04:14:42,227.1
2026/6/23,04:16:00,236.9
2026/6/23,04:18:17,247.3
2026/6/23,04:19:37,256.8
2026/6/23,04:20:55,266.8
2026/6/23,04:23:12,277.2
2026/6/23,04:24:57,286.3
2026/6/23,04:26:23,296.7
2026/6/23,04:28:31,306.7
2026/6/23,04:29:50,316.4
2026/6/23,04:31:19,327.1
2026/6/23,04:33:26,336.7
2026/6/23,06:00:54,97.0
2026/6/23,06:02:17,107.0
2026/6/23,06:03:42,116.9
2026/6/23,06:06:00,126.8
2026/6/23,06:07:33,136.8
2026/6/23,06:08:58,147.0
2026/6/23,06:11:16,157.5
2026/6/23,06:12:34,167.8
2026/6/23,06:14:05,177.9
2026/6/23,06:16:11,187.3
2026/6/23,06:17:29,196.9
2026/6/23,06:18:47,207.3
2026/6/23,06:21:04,217.5
2026/6/23,06:22:24,227.1
2026/6/23,06:23:42,236.9
2026/6/23,06:25:59,247.4
2026/6/23,06:27:19,256.8
2026/6/23,06:28:37,266.7
2026/6/23,06:30:54,277.2
2026/6/23,06:32:39,286.2
2026/6/23,06:34:04,296.7
2026/6/23,06:36:13,306.7
2026/6/23,06:37:31,316.4
2026/6/23,06:39:01,327.1
2026/6/23,06:41:08,336.5
2026/6/23,08:07:37,96.9
2026/6/23,08:09:07,106.9
2026/6/23,08:10:32,116.9
2026/6/23,08:12:44,126.8
2026/6/23,08:56:59,96.9
2026/6/23,08:57:16,106.9
2026/6/23,09:01:04,117.0
2026/6/23,09:01:55,126.8
2026/6/23,10:50:20,96.9
2026/6/23,10:51:39,107.0
2026/6/23,10:52:58,116.8
2026/6/23,10:55:15,126.8
2026/6/23,10:57:00,136.9
2026/6/23,10:58:25,147.0
2026/6/23,11:00:32,157.5
2026/6/23,11:01:50,167.8
2026/6/23,11:03:22,177.9
2026/6/23,11:05:26,187.3
2026/6/23,11:06:45,196.9
2026/6/23,11:08:03,207.3
2026/6/23,11:10:21,217.6
2026/6/23,11:11:40,227.1
2026/6/23,11:12:58,236.9
2026/6/23,11:15:16,247.4
2026/6/23,11:16:35,256.8
2026/6/23,11:17:53,266.8
2026/6/23,11:20:11,277.2
2026/6/23,11:21:55,286.2
2026/6/23,11:23:21,296.7
2026/6/23,11:25:30,306.6
2026/6/23,11:26:48,316.4
2026/6/23,11:28:18,327.1
2026/6/23,11:30:25,336.4
2026/6/23,13:12:47,227.0
2026/6/23,13:13:42,236.9
2026/6/23,13:16:00,247.4
2026/6/23,13:17:18,256.8
2026/6/23,14:44:00,96.9
2026/6/23,14:45:25,106.9
2026/6/23,14:47:31,116.9
2026/6/23,14:48:50,126.8
2026/6/23,14:50:22,136.8
2026/6/23,14:52:27,147.0
2026/6/23,14:53:45,157.5
2026/6/23,14:55:04,167.8
2026/6/23,14:57:22,177.9
2026/6/23,14:59:12,187.3
2026/6/23,14:59:58,196.9
2026/6/23,15:02:15,207.3
2026/6/23,15:03:35,217.5
2026/6/23,15:04:53,226.8
2026/6/23,15:07:10,236.9
2026/6/23,15:08:55,247.4
2026/6/23,15:10:21,256.8
2026/6/23,15:12:25,266.7
2026/6/23,15:13:44,277.2
2026/6/23,15:15:17,286.2
2026/6/23,15:17:20,296.7
2026/6/23,15:18:40,306.6
2026/6/23,15:19:58,316.4
2026/6/23,15:22:15,327.1
2026/6/23,15:23:35,336.3
2026/6/23,16:48:40,96.9
2026/6/23,16:50:05,106.9
2026/6/23,16:52:14,116.9
2026/6/23,16:53:33,126.8
2026/6/23,16:55:02,136.8
2026/6/23,16:57:09,147.0
2026/6/23,16:58:27,157.5
2026/6/23,16:59:46,167.8
2026/6/23,17:02:04,177.8
2026/6/23,17:03:22,187.4
2026/6/23,17:04:40,196.9
2026/6/23,17:06:58,207.3
2026/6/23,17:08:17,217.5
2026/6/23,17:09:35,227.0
2026/6/23,17:11:53,236.9
2026/6/23,17:13:37,247.4
2026/6/23,17:15:02,256.8
2026/6/23,17:17:09,266.8
2026/6/23,17:18:28,277.2
2026/6/23,17:19:59,286.2
2026/6/23,17:22:04,296.7
2026/6/23,17:23:24,306.6
2026/6/23,17:24:42,316.4
2026/6/23,17:26:59,327.1
2026/6/23,17:28:19,336.3
2026/6/23,18:55:53,96.9
2026/6/23,18:57:19,106.9
2026/6/23,18:59:29,116.9
2026/6/23,19:00:48,126.8
2026/6/23,19:02:18,136.8
2026/6/23,19:04:24,147.0
2026/6/23,19:05:42,157.5
2026/6/23,19:07:01,167.8
2026/6/23,19:09:19,177.8
2026/6/23,19:10:39,187.3
2026/6/23,19:11:56,196.9
2026/6/23,19:14:13,207.3
2026/6/23,19:15:32,217.5
2026/6/23,19:16:50,227.0
2026/6/23,19:19:07,236.9
2026/6/23,19:20:52,247.4
2026/6/23,19:22:18,256.8
2026/6/23,19:24:23,266.8
2026/6/23,19:25:41,277.2
2026/6/23,19:27:15,286.2
2026/6/23,19:29:17,296.7
2026/6/23,19:30:37,306.5
2026/6/23,19:31:55,316.4
2026/6/23,19:34:13,327.1
2026/6/23,19:35:32,336.3
2026/6/23,21:00:40,96.9
2026/6/23,21:02:05,106.9
2026/6/23,21:04:13,116.9
2026/6/23,21:05:32,126.8
2026/6/23,21:07:02,136.8
2026/6/23,21:09:08,147.0
2026/6/23,21:10:27,157.4
2026/6/23,21:11:46,167.8
2026/6/23,21:14:04,177.9
2026/6/23,21:15:23,187.3
2026/6/23,21:16:40,196.9
2026/6/23,21:18:58,207.3
2026/6/23,21:20:17,217.5
2026/6/23,21:21:35,226.8
2026/6/23,21:23:53,236.9
2026/6/23,21:25:37,247.4
2026/6/23,21:27:02,256.7
2026/6/23,21:29:12,266.8
2026/6/23,21:30:31,277.2
2026/6/23,21:32:01,286.3
2026/6/23,21:34:08,296.7
2026/6/23,21:35:27,306.7
2026/6/23,21:36:45,316.4
2026/6/23,21:39:03,327.1
2026/6/23,21:40:23,336.3
2026/6/23,23:17:24,97.0
2026/6/23,23:18:50,106.9
2026/6/23,23:20:51,116.9
2026/6/23,23:22:09,126.8
2026/6/23,23:23:28,136.8
2026/6/23,23:25:46,147.0
2026/6/23,23:27:04,157.5
2026/6/23,23:28:24,167.8
2026/6/23,23:30:42,177.8
2026/6/23,23:32:00,187.4
2026/6/23,23:33:18,196.9
2026/6/23,23:35:43,207.3
2026/6/23,23:37:23,217.6
2026/6/23,23:38:49,227.0
2026/6/23,23:40:54,236.9
2026/6/23,23:42:13,247.4
2026/6/23,23:43:49,256.8
2026/6/23,23:45:49,266.7
2026/6/23,23:47:09,277.2
2026/6/23,23:48:27,286.2
2026/6/23,23:50:45,296.7
2026/6/23,23:52:04,306.7
2026/6/23,23:53:22,316.4
2026/6/23,23:55:39,327.1
2026/6/23,23:56:59,336.3
2026/6/24,01:00:35,96.9
2026/6/24,01:01:53,107.0
2026/6/24,01:03:12,116.9
2026/6/24,01:05:41,126.7
2026/6/24,01:07:14,136.8
2026/6/24,01:08:40,147.0
2026/6/24,01:11:11,157.5
2026/6/24,01:12:30,167.7
2026/6/24,01:13:48,177.8
2026/6/24,01:16:17,187.4
2026/6/24,01:17:47,196.9
2026/6/24,01:19:12,207.3
2026/6/24,01:21:22,217.5
2026/6/24,01:22:53,227.0
2026/6/24,01:24:19,236.8
2026/6/24,01:26:29,247.4
2026/6/24,01:28:00,256.8
2026/6/24,01:29:25,266.7
2026/6/24,01:31:38,277.2
2026/6/24,01:33:07,286.3
2026/6/24,01:34:32,296.7
2026/6/24,01:37:07,306.7
2026/6/24,01:38:26,316.4
2026/6/24,01:39:45,327.1
2026/6/24,01:42:15,336.6
2026/6/24,03:07:12,96.9
2026/6/24,03:08:30,107.0
2026/6/24,03:09:50,116.9
2026/6/24,03:12:29,126.7
2026/6/24,03:13:56,136.8
2026/6/24,03:15:22,147.0
2026/6/24,03:18:35,157.5
2026/6/24,03:19:41,167.8
2026/6/24,03:21:02,177.8
2026/6/24,03:23:53,187.3
2026/6/24,03:25:18,196.9
2026/6/24,03:26:38,207.3
2026/6/24,03:29:29,217.5
2026/6/24,03:30:55,227.1
2026/6/24,03:32:15,236.9
2026/6/24,03:35:05,247.4
2026/6/24,03:36:32,256.8
2026/6/24,03:37:51,266.7
2026/6/24,03:40:43,277.3
2026/6/24,03:42:09,286.2
2026/6/24,03:43:36,296.7
2026/6/24,03:46:48,306.6
2026/6/24,03:47:56,316.4
2026/6/24,03:49:15,327.1
2026/6/24,03:52:06,336.7
2026/6/24,05:19:15,96.9
2026/6/24,05:20:33,106.9
2026/6/24,05:21:52,116.8
2026/6/24,05:24:19,126.7
2026/6/24,05:25:55,136.8
2026/6/24,05:27:20,147.0
2026/6/24,05:29:49,157.5
2026/6/24,05:31:08,167.8
2026/6/24,05:32:27,177.8
2026/6/24,05:34:59,187.3
2026/6/24,05:36:25,196.9
2026/6/24,05:37:50,207.3
2026/6/24,05:40:06,217.5
2026/6/24,05:41:35,227.1
2026/6/24,05:43:00,236.9
2026/6/24,05:45:16,247.4
2026/6/24,05:46:43,256.8
2026/6/24,05:48:09,266.7
2026/6/24,05:50:26,277.1
2026/6/24,05:51:54,286.2
2026/6/24,05:53:21,296.7
2026/6/24,05:56:00,306.7
2026/6/24,05:57:19,316.4
2026/6/24,05:58:38,327.1
2026/6/24,06:01:09,336.7
2026/6/24,07:28:10,96.9
2026/6/24,07:29:28,106.9
2026/6/24,07:30:48,116.8
2026/6/24,07:33:05,126.7
2026/6/24,09:21:30,96.9
2026/6/24,09:21:47,107.0
2026/6/24,09:25:00,116.9
2026/6/24,09:25:53,126.8
2026/6/24,11:14:30,96.9
2026/6/24,11:14:47,107.0
2026/6/24,11:18:04,117.0
2026/6/24,11:19:12,126.7
2026/6/24,12:47:10,96.9
2026/6/24,12:48:35,106.9
2026/6/24,12:50:47,116.9
2026/6/24,12:52:17,126.7
2026/6/24,12:53:42,136.9
2026/6/24,12:55:42,147.0
2026/6/24,12:56:59,157.5
2026/6/24,12:58:19,167.8
2026/6/24,13:00:36,177.8
2026/6/24,13:02:19,187.3
2026/6/24,13:03:45,196.9
2026/6/24,13:05:55,207.2
2026/6/24,13:07:14,217.6
2026/6/24,13:08:43,226.9
2026/6/24,13:10:49,236.9
2026/6/24,13:12:08,247.3
2026/6/24,13:13:26,256.8
2026/6/24,13:15:43,266.7
2026/6/24,13:17:02,277.3
2026/6/24,13:18:20,286.3
2026/6/24,13:20:37,296.7
2026/6/24,13:21:57,306.7
2026/6/24,13:23:15,316.4
2026/6/24,13:25:32,327.1
2026/6/24,13:27:19,336.3
2026/6/24,16:37:30,136.8
2026/6/24,16:37:46,147.0
2026/6/24,16:41:04,157.5
2026/6/24,16:41:56,167.8
2026/6/26,02:02:37,96.9
2026/6/26,02:04:22,107.0
2026/6/26,02:08:15,116.9
2026/6/26,02:09:56,126.8
2026/6/26,02:11:07,136.8
2026/6/26,02:13:24,147.0
2026/6/26,02:14:43,157.5
2026/6/26,02:16:23,167.8
2026/6/26,02:18:19,177.8
2026/6/26,02:20:16,187.3
2026/6/26,02:22:58,196.9
2026/6/26,02:24:30,217.6
2026/6/26,02:25:09,227.1
2026/6/26,02:27:54,236.9
2026/6/26,02:28:49,256.7
2026/6/26,02:30:00,266.7
2026/6/26,02:32:26,277.2
2026/6/26,02:33:45,296.7
2026/6/26,05:27:02,217.5
2026/6/26,05:27:35,226.8
2026/6/26,05:29:52,236.9
2026/6/26,05:31:11,247.4
2026/6/26,05:32:30,266.7
2026/6/26,05:34:47,277.2
2026/6/26,05:36:14,286.3
2026/6/26,05:37:43,296.7
2026/6/26,05:40:06,306.7
2026/6/26,05:41:25,316.4
2026/6/26,05:42:42,327.1
2026/6/26,05:45:00,336.7
2026/6/26,07:27:35,96.9
2026/6/26,07:29:52,107.0
2026/6/26,07:31:16,117.0
2026/6/26,07:32:45,126.7
2026/6/26,07:35:08,136.8
2026/6/26,07:36:26,147.0
2026/6/26,07:37:46,157.5
2026/6/26,07:40:03,167.8
2026/6/26,07:41:22,196.9
2026/6/26,07:42:41,217.5
2026/6/26,09:38:32,256.8
2026/6/26,09:38:49,266.8
2026/6/26,09:42:28,277.2
2026/6/26,09:43:21,286.2
2026/6/26,21:25:33,296.7
2026/6/26,21:25:50,306.5
2026/6/26,21:29:11,316.4
2026/6/26,21:30:02,327.1
2026/6/26,23:05:32,96.9
2026/6/26,23:05:49,107.0
2026/6/26,23:09:14,116.9
2026/6/26,23:10:07,177.9
2026/6/27,01:21:02,187.5
2026/6/27,01:21:19,196.9
2026/6/27,01:24:58,207.2
2026/6/27,01:25:49,217.6
2026/6/27,03:17:35,96.9
2026/6/27,03:19:09,106.9
2026/6/27,03:21:51,116.9
2026/6/27,03:23:09,126.7
2026/6/27,07:01:03,227.0
2026/6/27,07:01:20,236.9
2026/6/27,07:04:51,247.3
2026/6/27,07:05:42,256.7
2026/6/27,07:48:12,96.9
2026/6/27,07:49:38,107.0
2026/6/27,07:52:51,116.9
2026/6/27,07:54:22,126.7
2026/6/27,07:57:18,136.8
2026/6/27,07:58:26,147.0
2026/6/27,08:01:26,157.5
2026/6/27,08:02:44,167.8
2026/6/27,08:05:43,177.8
2026/6/27,08:07:02,187.3
2026/6/27,08:10:00,196.9
2026/6/27,08:11:27,207.3
2026/6/27,08:14:31,217.6
2026/6/27,08:16:05,227.0
2026/6/27,08:18:48,236.9
2026/6/27,08:20:07,247.4
2026/6/27,08:23:06,256.8
2026/6/27,08:24:25,266.7
2026/6/27,08:27:23,277.2
2026/6/27,08:28:43,286.2
2026/6/27,08:31:41,296.6
2026/6/27,08:33:09,306.6
2026/6/27,08:36:15,316.3
2026/6/27,08:37:47,327.1
2026/6/27,08:40:33,336.5
2026/6/27,10:49:33,217.5
2026/6/27,10:49:50,227.0
2026/6/27,10:53:10,236.9
2026/6/27,10:54:03,247.4
2026/6/28,01:17:23,96.9
2026/6/28,01:18:42,106.9
2026/6/28,01:21:47,116.8
2026/6/28,01:23:05,126.8
2026/6/28,01:25:39,136.8
2026/6/28,01:26:57,147.0
2026/6/28,02:44:33,306.7
2026/6/28,02:44:51,316.4
2026/6/28,02:48:09,327.1
2026/6/28,02:49:01,336.3
2026/6/28,03:57:48,97.0
2026/6/28,05:57:34,306.6
2026/6/28,05:57:51,316.4
2026/6/28,06:01:56,327.1
2026/6/28,06:02:48,336.2
2026/6/28,07:45:08,106.9
2026/6/28,07:46:26,116.9
2026/6/28,07:49:26,126.7
2026/6/28,07:50:53,136.8
2026/6/28,10:47:33,136.9
2026/6/28,10:47:50,147.0
2026/6/28,10:51:07,157.5
2026/6/28,10:51:58,167.8
2026/6/28,11:54:02,96.9
2026/6/28,11:54:19,106.9
2026/6/28,11:58:29,116.9
2026/6/28,11:59:20,126.8
2026/6/28,12:41:15,96.9
2026/6/28,13:50:34,107.0
2026/6/28,15:08:03,266.7
2026/6/28,15:08:21,277.2
2026/6/28,15:12:31,286.3
2026/6/28,15:13:25,296.7
2026/6/28,16:16:42,96.9
2026/6/28,16:19:52,107.0
2026/6/28,16:21:33,116.8
2026/6/28,16:24:38,126.8
2026/6/28,16:26:24,136.8
2026/6/28,16:29:37,147.0
2026/6/28,16:30:55,157.5
2026/6/28,16:34:18,167.8
2026/6/28,16:35:37,177.8
2026/6/28,16:39:01,187.3
2026/6/28,16:40:20,196.9
2026/6/28,16:43:43,207.3
2026/6/28,16:45:03,217.5
2026/6/28,16:48:26,226.8
2026/6/28,16:49:53,236.9
2026/6/28,16:53:26,247.4
2026/6/28,16:54:44,256.8
2026/6/28,16:58:08,266.7
2026/6/28,16:59:28,277.2
2026/6/28,17:02:51,286.2
2026/6/28,17:04:11,296.7
2026/6/28,17:07:35,306.7
2026/6/28,17:08:55,316.4
2026/6/28,17:12:18,327.0
2026/6/28,17:13:46,336.3
2026/6/28,18:53:33,177.9
2026/6/28,18:53:50,196.9
2026/6/28,18:57:03,247.4
2026/6/28,18:57:56,256.8
2026/6/28,20:16:58,97.0
2026/6/28,20:18:15,106.9
2026/6/28,20:21:20,116.8
2026/6/28,20:22:39,126.7
2026/6/28,20:26:12,136.8
2026/6/28,20:27:30,147.0
2026/6/28,20:31:09,157.5
2026/6/28,20:32:22,167.8
2026/6/28,20:35:50,177.8
2026/6/28,20:37:17,187.3
2026/6/28,20:40:53,196.9
2026/6/28,20:42:12,207.3
2026/6/28,20:45:44,217.5
2026/6/28,20:47:24,226.9
2026/6/28,20:50:36,236.9
2026/6/28,20:52:15,247.4
2026/6/28,20:55:24,256.8
2026/6/28,20:56:44,266.7
2026/6/28,21:00:13,277.3
2026/6/28,21:01:55,286.2
2026/6/28,21:05:20,296.6
2026/6/28,21:06:39,306.6
2026/6/28,21:10:14,316.4
2026/6/28,21:11:51,327.1
2026/6/28,21:15:03,336.6
2026/6/28,23:18:58,96.9
2026/6/28,23:22:07,106.9
2026/6/28,23:23:25,117.0
2026/6/28,23:26:45,126.7
2026/6/28,23:28:11,136.8
2026/6/28,23:31:13,147.0
2026/6/28,23:32:31,157.5
2026/6/28,23:35:24,167.7
2026/6/28,23:36:44,177.8
2026/6/28,23:39:36,187.3
2026/6/28,23:40:55,196.9
2026/6/28,23:43:48,207.3
2026/6/28,23:45:07,217.5
2026/6/28,23:48:00,226.8
2026/6/28,23:49:25,236.9
2026/6/28,23:52:27,247.4
2026/6/28,23:54:05,256.8
2026/6/28,23:56:39,266.7
2026/6/28,23:57:58,277.1
2026/6/29,00:00:52,286.3
2026/6/29,00:02:11,296.7
2026/6/29,00:05:04,306.7
2026/6/29,00:06:23,316.4
2026/6/29,00:09:16,327.1
2026/6/29,00:10:42,336.2
2026/6/29,02:21:02,227.0
2026/6/29,02:21:20,236.9
2026/6/29,02:24:33,247.4
2026/6/29,02:25:25,256.8
2026/6/29,05:18:16,96.9
2026/6/29,05:21:36,107.0
2026/6/29,05:23:09,116.9
2026/6/29,05:26:24,126.8
2026/6/29,05:28:07,136.8
2026/6/29,05:31:29,147.0
2026/6/29,05:32:47,157.5
2026/6/29,05:36:16,167.8
2026/6/29,05:37:35,177.9
2026/6/29,05:41:03,187.3
2026/6/29,05:42:23,196.9
2026/6/29,05:45:52,207.3
2026/6/29,05:47:11,217.5
2026/6/29,05:50:39,226.9
2026/6/29,05:52:22,236.9
2026/6/29,05:55:42,247.4
2026/6/29,05:57:01,256.8
2026/6/29,06:00:30,266.7
2026/6/29,06:01:50,277.2
2026/6/29,06:05:17,286.2
2026/6/29,06:06:37,296.7
2026/6/29,06:10:04,306.7
2026/6/29,06:11:24,316.4
2026/6/29,06:14:52,327.1
2026/6/29,06:16:35,336.3
2026/6/29,07:16:16,196.8
2026/6/29,08:30:34,306.5
2026/6/29,08:30:52,316.4
2026/6/29,08:34:27,327.0
2026/6/29,08:35:20,336.2
2026/6/29,10:38:04,217.5
2026/6/29,10:38:21,227.0
2026/6/29,10:41:34,236.9
2026/6/29,10:42:24,247.3
2026/6/29,11:41:11,96.9
2026/6/29,11:42:29,107.0
2026/6/29,11:46:07,116.9
2026/6/29,11:47:42,126.7
2026/6/29,11:50:36,136.8
2026/6/29,11:52:14,147.0
2026/6/29,11:54:50,157.5
2026/6/29,11:56:08,167.8
2026/6/29,11:59:03,177.8
2026/6/29,12:00:22,187.3
2026/6/29,12:03:18,196.9
2026/6/29,12:04:37,207.3
2026/6/29,12:07:31,217.6
2026/6/29,12:08:57,226.7
2026/6/29,12:12:01,236.9
2026/6/29,12:13:37,247.4
2026/6/29,12:16:14,256.7
2026/6/29,12:17:34,266.7
2026/6/29,12:20:28,277.2
2026/6/29,12:21:48,286.2
2026/6/29,12:24:43,296.6
2026/6/29,12:26:02,306.7
2026/6/29,12:28:57,316.4
2026/6/29,12:30:25,327.1
2026/6/29,12:33:27,336.3
2026/6/29,17:45:03,256.8
2026/6/29,17:45:20,266.7
2026/6/29,17:49:03,277.2
2026/6/29,17:49:53,286.2
2026/6/29,18:59:59,96.9
2026/6/29,19:03:31,107.0
2026/6/29,19:05:10,116.8
2026/6/29,19:08:10,126.7
2026/6/29,19:09:27,136.8
2026/6/29,19:12:23,147.0
2026/6/29,19:13:41,157.4
2026/6/29,19:16:37,167.7
2026/6/29,19:18:04,177.8
2026/6/29,19:21:08,187.4
2026/6/29,19:22:43,196.9
2026/6/29,19:25:22,207.3
2026/6/29,19:26:42,217.5
2026/6/29,19:29:36,226.8
2026/6/29,19:30:56,236.9
2026/6/29,19:33:50,247.4
2026/6/29,19:35:10,256.8
2026/6/29,19:38:03,266.7
2026/6/29,19:39:29,277.2
2026/6/29,19:42:33,286.3
2026/6/29,19:44:09,296.7
2026/6/29,19:46:47,306.6
2026/6/29,19:48:07,316.4
2026/6/29,19:51:00,327.1
2026/6/29,19:52:20,336.5
2026/6/29,20:57:03,177.8
2026/6/29,20:57:20,187.4
2026/6/29,21:01:06,196.9
2026/6/29,21:01:57,207.3
2026/6/29,22:01:05,227.1
2026/6/29,22:45:04,177.9
2026/6/29,22:45:21,187.5
2026/6/29,22:49:14,196.8
2026/6/29,22:50:08,207.3
2026/6/30,00:01:46,96.9
2026/6/30,00:03:04,106.9
2026/6/30,00:06:10,116.9
2026/6/30,00:07:27,126.8
2026/6/30,00:11:01,136.8
2026/6/30,00:12:19,147.0
2026/6/30,00:15:56,157.5
2026/6/30,00:17:14,167.8
2026/6/30,00:20:48,177.8
2026/6/30,00:22:28,187.3
2026/6/30,00:26:02,197.0
2026/6/30,00:27:20,207.3
2026/6/30,00:30:56,217.5
2026/6/30,00:32:33,227.0
2026/6/30,00:35:51,236.9
2026/6/30,00:37:27,247.4
2026/6/30,00:40:44,256.8
2026/6/30,00:42:20,266.8
2026/6/30,00:45:40,277.2
2026/6/30,00:47:14,286.2
2026/6/30,00:50:53,296.7
2026/6/30,00:52:12,306.7
2026/6/30,00:55:48,316.4
2026/6/30,00:57:24,327.0
2026/6/30,01:00:46,336.3
2026/6/30,02:30:09,96.9
2026/6/30,02:33:42,106.9
2026/6/30,02:35:10,116.9
2026/6/30,02:38:38,126.7
2026/6/30,02:40:12,136.8
2026/6/30,02:43:30,147.0
2026/6/30,02:45:09,157.5
2026/6/30,02:48:34,167.8
2026/6/30,02:49:52,177.8
2026/6/30,02:53:26,187.3
2026/6/30,02:55:05,196.9
2026/6/30,02:58:14,207.3
2026/6/30,02:59:33,217.5
2026/6/30,03:03:06,227.0
2026/6/30,03:04:45,236.9
2026/6/30,03:07:57,247.4
2026/6/30,03:09:37,256.7
2026/6/30,03:13:16,266.7
2026/6/30,03:14:35,277.2
2026/6/30,03:18:06,286.2
2026/6/30,03:19:47,296.7
2026/6/30,03:22:56,306.6
2026/6/30,03:24:37,316.4
2026/6/30,03:27:47,327.1
2026/6/30,03:29:27,336.3
2026/6/30,04:33:04,256.8
2026/6/30,04:33:22,266.7
2026/6/30,04:37:26,277.2
2026/6/30,04:38:18,286.2
2026/6/30,06:28:57,96.9
2026/6/30,06:30:33,106.9
2026/6/30,06:33:11,116.8
2026/6/30,06:34:29,126.8
2026/6/30,06:37:26,136.8
2026/6/30,06:38:44,147.0
2026/6/30,06:41:41,157.5
2026/6/30,06:42:59,167.8
2026/6/30,06:45:56,177.8
2026/6/30,06:47:22,187.3
2026/6/30,06:50:27,196.9
2026/6/30,06:51:47,207.3
2026/6/30,06:54:43,217.5
2026/6/30,06:56:03,227.1
2026/6/30,06:58:59,236.9
2026/6/30,07:00:18,247.4
2026/6/30,07:03:15,256.8
2026/6/30,07:04:34,266.7
2026/6/30,07:07:30,277.2
2026/6/30,07:08:58,286.2
2026/6/30,07:12:01,296.7
2026/6/30,07:13:36,306.6
2026/6/30,07:16:17,316.4
2026/6/30,07:17:36,327.1
2026/6/30,07:20:32,336.6
2026/6/30,10:55:35,266.7
2026/6/30,10:55:52,277.2
2026/6/30,10:59:25,286.3
2026/6/30,11:00:18,296.6
2026/6/30,12:14:54,96.9
2026/6/30,12:16:11,106.9
2026/6/30,12:19:24,116.9
2026/6/30,12:20:42,126.7
2026/6/30,12:24:17,136.8
2026/6/30,12:25:36,147.0
2026/6/30,12:29:12,157.5
2026/6/30,12:30:50,167.7
2026/6/30,12:34:09,177.8
2026/6/30,12:35:42,187.3
2026/6/30,12:39:10,196.9
2026/6/30,12:40:28,207.3
2026/6/30,12:44:11,217.6
2026/6/30,12:45:40,226.8
2026/6/30,12:49:06,236.9
2026/6/30,12:50:41,247.3
2026/6/30,12:53:59,256.8
2026/6/30,12:55:37,266.7
2026/6/30,12:58:53,277.3
2026/6/30,13:00:30,286.2
2026/6/30,13:03:54,296.6
2026/6/30,13:05:13,306.6
2026/6/30,13:09:00,316.4
2026/6/30,13:10:26,327.1
2026/6/30,13:13:54,336.3
2026/6/30,13:46:34,187.4
2026/6/30,13:46:51,196.9
2026/6/30,13:50:25,207.3
2026/6/30,13:51:17,217.5
2026/6/30,14:55:40,96.9
2026/6/30,14:59:07,107.0
2026/6/30,15:00:38,116.9
2026/6/30,15:04:07,126.7
2026/6/30,15:05:38,136.8
2026/6/30,15:09:18,147.0
2026/6/30,15:10:37,157.5
2026/6/30,15:14:13,167.8
2026/6/30,15:15:48,177.8
2026/6/30,15:19:10,187.3
2026/6/30,15:20:44,196.9
2026/6/30,15:24:04,207.3
2026/6/30,15:25:41,217.5
2026/6/30,15:29:00,226.8
2026/6/30,15:30:35,236.9
2026/6/30,15:34:14,247.4
2026/6/30,15:35:33,256.8
2026/6/30,15:39:11,266.8
2026/6/30,15:40:45,277.2
2026/6/30,15:44:09,286.2
2026/6/30,15:45:42,296.7
2026/6/30,15:49:05,306.6
2026/6/30,15:50:40,316.4
2026/6/30,15:53:59,327.0
2026/6/30,15:55:36,336.3
2026/6/30,17:57:03,306.6
2026/6/30,17:57:21,316.4
2026/6/30,18:01:24,327.0
2026/6/30,18:02:17,336.6
2026/6/30,21:02:01,96.9
2026/6/30,21:04:56,106.9
2026/6/30,21:06:15,117.0
2026/6/30,21:09:11,126.8
2026/6/30,21:10:38,136.8
2026/6/30,21:13:44,147.0
2026/6/30,21:15:18,157.5
2026/6/30,21:17:57,167.7
2026/6/30,21:19:17,177.8
2026/6/30,21:22:13,187.4
2026/6/30,21:23:32,196.9
2026/6/30,21:26:29,207.3
2026/6/30,21:27:48,217.5
2026/6/30,21:30:45,226.8
2026/6/30,21:32:13,236.9
2026/6/30,21:35:17,247.4
2026/6/30,21:36:50,256.8
2026/6/30,21:39:33,266.8
2026/6/30,21:40:53,277.2
2026/6/30,21:43:48,286.3
2026/6/30,21:45:08,296.7
2026/6/30,21:48:03,306.6
2026/6/30,21:49:23,316.4
2026/6/30,21:52:19,327.1
2026/6/30,21:53:47,336.3
2026/6/30,23:06:20,96.9
2026/6/30,23:09:58,106.9
2026/7/1,00:06:28,97.0
2026/7/1,00:07:46,107.0
2026/7/1,00:10:40,117.0
2026/7/1,00:12:05,126.8
2026/7/1,00:15:36,136.8
2026/7/1,00:16:54,147.0
2026/7/1,00:20:16,157.5
2026/7/1,00:21:35,167.8
2026/7/1,00:25:05,177.8
2026/7/1,00:26:24,187.3
2026/7/1,00:29:53,196.9
2026/7/1,00:31:12,207.3
2026/7/1,00:34:45,217.6
2026/7/1,00:36:24,227.0
2026/7/1,00:39:52,236.9
2026/7/1,00:41:10,247.4
2026/7/1,00:44:41,256.8
2026/7/1,00:46:22,266.7
2026/7/1,00:49:31,277.1
2026/7/1,00:51:12,286.2
2026/7/1,00:54:21,296.7
2026/7/1,00:55:40,306.6
2026/7/1,00:59:07,316.4
2026/7/1,01:00:51,327.0
2026/7/1,01:04:09,336.6
2026/7/1,01:39:37,96.9
2026/7/1,01:40:55,106.9
2026/7/1,01:44:00,116.8
2026/7/1,01:45:28,126.8
2026/7/1,01:49:12,136.8
2026/7/1,01:50:31,147.0
2026/7/1,01:54:08,157.5
2026/7/1,01:55:43,167.8
2026/7/1,01:59:03,177.8
2026/7/1,02:00:37,187.3
2026/7/1,02:03:58,196.9
2026/7/1,02:05:34,207.3
2026/7/1,02:08:55,217.5
2026/7/1,02:10:29,227.0
2026/7/1,02:14:06,236.9
2026/7/1,02:15:24,247.4
2026/7/1,02:19:01,256.8
2026/7/1,02:20:36,266.8
2026/7/1,02:23:55,277.2
2026/7/1,02:25:31,286.2
2026/7/1,02:28:49,296.7
2026/7/1,02:30:25,306.6
2026/7/1,02:33:43,316.4
2026/7/1,02:35:19,327.1
2026/7/1,02:38:58,336.3
2026/7/1,03:44:34,256.8
2026/7/1,03:44:51,266.7
2026/7/1,03:50:49,277.2
2026/7/1,03:51:38,286.3
2026/7/1,05:42:05,96.9
2026/7/1,05:43:40,106.9
2026/7/1,05:46:19,116.8
2026/7/1,05:47:37,126.8
2026/7/1,05:51:11,136.8
2026/7/1,05:52:50,147.0
2026/7/1,05:56:00,157.5
2026/7/1,05:57:40,167.8
2026/7/1,06:00:51,177.8
2026/7/1,06:02:29,187.3
2026/7/1,06:05:58,196.9
2026/7/1,06:07:17,207.3
2026/7/1,06:10:49,217.5
2026/7/1,06:12:29,227.0
2026/7/1,06:15:41,236.9
2026/7/1,06:17:20,247.4
2026/7/1,06:20:32,256.9
2026/7/1,06:22:12,266.8
2026/7/1,06:25:26,277.2
2026/7/1,06:27:03,286.2
2026/7/1,06:30:34,296.7
2026/7/1,06:31:53,306.7
2026/7/1,06:35:25,316.4
2026/7/1,06:37:05,327.0
2026/7/1,06:40:17,336.3
2026/7/1,08:36:59,96.9
2026/7/1,08:39:53,106.9
2026/7/1,08:41:11,117.0
2026/7/1,08:44:38,126.8
2026/7/1,08:46:25,136.8
2026/7/1,08:49:44,147.0
2026/7/1,08:51:03,157.5
2026/7/1,08:54:35,167.8
2026/7/1,08:56:15,177.8
2026/7/1,08:59:26,187.3
2026/7/1,09:01:04,196.9
2026/7/1,09:04:19,207.3
2026/7/1,09:05:58,217.6
2026/7/1,09:09:12,226.9
2026/7/1,09:10:49,236.8
2026/7/1,09:14:22,247.4
2026/7/1,09:15:40,256.7
2026/7/1,09:19:11,266.7
2026/7/1,09:20:52,277.2
2026/7/1,09:24:06,286.2
2026/7/1,09:25:42,296.7
2026/7/1,09:28:55,306.6
2026/7/1,09:30:36,316.4
2026/7/1,09:33:46,327.1
2026/7/1,09:35:26,336.6
2026/7/1,13:22:35,96.9
2026/7/1,13:22:52,107.0
2026/7/1,13:26:05,116.9
2026/7/1,13:26:56,126.8
2026/7/1,15:25:29,96.9
2026/7/1,15:26:48,106.9
2026/7/1,15:30:26,116.8
2026/7/1,15:32:00,126.7
2026/7/1,15:35:18,136.8
2026/7/1,15:36:56,146.9
2026/7/1,15:40:11,157.5
2026/7/1,15:41:47,167.7
2026/7/1,15:44:59,177.8
2026/7/1,15:46:40,187.3
2026/7/1,15:50:04,196.9
2026/7/1,15:51:23,207.3
2026/7/1,15:54:59,217.6
2026/7/1,15:56:35,227.0
2026/7/1,15:59:54,236.9
2026/7/1,16:01:30,247.4
2026/7/1,16:04:44,256.8
2026/7/1,16:06:25,266.7
2026/7/1,16:09:36,277.1
2026/7/1,16:11:15,286.2
2026/7/1,16:14:45,296.6
2026/7/1,16:16:04,306.6
2026/7/1,16:19:55,316.4
2026/7/1,16:21:16,327.1
2026/7/1,16:24:45,336.2
2026/7/1,17:30:54,96.9
2026/7/1,17:33:47,106.9
2026/7/1,17:35:05,117.0
2026/7/1,17:38:31,126.7
2026/7/1,17:40:19,136.8
2026/7/1,17:43:36,147.0
2026/7/1,17:44:54,157.5
2026/7/1,17:48:23,167.7
2026/7/1,17:49:42,177.8
2026/7/1,17:53:17,187.4
2026/7/1,17:54:54,196.9
2026/7/1,17:58:09,207.3
2026/7/1,17:59:48,217.5
2026/7/1,18:02:58,226.8
2026/7/1,18:04:40,236.9
2026/7/1,18:08:06,247.4
2026/7/1,18:09:25,256.8
2026/7/1,18:12:59,266.7
2026/7/1,18:14:37,277.2
2026/7/1,18:17:50,286.2
2026/7/1,18:19:30,296.7
2026/7/1,18:22:41,306.6
2026/7/1,18:24:21,316.4
2026/7/1,18:27:31,327.1
2026/7/1,18:29:12,336.6
2026/7/1,21:05:05,236.9
2026/7/1,21:05:23,247.4
2026/7/1,21:09:00,256.7
2026/7/1,21:09:53,266.7
2026/7/1,22:28:16,96.9
2026/7/1,23:57:06,157.5
2026/7/2,00:01:12,167.8
2026/7/2,00:02:31,177.8
2026/7/2,00:06:28,187.3
2026/7/2,00:07:53,196.9
2026/7/2,00:11:38,207.3
2026/7/2,00:12:57,217.5
2026/7/2,00:16:28,226.9
2026/7/2,00:18:08,236.9
2026/7/2,00:21:21,247.4
2026/7/2,00:22:59,256.8
2026/7/2,00:26:15,266.7
2026/7/2,00:27:52,277.2
2026/7/2,00:31:09,286.3
2026/7/2,00:32:46,296.7
2026/7/2,00:36:15,306.7
2026/7/2,00:37:34,316.3
2026/7/2,00:41:08,327.0
2026/7/2,00:42:46,336.6
2026/7/2,01:09:35,136.9
2026/7/2,01:09:52,147.0
2026/7/2,01:14:11,157.4
2026/7/2,01:15:04,167.8
2026/7/2,02:33:35,136.8
2026/7/2,02:33:52,147.0
2026/7/2,02:37:05,157.5
2026/7/2,02:37:57,167.8
2026/7/2,04:35:44,96.9
2026/7/2,04:37:02,106.9
2026/7/2,04:40:32,116.8
2026/7/2,04:42:14,126.7
2026/7/2,04:45:26,136.8
2026/7/2,04:47:04,147.0
2026/7/2,04:50:15,157.5
2026/7/2,04:52:16,167.7
2026/7/2,04:55:08,177.8
2026/7/2,04:56:45,187.3
2026/7/2,05:00:14,196.9
2026/7/2,05:01:33,207.3
2026/7/2,05:05:07,217.5
2026/7/2,05:06:45,226.8
2026/7/2,05:09:58,236.9
2026/7/2,05:11:38,247.4
2026/7/2,05:14:53,256.8
2026/7/2,05:16:29,266.8
2026/7/2,05:19:43,277.2
2026/7/2,05:21:24,286.2
2026/7/2,05:24:54,296.7
2026/7/2,05:26:13,306.6
2026/7/2,05:29:44,316.4
2026/7/2,05:31:25,327.1
2026/7/2,05:34:39,336.4
2026/7/2,07:24:35,96.9
2026/7/2,07:27:32,106.9
2026/7/2,07:28:50,116.9
2026/7/2,07:31:47,126.8
2026/7/2,07:33:13,136.8
2026/7/2,07:36:18,147.0
2026/7/2,07:37:52,157.5
2026/7/2,07:40:33,167.7
2026/7/2,07:41:51,177.8
2026/7/2,07:44:46,187.3
2026/7/2,07:46:06,196.9
2026/7/2,07:49:01,207.3
2026/7/2,07:50:19,217.5
2026/7/2,07:53:14,227.0
2026/7/2,07:54:42,236.9
2026/7/2,07:57:46,247.4
2026/7/2,07:59:20,256.8
2026/7/2,08:02:00,266.8
2026/7/2,08:03:19,277.2
2026/7/2,08:06:14,286.1
2026/7/2,08:07:33,296.7
2026/7/2,08:10:28,306.6
2026/7/2,08:11:47,316.4
2026/7/2,08:14:42,327.0
2026/7/2,08:16:10,336.3
2026/7/2,09:26:56,96.9
2026/7/2,09:54:35,136.8
2026/7/2,09:54:52,147.0
2026/7/2,09:58:17,157.5
2026/7/2,09:59:07,167.8
2026/7/2,11:00:55,96.9
2026/7/2,11:04:22,107.0
2026/7/2,11:05:40,116.9
2026/7/2,11:09:48,126.8
2026/7/2,11:11:14,136.8
2026/7/2,11:15:55,147.0
2026/7/2,11:17:00,157.5
2026/7/2,11:21:26,167.7
2026/7/2,11:22:45,177.8
2026/7/2,11:27:13,187.4
2026/7/2,11:28:32,196.9
2026/7/2,11:33:01,207.3
2026/7/2,11:34:20,217.6
2026/7/2,11:38:47,226.7
2026/7/2,11:40:12,236.9
2026/7/2,11:44:54,247.4
2026/7/2,11:45:59,256.8
2026/7/2,11:50:27,266.8
2026/7/2,11:51:44,277.2
2026/7/2,11:56:11,286.2
2026/7/2,11:57:30,296.6
2026/7/2,12:01:59,306.6
2026/7/2,12:03:17,316.3
2026/7/2,12:07:45,327.0
2026/7/2,12:09:10,336.6
2026/7/2,12:38:13,96.9
2026/7/2,12:39:31,106.9
2026/7/2,12:42:35,116.8
2026/7/2,12:43:53,126.8
2026/7/2,12:46:50,136.8
2026/7/2,12:48:09,147.0
2026/7/2,12:51:05,157.5
2026/7/2,12:52:26,167.8
2026/7/2,12:55:20,177.8
2026/7/2,12:56:48,187.3
2026/7/2,12:59:51,196.9
2026/7/2,13:01:10,207.3
2026/7/2,13:04:06,217.6
2026/7/2,13:05:25,227.0
2026/7/2,13:08:21,236.9
2026/7/2,13:09:41,247.3
2026/7/2,13:12:37,256.8
2026/7/2,13:13:56,266.7
2026/7/2,13:16:52,277.2
2026/7/2,13:18:17,286.2
2026/7/2,13:21:19,296.7
2026/7/2,13:22:58,306.6
2026/7/2,13:25:34,316.4
2026/7/2,13:26:54,327.1
2026/7/2,13:29:50,336.3
2026/7/2,14:30:12,96.9
2026/7/2,14:31:30,107.0
2026/7/2,14:34:27,116.8
2026/7/2,14:35:45,126.8
2026/7/2,14:38:41,136.8
2026/7/2,14:39:59,147.0
2026/7/2,14:42:55,157.5
2026/7/2,14:44:19,167.8
2026/7/2,14:47:23,177.8
2026/7/2,14:48:59,187.3
2026/7/2,14:51:36,196.9
2026/7/2,14:52:56,207.3
2026/7/2,14:55:50,217.5
2026/7/2,14:57:10,227.0
2026/7/2,15:00:05,236.8
2026/7/2,15:01:24,247.3
2026/7/2,15:04:18,256.8
2026/7/2,15:05:46,266.8
2026/7/2,15:08:47,277.2
2026/7/2,15:10:24,286.3
2026/7/2,15:13:00,296.6
2026/7/2,15:14:20,306.5
2026/7/2,15:17:14,316.4
2026/7/2,15:18:33,327.0
2026/7/2,15:21:27,336.6
2026/7/2,16:47:36,136.8
2026/7/2,16:47:53,147.0
2026/7/2,16:51:11,157.5
2026/7/2,16:52:04,167.8
2026/7/2,18:42:09,96.9
2026/7/2,18:43:46,106.9
2026/7/2,18:46:22,116.8
2026/7/2,18:47:40,126.8
2026/7/2,18:50:36,136.8
2026/7/2,18:51:54,147.0
2026/7/2,18:54:50,157.5
2026/7/2,18:56:08,167.7
2026/7/2,18:59:02,177.8
2026/7/2,19:00:27,187.5
2026/7/2,19:03:30,196.9
2026/7/2,19:05:07,207.2
2026/7/2,19:07:43,217.6
2026/7/2,19:09:02,227.0
2026/7/2,19:11:56,236.8
2026/7/2,19:13:16,247.3
2026/7/2,19:16:10,256.9
2026/7/2,19:17:29,266.8
2026/7/2,19:20:23,277.2
2026/7/2,19:21:50,286.2
2026/7/2,19:24:51,296.7
2026/7/2,19:26:29,306.6
2026/7/2,19:29:04,316.4
2026/7/2,19:30:24,327.1
2026/7/2,19:33:18,336.3
2026/7/2,20:46:03,116.8
2026/7/2,20:47:28,187.3
2026/7/2,21:51:20,96.9
2026/7/2,21:54:23,106.9
2026/7/2,21:56:00,116.8
2026/7/2,21:59:06,126.8
2026/7/2,22:00:24,136.8
2026/7/2,22:03:56,147.0
2026/7/2,22:05:14,157.5
2026/7/2,22:08:43,167.7
2026/7/2,22:10:02,177.8
2026/7/2,22:13:32,187.3
2026/7/2,22:15:14,196.9
2026/7/2,22:18:42,207.3
2026/7/2,22:20:00,217.5
2026/7/2,22:23:28,226.7
2026/7/2,22:24:47,236.8
2026/7/2,22:28:15,247.4
2026/7/2,22:29:35,256.8
2026/7/2,22:33:00,266.8
2026/7/2,22:34:20,277.2
2026/7/2,22:37:52,286.2
2026/7/2,22:39:31,296.7
2026/7/2,22:42:52,306.6
2026/7/2,22:44:10,316.4
2026/7/2,22:47:36,327.1
2026/7/2,22:48:56,336.3
2026/7/2,23:52:08,96.9
2026/7/2,23:55:24,106.9
2026/7/2,23:56:42,117.0
2026/7/3,00:00:00,126.8
2026/7/3,00:01:18,136.8
2026/7/3,00:04:14,147.0
2026/7/3,00:05:32,157.5
2026/7/3,00:08:30,167.8
2026/7/3,00:09:47,177.8
2026/7/3,00:12:42,187.3
2026/7/3,00:14:11,196.8
2026/7/3,00:17:14,207.3
2026/7/3,00:18:47,217.5
2026/7/3,00:21:29,226.7
2026/7/3,00:22:49,236.9
2026/7/3,00:25:44,247.4
2026/7/3,00:27:03,256.7
2026/7/3,00:29:59,266.8
2026/7/3,00:31:18,277.2
2026/7/3,00:34:13,286.3
2026/7/3,00:35:41,296.7
2026/7/3,00:38:44,306.6
2026/7/3,00:40:19,316.4
2026/7/3,00:42:59,327.1
2026/7/3,00:44:18,336.3
2026/7/3,02:11:08,96.9
2026/7/3,02:14:33,107.0
2026/7/3,02:15:52,116.9
2026/7/3,02:19:21,126.8
2026/7/3,02:20:39,136.9
2026/7/3,02:24:10,147.0
2026/7/3,02:25:53,157.5
2026/7/3,02:28:58,167.8
2026/7/3,02:30:16,177.9
2026/7/3,02:33:46,187.3
2026/7/3,02:35:27,196.8
2026/7/3,02:38:52,207.3
2026/7/3,02:40:10,217.5
2026/7/3,02:43:41,226.7
2026/7/3,02:45:22,236.9
2026/7/3,02:48:29,247.4
2026/7/3,02:49:48,256.8
2026/7/3,02:53:18,266.7
2026/7/3,02:54:38,277.2
2026/7/3,02:58:07,286.2
2026/7/3,02:59:49,296.6
2026/7/3,03:03:10,306.7
2026/7/3,03:04:28,316.3
2026/7/3,03:07:58,327.1
2026/7/3,03:09:17,336.2
2026/7/3,05:10:27,96.9
2026/7/3,05:11:45,107.0
2026/7/3,05:14:43,116.9
2026/7/3,05:16:01,126.8
2026/7/3,05:19:26,136.8
2026/7/3,05:20:53,147.0
2026/7/3,05:24:27,157.4
2026/7/3,05:25:44,167.7
2026/7/3,05:29:10,177.8
2026/7/3,05:30:29,187.2
2026/7/3,05:33:55,197.0
2026/7/3,05:35:15,207.3
2026/7/3,05:38:38,217.5
2026/7/3,05:39:58,227.0
2026/7/3,05:43:21,236.9
2026/7/3,05:44:48,247.3
2026/7/3,05:48:24,256.8
2026/7/3,05:49:42,266.8
2026/7/3,05:53:07,277.2
2026/7/3,05:54:26,286.1
2026/7/3,05:57:51,296.7
2026/7/3,05:59:10,306.6
2026/7/3,06:02:35,316.3
2026/7/3,06:03:54,327.1
2026/7/3,06:07:18,336.3
2026/7/3,16:26:11,96.9
2026/7/3,16:26:28,106.9
2026/7/3,16:29:46,116.9
2026/7/3,16:30:39,126.7
2026/7/3,16:31:32,136.8
2026/7/3,16:33:59,147.0
2026/7/3,17:05:38,96.9
2026/7/3,17:06:00,106.9
2026/7/3,17:08:24,116.8
2026/7/3,20:29:29,306.6
2026/7/3,20:30:48,316.4
2026/7/3,21:31:55,96.9
2026/7/4,00:45:36,96.9
2026/7/4,00:45:53,106.9
2026/7/4,00:49:11,117.0
2026/7/4,00:50:03,126.7
2026/7/4,09:47:15,96.9
2026/7/4,09:48:07,106.9
2026/7/4,09:50:54,116.9
2026/7/4,09:51:47,126.7
2026/7/4,09:52:42,136.8
2026/7/4,09:55:10,147.0
2026/7/4,09:56:28,196.9
2026/7/4,15:42:06,227.0
2026/7/4,15:42:23,236.9
2026/7/4,15:45:41,247.4
2026/7/4,15:46:34,256.7
2026/7/4,16:30:37,136.9
2026/7/4,16:30:54,147.0
2026/7/4,16:34:07,167.7
2026/7/4,16:35:00,177.8
2026/7/4,18:54:37,187.3
2026/7/4,18:54:54,196.9
2026/7/4,18:58:58,207.3
2026/7/4,18:59:56,217.5
2026/7/4,20:24:40,96.9
2026/7/4,20:25:35,106.9
2026/7/4,20:27:53,116.8
2026/7/4,20:29:11,126.8
2026/7/4,20:30:30,136.8
2026/7/4,20:32:48,147.0
2026/7/4,20:34:05,157.5
2026/7/4,20:35:25,167.8
2026/7/4,20:37:42,177.8
2026/7/4,20:39:47,187.4
2026/7/4,20:40:51,196.9
2026/7/4,20:42:58,207.3
2026/7/4,20:44:17,217.5
2026/7/4,20:45:48,227.0
2026/7/4,20:47:53,236.9
2026/7/4,20:49:13,247.4
2026/7/4,20:50:31,256.8
2026/7/4,20:52:48,266.8
2026/7/4,20:54:08,277.2
2026/7/4,20:55:25,286.2
2026/7/4,20:57:43,296.7
2026/7/4,20:59:02,306.6
2026/7/4,21:00:20,316.4
2026/7/4,21:02:37,327.0
2026/7/4,21:04:23,336.2
2026/7/4,22:29:06,96.9
2026/7/4,22:30:25,106.9
2026/7/4,22:32:43,116.9
2026/7/4,22:34:26,126.7
2026/7/4,22:35:25,136.8
2026/7/4,22:37:43,146.9
2026/7/4,22:39:23,157.5
2026/7/4,22:40:25,167.8
2026/7/4,22:42:43,177.8
2026/7/4,22:44:25,187.3
2026/7/4,22:45:48,196.9
2026/7/4,22:48:04,207.3
2026/7/4,22:49:24,217.6
2026/7/4,22:50:52,227.1
2026/7/4,22:53:03,236.9
2026/7/4,22:54:44,247.3
2026/7/4,22:55:46,256.8
2026/7/4,22:58:03,266.7
2026/7/4,22:59:43,277.2
2026/7/4,23:00:46,286.1
2026/7/4,23:03:02,296.7
2026/7/4,23:04:43,306.6
2026/7/4,23:05:45,316.4
2026/7/4,23:08:02,327.0
2026/7/4,23:09:43,336.3
2026/7/5,00:36:24,96.9
2026/7/5,00:37:44,107.0
2026/7/5,00:40:01,116.8
2026/7/5,00:41:20,126.7
2026/7/5,00:42:39,136.8
2026/7/5,01:00:36,227.0
2026/7/5,01:00:54,236.9
2026/7/5,01:04:35,247.3
2026/7/5,01:05:26,256.8
2026/7/5,01:24:06,136.8
2026/7/5,01:24:23,167.8
2026/7/5,01:28:25,177.8
2026/7/5,01:29:17,187.4
2026/7/5,02:53:47,96.9
2026/7/5,02:55:06,106.9
2026/7/5,02:57:23,116.9
2026/7/5,02:58:42,126.7
2026/7/5,03:00:01,136.8
2026/7/5,03:02:19,147.0
2026/7/5,03:03:37,157.5
2026/7/5,03:04:56,167.8
2026/7/5,03:07:14,177.8
2026/7/5,03:09:17,187.3
2026/7/5,03:10:22,196.9
2026/7/5,03:12:31,207.3
2026/7/5,03:13:50,217.5
2026/7/5,03:15:18,227.0
2026/7/5,03:17:26,236.9
2026/7/5,03:18:46,247.3
2026/7/5,03:20:04,256.7
2026/7/5,03:22:22,266.7
2026/7/5,03:23:41,277.2
2026/7/5,03:25:00,286.3
2026/7/5,03:27:18,296.7
2026/7/5,03:28:37,306.6
2026/7/5,03:29:55,316.4
2026/7/5,03:32:12,327.1
2026/7/5,03:33:56,336.5
2026/7/5,05:00:29,96.9
2026/7/5,05:01:55,107.0
2026/7/5,05:04:11,116.9
2026/7/5,05:05:41,126.7
2026/7/5,05:07:06,136.8
2026/7/5,05:09:06,147.0
2026/7/5,05:10:25,157.5
2026/7/5,05:11:44,167.8
2026/7/5,05:14:02,177.8
2026/7/5,05:15:44,187.3
2026/7/5,05:17:09,196.9
2026/7/5,05:19:19,207.3
2026/7/5,05:20:37,217.6
2026/7/5,05:22:07,226.7
2026/7/5,05:24:14,236.9
2026/7/5,05:25:34,247.4
2026/7/5,05:26:52,256.8
2026/7/5,05:29:09,266.8
2026/7/5,05:30:29,277.2
2026/7/5,05:31:47,286.2
2026/7/5,05:34:05,296.6
2026/7/5,05:35:24,306.7
2026/7/5,05:36:42,316.4
2026/7/5,05:39:00,327.1
2026/7/5,05:40:43,336.7
2026/7/5,06:26:52,97.0
2026/7/5,06:28:18,106.9
2026/7/5,06:30:22,116.9
2026/7/5,06:31:56,126.8
2026/7/5,06:33:22,136.8
2026/7/5,06:35:51,147.0
2026/7/5,06:37:09,157.5
2026/7/5,06:38:28,167.8
2026/7/5,06:40:58,177.8
2026/7/5,06:42:47,187.4
2026/7/5,06:43:35,196.9
2026/7/5,06:46:04,207.3
2026/7/5,06:47:34,217.5
2026/7/5,06:48:59,227.0
2026/7/5,06:51:12,236.9
2026/7/5,06:52:42,247.4
2026/7/5,06:54:07,256.7
2026/7/5,06:56:19,266.7
2026/7/5,06:57:49,277.2
2026/7/5,06:59:15,286.2
2026/7/5,07:01:46,296.7
2026/7/5,07:03:04,306.7
2026/7/5,07:04:23,316.4
2026/7/5,07:06:53,327.0
2026/7/5,07:08:23,336.2
2026/7/5,07:58:23,106.9
2026/7/5,07:59:42,116.8
2026/7/5,08:01:59,126.7
2026/7/5,08:03:18,136.8
2026/7/5,08:04:37,147.0
2026/7/5,08:07:08,157.5
2026/7/5,08:08:43,167.8
2026/7/5,08:10:08,177.8
2026/7/5,08:12:18,187.3
2026/7/5,08:13:45,196.9
2026/7/5,08:15:10,207.3
2026/7/5,08:17:48,217.6
2026/7/5,08:19:07,227.1
2026/7/5,08:20:26,236.8
2026/7/5,08:23:16,247.4
2026/7/5,08:24:27,256.7
2026/7/5,08:25:52,266.7
2026/7/5,08:28:08,277.2
2026/7/5,08:29:36,286.2
2026/7/5,08:31:02,296.7
2026/7/5,08:33:18,306.6
2026/7/5,08:34:46,316.4
2026/7/5,08:36:12,327.1
2026/7/5,08:38:27,336.6
2026/7/5,10:05:50,96.9
2026/7/5,10:07:08,107.0
2026/7/5,10:08:28,116.8
2026/7/5,10:10:45,126.8
2026/7/5,10:12:04,136.8
2026/7/5,10:13:23,147.0
2026/7/5,10:15:41,157.5
2026/7/5,10:16:59,167.8
2026/7/5,10:18:18,177.8
2026/7/5,10:20:36,187.3
2026/7/5,10:22:19,196.9
2026/7/5,10:23:44,207.2
2026/7/5,10:25:51,217.6
2026/7/5,10:27:10,226.7
2026/7/5,10:28:40,236.9
2026/7/5,10:30:46,247.4
2026/7/5,10:32:06,256.8
2026/7/5,10:33:24,266.7
2026/7/5,10:35:42,277.2
2026/7/5,10:37:01,286.2
2026/7/5,10:38:19,296.6
2026/7/5,10:40:37,306.6
2026/7/5,10:41:57,316.4
2026/7/5,10:43:15,327.1
2026/7/5,10:45:32,336.6
2026/7/5,12:12:49,96.9
2026/7/5,12:14:15,106.9
2026/7/5,12:15:40,116.8
2026/7/5,12:17:55,126.7
2026/7/5,12:19:25,136.8
2026/7/5,12:20:51,147.0
2026/7/5,12:22:49,157.5
2026/7/5,12:24:07,167.8
2026/7/5,12:25:27,177.8
2026/7/5,12:28:04,187.3
2026/7/5,12:29:27,196.9
2026/7/5,12:30:52,207.3
2026/7/5,12:33:02,217.5
2026/7/5,12:34:21,227.1
2026/7/5,12:35:51,236.9
2026/7/5,12:37:57,247.4
2026/7/5,12:39:16,256.8
2026/7/5,12:40:34,266.8
2026/7/5,12:42:52,277.2
2026/7/5,12:44:11,286.2
2026/7/5,12:45:29,296.7
2026/7/5,12:47:47,306.6
2026/7/5,12:49:07,316.4
2026/7/5,12:50:25,327.1
2026/7/5,12:52:42,336.6
2026/7/5,14:10:54,96.9
2026/7/5,14:12:20,106.9
2026/7/5,14:13:48,116.8
2026/7/5,14:16:28,126.7
2026/7/5,14:17:46,136.8
2026/7/5,14:19:05,147.0
2026/7/5,14:21:22,157.5
2026/7/5,14:22:40,167.7
2026/7/5,14:23:59,177.8
2026/7/5,14:26:17,187.4
2026/7/5,14:27:35,196.9
2026/7/5,14:28:53,207.3
2026/7/5,14:31:11,217.4
2026/7/5,14:32:30,227.0
2026/7/5,14:33:48,236.8
2026/7/5,14:36:06,247.4
2026/7/5,14:37:51,256.8
2026/7/5,14:39:16,266.7
2026/7/5,14:41:24,277.2
2026/7/5,14:42:43,286.2
2026/7/5,14:44:12,296.6
2026/7/5,14:46:19,306.7
2026/7/5,14:47:39,316.4
2026/7/5,14:48:57,327.0
2026/7/5,14:51:14,336.6
2026/7/5,16:16:00,96.9
2026/7/5,16:17:43,106.9
2026/7/5,16:19:09,116.8
2026/7/5,16:21:31,126.7
2026/7/5,16:22:50,136.8
2026/7/5,16:24:09,147.0
2026/7/5,16:26:41,157.5
2026/7/5,16:28:08,167.7
2026/7/5,16:29:34,177.8
2026/7/5,16:31:51,187.3
2026/7/5,16:33:17,196.9
2026/7/5,16:34:43,207.3
2026/7/5,16:36:59,217.5
2026/7/5,16:38:27,227.0
2026/7/5,16:39:52,236.9
2026/7/5,16:42:08,247.4
2026/7/5,16:43:37,256.8
2026/7/5,16:45:02,266.7
2026/7/5,16:47:36,277.2
2026/7/5,16:48:55,286.2
2026/7/5,16:50:14,296.7
2026/7/5,16:52:46,306.5
2026/7/5,16:54:14,316.3
2026/7/5,16:55:40,327.0
2026/7/5,16:57:55,336.6
2026/7/5,18:03:40,96.9
2026/7/5,18:04:59,106.9
2026/7/5,18:06:28,116.8
2026/7/5,18:08:49,126.8
2026/7/5,18:10:17,136.8
2026/7/5,18:11:42,147.0
2026/7/5,18:13:59,157.5
2026/7/5,18:15:27,167.7
2026/7/5,18:16:52,177.8
2026/7/5,18:19:08,187.4
2026/7/5,18:20:35,196.9
2026/7/5,18:22:01,207.3
2026/7/5,18:24:18,217.5
2026/7/5,18:25:45,226.7
2026/7/5,18:27:12,236.8
2026/7/5,18:29:50,247.4
2026/7/5,18:31:09,256.8
2026/7/5,18:32:28,266.7
2026/7/5,18:35:00,277.2
2026/7/5,18:36:27,286.3
2026/7/5,18:37:53,296.7
2026/7/5,18:40:09,306.6
2026/7/5,18:41:38,316.4
2026/7/5,18:43:03,327.0
2026/7/5,18:45:19,336.6
2026/7/5,20:14:00,96.9
2026/7/5,20:15:18,106.9
2026/7/5,20:16:37,116.8
2026/7/5,20:19:08,126.7
2026/7/5,20:20:37,136.8
2026/7/5,20:22:02,147.0
2026/7/5,20:24:06,157.5
2026/7/5,20:25:47,167.7
2026/7/5,20:26:46,177.8
2026/7/5,20:29:04,187.3
2026/7/5,20:30:43,196.9
2026/7/5,20:31:44,207.3
2026/7/5,20:34:00,217.5
2026/7/5,20:35:41,227.1
2026/7/5,20:37:07,236.9
2026/7/5,20:39:23,247.4
2026/7/5,20:40:43,256.8
2026/7/5,20:42:04,266.7
2026/7/5,20:44:21,277.2
2026/7/5,20:46:02,286.2
2026/7/5,20:47:03,296.7
2026/7/5,20:49:20,306.6
2026/7/5,20:51:00,316.3
2026/7/5,20:52:01,327.0
2026/7/5,20:54:18,336.7
2026/7/5,22:21:20,96.9
2026/7/5,22:22:39,106.9
2026/7/5,22:24:09,116.8
2026/7/5,22:26:27,126.8
2026/7/5,22:27:57,136.8
2026/7/5,22:29:23,147.0
2026/7/5,22:31:37,157.5
2026/7/5,22:33:04,167.7
2026/7/5,22:34:30,177.8
2026/7/5,22:36:44,187.3
2026/7/5,22:38:13,196.8
2026/7/5,22:39:38,207.3
2026/7/5,22:41:54,217.5
2026/7/5,22:43:22,227.1
2026/7/5,22:44:49,236.9
2026/7/5,22:47:28,247.4
2026/7/5,22:48:47,256.8
2026/7/5,22:50:05,266.7
2026/7/5,22:52:38,277.2
2026/7/5,22:54:06,286.3
2026/7/5,22:55:31,296.7
2026/7/5,22:57:46,306.6
2026/7/5,22:59:16,316.4
2026/7/5,23:00:41,327.0
2026/7/5,23:02:55,336.6
2026/7/6,01:13:08,227.1
2026/7/6,01:13:25,247.4
2026/7/6,01:16:56,256.7
2026/7/6,01:17:48,266.8
2026/7/6,02:00:54,96.9
2026/7/6,02:02:13,107.0
2026/7/6,02:03:32,116.8
2026/7/6,02:05:50,126.8
2026/7/6,02:07:34,136.8
2026/7/6,02:08:59,147.0
2026/7/6,02:11:10,157.5
2026/7/6,02:12:28,167.8
2026/7/6,02:13:59,177.9
2026/7/6,02:16:05,187.4
2026/7/6,02:17:46,196.9
2026/7/6,02:18:48,207.3
2026/7/6,02:20:59,217.6
2026/7/6,02:22:18,226.9
2026/7/6,02:23:36,236.9
2026/7/6,02:25:54,247.3
2026/7/6,02:27:14,256.7
2026/7/6,02:28:32,266.8
2026/7/6,02:30:49,277.2
2026/7/6,02:32:33,286.3
2026/7/6,02:33:58,296.6
2026/7/6,02:36:07,306.6
2026/7/6,02:37:27,316.3
2026/7/6,02:38:55,327.1
2026/7/6,02:41:03,336.6
2026/7/6,03:31:04,96.9
2026/7/6,03:32:46,106.9
2026/7/6,03:33:41,116.9
2026/7/6,03:35:59,126.7
2026/7/6,03:37:17,136.8
2026/7/6,03:38:37,147.0
2026/7/6,03:40:54,157.5
2026/7/6,03:42:12,167.8
2026/7/6,03:43:31,177.8
2026/7/6,03:45:48,187.3
2026/7/6,03:47:16,196.9
2026/7/6,03:48:40,207.3
2026/7/6,03:51:04,217.6
2026/7/6,03:52:39,226.9
2026/7/6,03:54:05,236.8
2026/7/6,03:55:59,247.3
2026/7/6,03:57:19,256.8
2026/7/6,03:58:37,266.8
2026/7/6,04:00:54,277.2
2026/7/6,04:02:14,286.2
2026/7/6,04:03:32,296.7
2026/7/6,04:05:50,306.6
2026/7/6,04:07:10,316.3
2026/7/6,04:08:27,327.1
2026/7/6,04:10:45,336.7
2026/7/6,04:53:33,96.9
2026/7/6,05:21:08,286.2
2026/7/6,05:21:26,296.7
2026/7/6,05:25:09,306.6
2026/7/6,05:26:02,316.4
2026/7/6,06:50:50,96.9
2026/7/6,06:51:46,106.9
2026/7/6,06:54:04,116.8
2026/7/6,06:55:22,126.8
2026/7/6,06:56:41,136.8
2026/7/6,06:58:59,147.0
2026/7/6,07:00:18,157.5
2026/7/6,07:01:37,167.7
2026/7/6,07:03:55,177.8
2026/7/6,07:05:37,187.4
2026/7/6,07:07:02,196.9
2026/7/6,07:09:10,207.3
2026/7/6,07:10:29,217.5
2026/7/6,07:11:58,226.8
2026/7/6,07:14:06,236.9
2026/7/6,07:15:48,247.4
2026/7/6,07:16:45,256.7
2026/7/6,07:19:01,266.7
2026/7/6,07:20:21,277.2
2026/7/6,07:21:39,286.2
2026/7/6,07:23:56,296.6
2026/7/6,07:25:17,306.6
2026/7/6,07:26:34,316.4
2026/7/6,07:28:52,327.1
2026/7/6,07:30:35,336.3
2026/7/6,08:29:11,97.0
2026/7/6,08:31:40,106.9
2026/7/6,08:32:57,116.9
2026/7/6,08:34:16,126.7
2026/7/6,08:36:34,136.8
2026/7/6,08:37:52,147.0
2026/7/6,08:39:11,157.5
2026/7/6,08:41:29,167.8
2026/7/6,08:42:47,177.8
2026/7/6,08:44:07,187.3
2026/7/6,08:46:23,197.1
2026/7/6,08:47:42,207.3
2026/7/6,08:49:01,217.6
2026/7/6,08:51:18,226.9
2026/7/6,08:53:07,236.8
2026/7/6,08:54:32,247.4
2026/7/6,08:56:37,256.8
2026/7/6,08:57:56,266.7
2026/7/6,08:59:29,277.1
2026/7/6,09:01:31,286.3
2026/7/6,09:02:51,296.6
2026/7/6,09:04:10,306.6
2026/7/6,09:06:27,316.4
2026/7/6,09:07:47,327.1
2026/7/6,09:09:05,336.3
2026/7/6,11:46:39,296.7
2026/7/6,11:46:56,306.5
2026/7/6,11:50:14,316.4
2026/7/6,11:51:06,327.1
2026/7/6,15:21:08,217.5
2026/7/6,15:21:26,236.9
2026/7/6,15:24:53,277.2
2026/7/6,15:25:44,286.2
2026/7/6,17:07:38,277.2
2026/7/6,17:07:56,286.2
2026/7/6,17:11:45,296.7
2026/7/6,17:12:38,306.7
2026/7/6,18:10:46,96.9
2026/7/6,18:12:05,106.9
2026/7/6,18:13:23,116.8
2026/7/6,18:15:56,126.7
2026/7/6,18:17:23,136.8
2026/7/6,18:18:49,147.0
2026/7/6,18:21:08,157.5
2026/7/6,18:22:34,167.7
2026/7/6,18:23:59,177.8
2026/7/6,18:26:19,187.3
2026/7/6,18:27:45,196.9
2026/7/6,18:29:13,207.3
2026/7/6,18:31:52,217.5
2026/7/6,18:33:11,226.7
2026/7/6,18:34:30,236.9
2026/7/6,18:37:03,247.4
2026/7/6,18:38:30,256.8
2026/7/6,18:39:56,266.7
2026/7/6,18:42:14,277.2
2026/7/6,18:43:40,286.2
2026/7/6,18:45:06,296.7
2026/7/6,18:47:25,306.7
2026/7/6,18:48:51,316.3
2026/7/6,18:50:17,327.0
2026/7/6,18:52:36,336.6
2026/7/7,02:22:07,286.3
2026/7/7,02:22:25,296.7
2026/7/7,02:25:39,306.7
2026/7/7,02:26:29,316.4
2026/7/7,03:53:11,96.9
2026/7/7,03:54:37,106.9
2026/7/7,03:56:59,116.8
2026/7/7,03:58:24,126.7
2026/7/7,03:59:50,136.8
2026/7/7,04:01:54,147.0
2026/7/7,04:03:12,157.5
2026/7/7,04:04:32,167.7
2026/7/7,04:06:50,177.8
2026/7/7,04:08:31,187.3
2026/7/7,04:09:56,196.9
2026/7/7,04:12:05,207.3
2026/7/7,04:13:25,217.5
2026/7/7,04:14:54,227.1
2026/7/7,04:16:59,236.9
2026/7/7,04:18:19,247.3
2026/7/7,04:19:37,256.8
2026/7/7,04:21:54,266.8
2026/7/7,04:23:14,277.2
2026/7/7,04:24:32,286.3
2026/7/7,04:26:49,296.7
2026/7/7,04:28:09,306.5
2026/7/7,04:29:27,316.4
2026/7/7,04:31:44,327.1
2026/7/7,04:33:30,336.3
2026/7/7,06:39:09,286.2
2026/7/7,06:39:27,296.6
2026/7/7,06:43:11,306.6
2026/7/7,06:44:02,316.4
2026/7/7,08:35:24,96.9
2026/7/7,08:36:58,106.9
2026/7/7,08:39:40,116.8
2026/7/7,08:40:58,126.8
2026/7/7,08:43:56,136.8
2026/7/7,08:45:14,147.0
2026/7/7,08:48:12,157.5
2026/7/7,08:49:30,167.8
2026/7/7,08:52:27,177.8
2026/7/7,08:53:54,187.4
2026/7/7,08:56:57,196.9
2026/7/7,08:58:33,207.3
2026/7/7,09:01:12,217.5
2026/7/7,09:02:32,227.0
2026/7/7,09:05:28,236.8
2026/7/7,09:06:47,247.4
2026/7/7,09:09:43,256.7
2026/7/7,09:11:03,266.7
2026/7/7,09:13:59,277.2
2026/7/7,09:15:27,286.2
2026/7/7,09:18:30,296.7
2026/7/7,09:20:05,306.6
2026/7/7,09:22:46,316.4
2026/7/7,09:24:06,327.1
2026/7/7,09:27:03,336.3
2026/7/7,10:56:38,266.7
2026/7/7,10:56:56,277.2
2026/7/7,11:00:12,286.2
2026/7/7,11:01:06,296.7
2026/7/7,11:57:16,116.9
2026/7/7,14:52:39,136.9
2026/7/7,14:52:56,147.0
2026/7/7,14:56:08,157.5
2026/7/7,14:57:01,167.7
2026/7/7,16:13:57,157.5
2026/7/7,16:17:20,167.8
2026/7/7,16:18:40,177.8
2026/7/7,16:22:09,187.3
2026/7/7,16:23:28,196.9
2026/7/7,16:26:55,207.3
2026/7/7,16:28:14,217.5
2026/7/7,16:31:43,226.8
2026/7/7,16:33:25,236.9
2026/7/7,16:36:40,247.4
2026/7/7,16:37:59,256.8
2026/7/7,16:41:24,266.7
2026/7/7,16:42:44,277.2
2026/7/7,16:46:10,286.2
2026/7/7,16:47:30,296.7
2026/7/7,16:50:58,306.6
2026/7/7,16:52:18,316.4
2026/7/7,16:55:44,327.1
2026/7/7,16:57:29,336.3
2026/7/7,19:18:08,96.9
2026/7/7,19:18:25,106.9
2026/7/7,19:22:15,116.9
2026/7/7,19:23:06,126.8
2026/7/7,20:30:49,96.9
2026/7/7,20:32:21,106.9
2026/7/7,20:35:31,116.9
2026/7/7,20:37:21,126.8
2026/7/7,20:39:59,136.9
2026/7/7,20:41:39,147.0
2026/7/7,20:44:11,157.4
2026/7/7,20:45:29,167.7
2026/7/7,20:48:22,177.8
2026/7/7,20:49:42,187.4
2026/7/7,20:52:36,197.0
2026/7/7,20:53:55,207.3
2026/7/7,20:56:48,217.5
2026/7/7,20:58:18,227.1
2026/7/7,21:01:18,236.9
2026/7/7,21:02:53,247.4
2026/7/7,21:05:31,256.8
2026/7/7,21:06:50,266.7
2026/7/7,21:09:43,277.2
2026/7/7,21:11:03,286.2
2026/7/7,21:13:56,296.6
2026/7/7,21:15:15,306.6
2026/7/7,21:18:08,316.4
2026/7/7,21:19:36,327.1
2026/7/7,21:22:35,336.2
2026/7/7,22:32:42,97.0
2026/7/7,23:57:46,96.9
2026/7/8,00:01:00,106.9
2026/7/8,00:02:37,116.8
2026/7/8,00:05:45,126.7
2026/7/8,00:07:31,136.8
2026/7/8,00:10:48,146.9
2026/7/8,00:12:07,157.5
2026/7/8,00:15:32,167.7
2026/7/8,00:16:50,177.8
2026/7/8,00:20:15,187.4
2026/7/8,00:21:35,196.9
2026/7/8,00:25:00,207.3
2026/7/8,00:26:20,217.5
2026/7/8,00:29:44,226.7
2026/7/8,00:31:31,236.8
2026/7/8,00:34:47,247.3
2026/7/8,00:36:06,256.8
2026/7/8,00:39:32,266.8
2026/7/8,00:40:51,277.2
2026/7/8,00:44:18,286.2
2026/7/8,00:45:38,296.7
2026/7/8,00:49:03,306.7
2026/7/8,00:50:23,316.4
2026/7/8,00:53:49,327.0
2026/7/8,00:55:34,336.6
2026/7/8,03:01:42,96.9
2026/7/8,03:03:01,106.9
2026/7/8,03:06:37,116.8
2026/7/8,03:08:13,126.7
2026/7/8,03:10:51,136.8
2026/7/8,03:12:09,147.0
2026/7/8,03:15:05,157.5
2026/7/8,03:16:23,167.8
2026/7/8,03:19:42,177.8
2026/7/8,03:20:45,187.5
2026/7/8,03:23:47,196.9
2026/7/8,03:25:24,207.3
2026/7/8,03:28:02,217.6
2026/7/8,03:29:22,227.0
2026/7/8,03:32:16,236.8
2026/7/8,03:33:36,247.3
2026/7/8,03:36:30,256.7
2026/7/8,03:37:50,266.7
2026/7/8,03:40:44,277.2
2026/7/8,03:42:13,286.2
2026/7/8,03:45:14,296.6
2026/7/8,03:46:50,306.7
2026/7/8,03:49:29,316.4
2026/7/8,03:50:48,327.1
2026/7/8,03:53:43,336.6
2026/7/8,06:16:09,136.8
2026/7/8,06:16:26,147.0
2026/7/8,06:20:05,157.4
2026/7/8,06:20:57,167.8
2026/7/8,08:46:10,217.5
2026/7/8,08:46:27,227.0
2026/7/8,08:49:45,236.9
2026/7/8,08:50:36,247.4
2026/7/8,09:29:39,136.8
2026/7/8,09:29:56,147.0
2026/7/8,09:34:08,157.5
2026/7/8,09:35:00,167.8
2026/7/8,11:25:09,296.7
2026/7/8,11:25:26,306.7
2026/7/8,11:28:44,316.4
2026/7/8,11:29:38,327.0
2026/7/8,14:02:10,256.8
2026/7/8,14:02:27,266.7
2026/7/8,14:06:00,277.2
2026/7/8,14:06:54,286.2
2026/7/8,15:27:10,306.6
2026/7/8,15:27:28,316.4
2026/7/8,15:30:44,327.0
2026/7/8,15:31:36,336.3
2026/7/8,16:27:43,96.9
2026/7/8,16:30:39,106.9
2026/7/8,16:31:57,116.9
2026/7/8,16:34:56,126.8
2026/7/8,16:36:24,136.8
2026/7/8,16:39:29,146.9
2026/7/8,16:40:47,157.5
2026/7/8,16:43:44,167.7
2026/7/8,16:45:04,177.8
2026/7/8,16:48:00,187.3
2026/7/8,16:49:20,196.9
2026/7/8,16:52:17,207.3
2026/7/8,16:53:36,217.5
2026/7/8,16:56:33,227.0
2026/7/8,16:57:59,236.8
2026/7/8,17:01:03,247.4
2026/7/8,17:02:38,256.8
2026/7/8,17:05:19,266.8
2026/7/8,17:06:39,277.2
2026/7/8,17:09:36,286.3
2026/7/8,17:10:55,296.7
2026/7/8,17:13:52,306.7
2026/7/8,17:15:12,316.3
2026/7/8,17:18:08,327.0
2026/7/8,17:19:38,336.3
2026/7/8,18:05:40,177.9
2026/7/8,18:05:57,187.5
2026/7/8,18:09:14,196.9
2026/7/8,18:10:04,207.3
2026/7/8,18:36:41,96.9
2026/7/8,18:37:59,106.9
2026/7/8,18:41:03,116.9
2026/7/8,18:42:22,126.8
2026/7/8,19:09:46,96.9
2026/7/8,19:11:04,106.9
2026/7/8,19:14:09,116.8
2026/7/8,19:15:27,126.7
2026/7/8,19:18:23,136.8
2026/7/8,19:19:41,147.0
2026/7/8,19:22:37,157.5
2026/7/8,19:23:56,167.8
2026/7/8,19:26:50,177.8
2026/7/8,19:28:19,187.3
2026/7/8,19:31:21,196.9
2026/7/8,19:32:56,207.3
2026/7/8,19:35:36,217.5
2026/7/8,19:36:55,227.0
2026/7/8,19:39:50,236.9
2026/7/8,19:41:09,247.3
2026/7/8,19:44:04,256.7
2026/7/8,19:45:23,266.7
2026/7/8,19:48:18,277.2
2026/7/8,19:49:46,286.2
2026/7/8,19:52:47,296.7
2026/7/8,19:54:23,306.6
2026/7/8,19:57:01,316.4
2026/7/8,19:58:21,327.1
2026/7/8,20:01:15,336.6
2026/7/8,22:01:34,96.9
2026/7/8,22:05:04,106.9
2026/7/8,22:06:22,116.9
2026/7/8,22:09:37,126.7
2026/7/8,22:11:04,136.8
2026/7/8,22:14:06,147.0
2026/7/8,22:15:24,157.5
2026/7/8,22:18:17,167.7
2026/7/8,22:19:38,177.8
2026/7/8,22:22:31,187.4
2026/7/8,22:23:50,196.9
2026/7/8,22:26:45,207.3
2026/7/8,22:28:04,217.6
2026/7/8,22:30:58,226.8
2026/7/8,22:32:26,236.9
2026/7/8,22:35:27,247.4
2026/7/8,22:37:03,256.8
2026/7/8,22:39:40,266.8
2026/7/8,22:41:00,277.2
2026/7/8,22:43:53,286.2
2026/7/8,22:45:13,296.6
2026/7/8,22:48:07,306.6
2026/7/8,22:49:27,316.4
2026/7/8,22:52:20,327.0
2026/7/8,22:53:47,336.5
2026/7/8,23:15:53,96.9
2026/7/8,23:19:03,107.0
2026/7/8,23:20:31,117.0
2026/7/8,23:24:02,126.7
2026/7/8,23:25:21,136.8
2026/7/8,23:28:53,147.0
2026/7/8,23:30:33,157.5
2026/7/8,23:33:40,167.7
2026/7/8,23:34:59,177.8
2026/7/8,23:38:31,187.3
2026/7/8,23:40:11,196.9
2026/7/8,23:43:27,207.3
2026/7/8,23:45:01,217.6
2026/7/8,23:48:22,226.8
2026/7/8,23:49:41,236.9
2026/7/8,23:53:12,247.4
2026/7/8,23:54:53,256.8
2026/7/8,23:58:03,266.8
2026/7/8,23:59:43,277.2
2026/7/9,00:02:52,286.2
2026/7/9,00:04:33,296.7
2026/7/9,00:07:48,306.7
2026/7/9,00:09:23,316.3
2026/7/9,00:12:48,327.0
2026/7/9,00:14:06,336.5
2026/7/9,01:57:11,97.0
2026/7/9,01:58:38,106.9
2026/7/9,02:01:35,116.9
2026/7/9,02:02:53,126.8
2026/7/9,02:06:22,136.8
2026/7/9,02:07:41,147.0
2026/7/9,02:11:13,157.5
2026/7/9,02:12:52,167.7
2026/7/9,02:16:01,177.8
2026/7/9,02:17:43,187.3
2026/7/9,02:21:00,196.9
2026/7/9,02:22:32,207.3
2026/7/9,02:25:56,217.5
2026/7/9,02:27:15,226.7
2026/7/9,02:30:46,236.8
2026/7/9,02:32:28,247.3
2026/7/9,02:35:36,256.8
2026/7/9,02:37:18,266.7
2026/7/9,02:40:27,277.2
2026/7/9,02:42:07,286.2
2026/7/9,02:45:22,296.6
2026/7/9,02:46:58,306.6
2026/7/9,02:50:19,316.4
2026/7/9,02:51:37,327.0
2026/7/9,02:55:09,336.3
2026/7/9,06:07:09,106.9
2026/7/9,06:07:26,116.9
2026/7/9,06:11:38,126.7
2026/7/9,06:12:33,136.8
2026/7/9,07:08:53,96.9
2026/7/9,07:11:51,107.0
2026/7/9,07:13:09,116.9
2026/7/9,07:16:05,126.7
2026/7/9,07:17:33,136.8
2026/7/9,07:20:35,147.0
2026/7/9,07:22:11,157.5
2026/7/9,07:24:48,167.7
2026/7/9,07:26:08,177.8
2026/7/9,07:29:03,187.3
2026/7/9,07:30:23,196.9
2026/7/9,07:33:17,207.3
2026/7/9,07:34:38,217.5
2026/7/9,07:37:32,227.0
2026/7/9,07:39:00,236.9
2026/7/9,07:42:01,247.4
2026/7/9,07:43:38,256.8
2026/7/9,07:46:16,266.8
2026/7/9,07:47:36,277.2
2026/7/9,07:50:30,286.2
2026/7/9,07:51:50,296.7
2026/7/9,07:54:45,306.6
2026/7/9,07:56:04,316.4
2026/7/9,07:58:59,327.1
2026/7/9,08:00:28,336.5
2026/7/9,16:11:42,177.8
2026/7/9,16:13:01,187.3
2026/7/9,16:14:47,196.9
2026/7/9,16:16:28,207.3
2026/7/9,16:18:10,227.0
2026/7/9,16:19:28,236.9
2026/7/9,16:20:52,247.3
2026/7/9,16:22:07,256.7
2026/7/9,17:33:50,96.9
2026/7/9,17:34:07,107.0
2026/7/9,17:38:51,116.9
2026/7/9,17:39:28,126.7
2026/7/9,22:48:09,177.8
2026/7/9,22:48:26,187.5
2026/7/9,22:51:45,196.9
2026/7/9,22:52:35,207.3
2026/7/10,07:06:04,96.9
2026/7/10,07:09:01,106.9
2026/7/10,07:10:19,117.0
2026/7/10,07:13:16,126.7
2026/7/10,07:14:42,136.8
2026/7/10,07:17:46,147.0
2026/7/10,07:19:22,157.4
2026/7/10,07:22:00,167.7
2026/7/10,07:23:20,177.8
2026/7/10,07:26:15,187.3
2026/7/10,07:27:35,196.9
2026/7/10,07:30:30,207.3
2026/7/10,07:31:50,217.5
2026/7/10,07:34:45,226.8
2026/7/10,07:36:14,236.9
2026/7/10,07:39:16,247.4
2026/7/10,07:40:50,256.8
2026/7/10,07:43:32,266.8
2026/7/10,07:44:52,277.1
2026/7/10,07:47:47,286.2
2026/7/10,07:49:07,296.7
2026/7/10,07:52:03,306.7
2026/7/10,07:53:22,316.4
2026/7/10,07:56:18,327.0
2026/7/10,07:57:46,336.3
2026/7/10,08:30:53,96.9
2026/7/10,08:32:10,106.9
2026/7/10,08:35:16,116.9
2026/7/10,08:36:34,126.8
2026/7/10,08:39:32,136.9
2026/7/10,08:40:50,147.0
2026/7/10,08:43:48,157.5
2026/7/10,08:45:09,167.7
2026/7/10,08:48:04,177.8
2026/7/10,08:49:31,187.3
2026/7/10,08:52:34,196.9
2026/7/10,08:54:09,207.3
2026/7/10,08:56:50,217.6
2026/7/10,08:58:09,227.0
2026/7/10,09:01:06,236.8
2026/7/10,09:02:26,247.3
2026/7/10,09:05:22,256.8
2026/7/10,09:06:42,266.7
2026/7/10,09:09:39,277.2
2026/7/10,09:11:05,286.2
2026/7/10,09:14:08,296.7
2026/7/10,09:15:44,306.6
2026/7/10,09:18:24,316.3
2026/7/10,09:19:44,327.1
2026/7/10,09:22:40,336.3
2026/7/10,11:11:39,96.9
2026/7/10,11:14:36,106.9
2026/7/10,11:15:54,116.9
2026/7/10,11:18:53,126.8
2026/7/10,11:20:19,136.8
2026/7/10,11:23:25,146.9
2026/7/10,11:24:43,157.5
2026/7/10,11:27:41,167.8
2026/7/10,11:29:02,177.8
2026/7/10,11:31:59,187.3
2026/7/10,11:33:18,196.9
2026/7/10,11:36:16,207.3
2026/7/10,11:37:36,217.5
2026/7/10,11:40:33,227.0
2026/7/10,11:42:01,236.8
2026/7/10,11:45:05,247.4
2026/7/10,11:46:38,256.8
2026/7/10,11:49:22,266.7
2026/7/10,11:50:41,277.2
2026/7/10,11:53:39,286.2
2026/7/10,11:54:58,296.7
2026/7/10,11:57:56,306.6
2026/7/10,11:59:15,316.3
2026/7/10,12:02:13,327.1
2026/7/10,12:03:41,336.2
2026/7/10,13:46:03,96.9
2026/7/10,13:47:22,106.9
2026/7/10,13:50:23,116.8
2026/7/10,13:51:51,126.8
2026/7/10,15:42:50,96.9
2026/7/10,15:44:22,107.0
2026/7/10,15:47:07,116.8
2026/7/10,15:48:26,136.8
2026/7/10,15:51:24,147.0
2026/7/10,15:52:42,157.5
2026/7/10,15:55:40,187.5
2026/7/10,15:56:58,196.9
2026/7/10,15:59:55,207.3
2026/7/10,16:01:24,217.5
2026/7/10,16:04:28,227.0
2026/7/10,16:06:00,236.9
2026/7/10,16:08:44,247.4
2026/7/10,16:10:04,256.7
2026/7/10,16:13:00,266.7
2026/7/10,16:14:19,277.2
2026/7/10,16:17:16,286.3
2026/7/10,16:18:36,296.7
2026/7/10,16:21:32,306.7
2026/7/10,17:45:40,277.2
2026/7/10,17:45:58,306.7
2026/7/10,17:49:15,316.4
2026/7/10,17:50:07,327.0
2026/7/10,23:05:35,96.9
2026/7/10,23:07:12,107.0
2026/7/10,23:10:25,116.8
2026/7/10,23:11:28,126.7
2026/7/10,23:14:02,136.8
2026/7/10,23:15:12,147.0
2026/7/11,00:39:11,266.7
2026/7/11,00:39:29,296.7
2026/7/11,00:43:31,306.6
2026/7/11,00:44:24,316.3
2026/7/11,07:37:41,217.5
2026/7/11,07:37:58,227.0
2026/7/11,07:42:09,236.9
2026/7/11,07:43:01,247.4
2026/7/11,09:09:01,96.9
2026/7/11,09:11:18,106.9
2026/7/11,09:12:50,116.8
2026/7/11,09:14:15,126.7
2026/7/11,09:16:23,136.8
2026/7/11,09:17:56,147.0
2026/7/11,09:19:22,157.5
2026/7/11,09:21:31,167.8
2026/7/11,09:23:02,177.8
2026/7/11,09:24:47,187.3
2026/7/11,09:26:52,196.9
2026/7/11,09:28:19,207.3
2026/7/11,09:29:40,217.6
2026/7/11,09:32:04,226.8
2026/7/11,09:33:24,236.9
2026/7/11,09:34:56,247.4
2026/7/11,09:37:11,256.8
2026/7/11,09:38:43,266.7
2026/7/11,09:40:08,277.2
2026/7/11,09:42:19,286.2
2026/7/11,09:43:50,296.7
2026/7/11,09:45:16,306.6
2026/7/11,09:47:26,316.4
2026/7/11,09:48:58,327.1
2026/7/11,09:50:24,336.5
2026/7/11,11:16:00,96.9
2026/7/11,11:17:55,106.9
2026/7/11,11:19:14,117.0
2026/7/11,11:20:33,126.7
2026/7/11,11:22:49,136.8
2026/7/11,11:24:09,147.0
2026/7/11,11:25:28,157.5
2026/7/11,11:27:45,167.7
2026/7/11,11:29:05,177.9
2026/7/11,11:30:31,187.3
2026/7/11,11:32:55,196.9
2026/7/11,11:34:28,207.3
2026/7/11,11:35:54,217.5
2026/7/11,11:37:58,227.1
2026/7/11,11:39:18,236.9
2026/7/11,11:40:59,247.3
2026/7/11,11:42:53,256.8
2026/7/11,11:44:14,266.7
2026/7/11,11:45:32,277.2
2026/7/11,11:47:48,286.3
2026/7/11,11:49:09,296.6
2026/7/11,11:50:27,306.6
2026/7/11,11:52:43,316.4
2026/7/11,11:54:05,327.1
2026/7/11,11:55:53,336.6
2026/7/11,12:45:29,96.9
2026/7/11,12:47:55,106.9
2026/7/11,12:49:28,116.8
2026/7/11,12:50:53,126.7
2026/7/11,12:53:09,136.9
2026/7/11,12:54:41,147.0
2026/7/11,12:55:58,157.5
2026/7/11,12:58:15,167.7
2026/7/11,12:59:47,177.8
2026/7/11,13:01:12,187.3
2026/7/11,13:03:21,196.9
2026/7/11,13:04:53,207.3
2026/7/11,13:06:19,217.5
2026/7/11,13:08:30,226.9
2026/7/11,13:10:00,236.9
2026/7/11,13:11:25,247.3
2026/7/11,13:13:52,256.7
2026/7/11,13:15:22,266.8
2026/7/11,13:16:41,277.1
2026/7/11,13:19:08,286.3
2026/7/11,13:20:29,296.7
2026/7/11,13:21:56,306.6
2026/7/11,13:24:16,316.4
2026/7/11,13:25:48,327.1
2026/7/11,13:27:13,336.6
2026/7/11,14:27:52,96.9
2026/7/11,14:30:15,106.9
2026/7/11,14:31:50,116.8
2026/7/11,14:33:15,126.7
2026/7/11,14:35:20,136.8
2026/7/11,14:36:41,147.0
2026/7/11,14:38:19,157.5
2026/7/11,14:40:15,167.7
2026/7/11,14:41:35,177.9
2026/7/11,14:42:54,187.3
2026/7/11,14:45:09,196.9
2026/7/11,14:46:29,207.3
2026/7/11,14:47:47,217.6
2026/7/11,14:50:04,226.8
2026/7/11,14:51:26,236.9
2026/7/11,14:53:15,247.4
2026/7/11,14:55:17,256.8
2026/7/11,14:56:50,266.7
2026/7/11,14:58:15,277.2
2026/7/11,15:00:21,286.3
2026/7/11,15:01:41,296.6
2026/7/11,15:03:23,306.7
2026/7/11,15:05:16,316.4
2026/7/11,15:06:38,327.1
2026/7/11,15:07:55,336.3
2026/7/11,16:35:37,96.9
2026/7/11,16:38:03,107.0
2026/7/11,16:39:31,116.8
2026/7/11,16:40:51,126.8
2026/7/11,16:43:06,136.8
2026/7/11,16:44:26,147.0
2026/7/11,16:46:08,157.4
2026/7/11,16:48:01,167.8
2026/7/11,16:49:21,177.8
2026/7/11,16:50:40,187.3
2026/7/11,16:52:55,196.9
2026/7/11,16:54:16,207.3
2026/7/11,16:55:34,217.5
2026/7/11,16:57:50,227.0
2026/7/11,16:59:10,236.8
2026/7/11,17:00:35,247.3
2026/7/11,17:03:01,256.6
2026/7/11,17:04:33,266.7
2026/7/11,17:05:58,277.2
2026/7/11,17:08:02,286.2
2026/7/11,17:09:22,296.7
2026/7/11,17:10:42,306.7
2026/7/11,17:12:57,316.4
2026/7/11,17:14:18,327.1
2026/7/11,17:15:35,336.7
2026/7/11,18:43:54,96.9
2026/7/11,18:45:56,107.0
2026/7/11,18:47:30,117.0
2026/7/11,18:48:55,126.7
2026/7/11,18:50:59,136.8
2026/7/11,18:52:19,147.0
2026/7/11,18:54:01,157.4
2026/7/11,18:55:54,167.7
2026/7/11,18:57:14,177.9
2026/7/11,18:58:33,187.4
2026/7/11,19:00:48,196.9
2026/7/11,19:02:09,207.3
2026/7/11,19:03:27,217.6
2026/7/11,19:05:44,227.0
2026/7/11,19:07:04,236.8
2026/7/11,19:08:53,247.3
2026/7/11,19:10:56,256.8
2026/7/11,19:12:28,266.7
2026/7/11,19:13:54,277.2
2026/7/11,19:16:01,286.2
2026/7/11,19:17:21,296.7
2026/7/11,19:19:01,306.6
2026/7/11,19:20:55,316.4
2026/7/11,19:22:16,327.0
2026/7/11,19:23:34,336.6
2026/7/11,20:50:10,97.0
2026/7/11,20:52:34,107.0
2026/7/11,20:54:03,116.9
2026/7/11,20:55:22,126.8
2026/7/11,22:23:19,96.9
2026/7/11,22:25:21,106.9
2026/7/11,22:26:56,116.8
2026/7/11,22:28:22,126.8
2026/7/11,22:30:15,136.8
2026/7/11,22:31:35,147.0
2026/7/11,22:33:25,157.5
2026/7/11,22:35:27,167.8
2026/7/11,22:37:02,177.8
2026/7/11,22:38:25,187.3
2026/7/11,22:40:30,196.9
2026/7/11,22:41:50,207.3
2026/7/11,22:43:30,217.5
2026/7/11,22:45:25,226.8
2026/7/11,22:46:45,236.8
2026/7/11,22:48:03,247.4
2026/7/11,22:50:20,256.7
2026/7/11,22:51:41,266.8
2026/7/11,22:52:59,277.1
2026/7/11,22:55:15,286.3
2026/7/11,22:56:36,296.7
2026/7/11,22:58:25,306.6
2026/7/11,23:00:28,316.3
2026/7/11,23:02:01,327.1
2026/7/11,23:03:26,336.3
2026/7/12,00:30:15,97.0
2026/7/12,00:32:31,106.9
2026/7/12,00:33:58,116.8
2026/7/12,00:35:24,126.7
2026/7/12,00:37:26,136.8
2026/7/12,00:38:46,147.0
2026/7/12,00:40:36,157.4
2026/7/12,00:42:37,167.8
2026/7/12,00:44:11,177.9
2026/7/12,00:45:56,187.3
2026/7/12,00:47:41,196.9
2026/7/12,00:49:01,207.3
2026/7/12,00:50:41,217.5
2026/7/12,00:52:36,227.0
2026/7/12,00:53:57,236.8
2026/7/12,00:55:15,247.4
2026/7/12,00:57:31,256.8
2026/7/12,00:58:53,266.7
2026/7/12,01:00:11,277.2
2026/7/12,01:02:27,286.2
2026/7/12,01:03:48,296.6
2026/7/12,01:05:37,306.7
2026/7/12,01:07:41,316.4
2026/7/12,01:09:14,327.0
2026/7/12,01:10:39,336.5
2026/7/12,02:02:13,126.7
2026/7/12,02:04:45,136.8
2026/7/12,02:06:04,147.0
2026/7/12,02:07:30,157.4
2026/7/12,02:09:53,167.8
2026/7/12,02:11:24,177.8
2026/7/12,02:12:50,187.2
2026/7/12,02:15:03,196.9
2026/7/12,02:16:33,207.3
2026/7/12,02:17:56,217.5
2026/7/12,02:20:12,227.0
2026/7/12,02:21:41,236.9
2026/7/12,02:23:06,247.4
2026/7/12,02:25:38,256.9
2026/7/12,02:27:07,266.7
2026/7/12,02:28:25,277.2
2026/7/12,02:30:54,286.2
2026/7/12,02:32:14,296.7
2026/7/12,02:33:43,306.6
2026/7/12,02:36:02,316.4
2026/7/12,02:37:33,327.1
2026/7/12,02:38:58,336.5
2026/7/12,03:39:42,136.8
2026/7/12,03:39:59,147.0
2026/7/12,03:43:21,157.4
2026/7/12,03:44:13,167.8
2026/7/12,04:55:11,256.8
2026/7/12,04:55:28,266.7
2026/7/12,04:59:45,277.2
2026/7/12,05:00:37,286.2
2026/7/12,05:43:42,96.9
2026/7/12,05:45:01,107.0
2026/7/12,05:47:17,116.9
2026/7/12,05:48:37,126.8
2026/7/12,05:50:03,136.9
2026/7/12,05:52:27,147.0
2026/7/12,05:54:01,157.5
2026/7/12,05:55:27,167.7
2026/7/12,05:57:30,177.9
2026/7/12,05:58:49,187.3
2026/7/12,06:00:08,196.9
2026/7/12,06:02:24,207.3
2026/7/12,06:03:44,217.5
2026/7/12,06:05:02,227.0
2026/7/12,06:07:19,236.9
2026/7/12,06:08:40,247.4
2026/7/12,06:09:57,256.8
2026/7/12,06:12:14,266.7
2026/7/12,06:13:35,277.2
2026/7/12,06:15:24,286.2
2026/7/12,06:17:28,296.7
2026/7/12,06:18:59,306.6
2026/7/12,06:20:46,316.4
2026/7/12,06:22:29,327.1
2026/7/12,06:23:49,336.6
2026/7/12,08:02:03,96.9
2026/7/12,08:03:34,107.0
2026/7/12,08:04:52,117.0
2026/7/12,08:07:19,126.8
2026/7/12,08:08:39,136.8
2026/7/12,08:10:04,146.9
2026/7/12,08:12:26,157.5
2026/7/12,08:14:03,167.7
2026/7/12,08:15:04,177.8
2026/7/12,08:17:32,187.3
2026/7/12,08:19:04,196.8
2026/7/12,08:20:30,207.3
2026/7/12,08:22:40,217.6
2026/7/12,08:24:11,227.0
2026/7/12,08:25:58,236.9
2026/7/12,08:28:05,247.4
2026/7/12,08:29:34,256.8
2026/7/12,08:30:52,266.7
2026/7/12,08:33:20,277.2
2026/7/12,08:34:40,286.2
2026/7/12,08:36:09,296.7
2026/7/12,08:38:27,306.5
2026/7/12,08:39:59,316.4
2026/7/12,08:41:25,327.1
2026/7/12,08:43:34,336.2
2026/7/12,10:13:59,96.9
2026/7/12,10:15:18,106.9
2026/7/12,10:17:00,116.9
2026/7/12,10:18:53,126.7
2026/7/12,10:20:13,136.8
2026/7/12,10:21:33,147.0
2026/7/12,10:23:49,157.5
2026/7/12,10:25:09,167.8
2026/7/12,10:26:28,177.9
2026/7/12,10:28:53,187.5
2026/7/12,10:30:04,196.8
2026/7/12,10:31:29,207.3
2026/7/12,10:33:54,217.6
2026/7/12,10:35:27,227.0
2026/7/12,10:36:53,236.9
2026/7/12,10:38:59,247.4
2026/7/12,10:40:19,256.8
2026/7/12,10:41:59,266.7
2026/7/12,10:43:54,277.2
2026/7/12,10:45:14,286.2
2026/7/12,10:46:32,296.5
2026/7/12,10:48:49,306.7
2026/7/12,10:50:10,316.4
2026/7/12,10:51:28,327.1
2026/7/12,10:53:44,336.4
2026/7/12,12:18:52,96.9
2026/7/12,12:20:12,107.0
2026/7/12,12:21:52,116.9
2026/7/12,12:23:46,126.7
2026/7/12,12:25:06,136.9
2026/7/12,12:26:26,147.0
2026/7/12,12:28:42,157.5
2026/7/12,12:30:02,167.8
2026/7/12,12:31:21,177.8
2026/7/12,12:33:37,187.3
2026/7/12,12:34:56,196.8
2026/7/12,12:36:23,207.3
2026/7/12,12:38:50,217.5
2026/7/12,12:40:21,227.0
2026/7/12,12:41:47,236.9
2026/7/12,12:43:54,247.4
2026/7/12,12:45:14,256.8
2026/7/12,12:46:54,266.8
2026/7/12,12:48:49,277.2
2026/7/12,12:50:10,286.2
2026/7/12,12:51:28,296.6
2026/7/12,12:53:45,306.7
2026/7/12,12:55:06,316.4
2026/7/12,12:56:23,327.1
2026/7/12,12:58:40,336.2
2026/7/12,14:24:57,97.0
2026/7/12,15:49:51,96.9
2026/7/12,15:51:11,106.9
2026/7/12,15:52:30,116.9
2026/7/12,15:54:46,126.8
2026/7/12,15:56:06,136.8
2026/7/12,15:57:56,147.0
2026/7/12,16:00:13,157.5
2026/7/12,16:01:43,167.7
2026/7/12,16:03:01,177.8
2026/7/12,16:05:35,187.5
2026/7/12,16:06:54,196.9
2026/7/12,16:08:16,207.3
2026/7/12,16:10:45,217.5
2026/7/12,16:12:12,227.0
2026/7/12,16:13:38,236.9
2026/7/12,16:15:56,247.4
2026/7/12,16:17:23,256.8
2026/7/12,16:18:48,266.7
2026/7/12,16:21:08,277.2
2026/7/12,16:22:36,286.3
2026/7/12,16:24:01,296.6
2026/7/12,16:26:32,306.6
2026/7/12,16:28:02,316.3
2026/7/12,16:29:20,327.1
2026/7/12,16:31:51,336.3
2026/7/12,17:22:09,96.9
2026/7/12,17:23:29,106.9
2026/7/12,17:25:08,116.8
2026/7/12,17:27:04,126.7
2026/7/12,17:28:23,136.8
2026/7/12,17:29:42,147.0
2026/7/12,17:31:59,157.5
2026/7/12,17:33:18,167.8
2026/7/12,17:34:37,177.8
2026/7/12,17:37:04,187.2
2026/7/12,17:38:12,196.9
2026/7/12,17:39:37,207.3
2026/7/12,17:42:03,217.5
2026/7/12,17:43:44,227.1
2026/7/12,17:45:09,236.8
2026/7/12,17:47:05,247.3
2026/7/12,17:48:25,256.7
2026/7/12,17:49:44,266.7
2026/7/12,17:51:59,277.2
2026/7/12,17:53:20,286.2
2026/7/12,17:54:37,296.7
2026/7/12,17:56:54,306.6
2026/7/12,17:58:15,316.4
2026/7/12,17:59:33,327.1
2026/7/12,18:01:49,336.7
2026/7/12,18:53:46,96.9
2026/7/12,18:55:15,106.9
2026/7/12,18:56:40,116.9
2026/7/12,18:59:14,126.7
2026/7/12,19:00:43,136.8
2026/7/12,19:02:01,147.0
2026/7/12,19:04:18,157.5
2026/7/12,19:05:37,167.8
2026/7/12,19:07:20,177.9
2026/7/12,19:09:13,187.2
2026/7/12,19:10:55,196.9
2026/7/12,19:11:51,207.3
2026/7/12,19:14:07,217.5
2026/7/12,19:15:28,227.0
2026/7/12,19:16:46,236.8
2026/7/12,19:19:02,247.3
2026/7/12,19:20:23,256.7
2026/7/12,19:22:12,266.7
2026/7/12,19:24:13,277.2
2026/7/12,19:25:47,286.2
2026/7/12,19:27:13,296.7
2026/7/12,19:29:17,306.6
2026/7/12,19:30:37,316.3
2026/7/12,19:32:17,327.0
2026/7/12,19:34:12,336.6
2026/7/12,20:58:59,96.9
2026/7/12,22:28:23,96.9
2026/7/12,22:29:43,106.9
2026/7/12,22:31:08,116.9
2026/7/12,22:33:32,126.8
2026/7/12,22:35:02,136.8
2026/7/12,22:36:27,146.9
2026/7/12,22:38:36,157.5
2026/7/12,22:40:12,167.7
2026/7/12,22:41:38,177.9
2026/7/12,22:43:40,187.3
2026/7/12,22:45:14,196.9
2026/7/12,22:46:40,207.3
2026/7/12,22:49:01,217.5
2026/7/12,22:50:27,227.0
2026/7/12,22:51:48,236.9
2026/7/12,22:54:10,247.4
2026/7/12,22:55:31,256.9
2026/7/12,22:57:05,266.8
2026/7/12,22:59:15,277.2
2026/7/12,23:00:49,286.2
2026/7/12,23:02:15,296.7
2026/7/12,23:04:20,306.7
2026/7/12,23:05:54,316.4
2026/7/12,23:07:20,327.1
2026/7/12,23:09:24,336.6
2026/7/12,23:50:42,136.8
2026/7/12,23:50:59,147.0
2026/7/12,23:55:02,157.4
2026/7/12,23:55:56,167.7
2026/7/13,01:23:47,96.9
2026/7/13,01:26:28,106.9
2026/7/13,01:27:51,116.8
2026/7/13,01:29:12,126.7
2026/7/13,01:31:41,136.8
2026/7/13,01:33:01,147.0
2026/7/13,01:34:32,157.5
2026/7/13,01:36:46,167.7
2026/7/13,01:38:20,177.8
2026/7/13,01:39:44,187.3
2026/7/13,01:42:10,196.9
2026/7/13,01:43:41,247.4
2026/7/13,01:45:00,256.7
2026/7/13,01:47:27,266.7
2026/7/13,01:48:49,277.1
2026/7/13,01:50:14,286.2
2026/7/13,01:52:35,296.7
2026/7/13,01:53:57,306.6
2026/7/13,01:55:31,316.4
2026/7/13,01:57:42,327.0
2026/7/13,01:59:04,336.6
2026/7/13,03:27:19,96.9
2026/7/13,03:28:40,106.9
2026/7/13,03:31:02,116.8
2026/7/13,03:32:22,126.7
2026/7/13,03:33:55,136.8
2026/7/13,03:36:12,147.0
2026/7/13,03:37:40,157.5
2026/7/13,03:39:06,167.7
2026/7/13,03:41:23,177.8
2026/7/13,03:42:50,187.3
2026/7/13,03:44:15,196.9
2026/7/13,03:46:32,207.3
2026/7/13,03:48:00,217.6
2026/7/13,03:49:26,227.0
2026/7/13,03:52:02,236.8
2026/7/13,03:53:31,247.3
2026/7/13,03:54:50,256.8
2026/7/13,03:57:23,266.8
2026/7/13,03:58:43,277.1
2026/7/13,04:00:06,286.3
2026/7/13,04:02:32,296.7
2026/7/13,04:04:02,306.6
2026/7/13,04:05:28,316.4
2026/7/13,04:07:43,327.0
2026/7/13,04:09:11,336.4
2026/7/13,05:38:45,96.9
2026/7/13,05:40:04,106.9
2026/7/13,05:42:39,116.8
2026/7/13,05:43:59,126.7
2026/7/13,05:45:20,136.8
2026/7/13,05:47:50,147.0
2026/7/13,05:49:18,157.5
2026/7/13,05:50:43,167.8
2026/7/13,05:53:04,177.8
2026/7/13,05:54:33,187.3
2026/7/13,05:55:54,196.9
2026/7/13,05:58:15,207.3
2026/7/13,05:59:41,217.5
2026/7/13,06:01:06,226.9
2026/7/13,06:03:43,236.9
2026/7/13,06:05:09,247.4
2026/7/13,06:06:27,256.8
2026/7/13,06:09:02,266.7
2026/7/13,06:10:22,277.1
2026/7/13,06:11:47,286.3
2026/7/13,06:14:15,296.6
2026/7/13,06:15:40,306.6
2026/7/13,06:17:05,316.4
2026/7/13,06:19:26,327.0
2026/7/13,06:20:54,336.3
2026/7/13,06:54:39,96.9
2026/7/13,06:56:15,106.9
2026/7/13,06:57:41,116.9
2026/7/13,06:59:48,126.8
2026/7/13,07:01:08,136.9
2026/7/13,07:02:43,147.0
2026/7/13,07:04:56,157.5
2026/7/13,07:06:31,167.7
2026/7/13,07:07:56,177.8
2026/7/13,07:10:07,187.3
2026/7/13,07:12:16,196.9
2026/7/13,07:13:00,207.3
2026/7/13,07:15:14,217.4
2026/7/13,07:16:44,227.0
2026/7/13,07:18:09,236.9
2026/7/13,07:20:37,247.3
2026/7/13,07:22:06,256.8
2026/7/13,07:23:25,266.7
2026/7/13,07:25:54,277.2
2026/7/13,07:27:14,286.2
2026/7/13,07:28:41,296.7
2026/7/13,07:31:04,306.6
2026/7/13,07:32:34,316.3
2026/7/13,07:33:59,327.1
2026/7/13,07:36:13,336.3
2026/7/13,08:27:40,96.9
2026/7/13,08:29:00,106.9
2026/7/13,08:30:19,117.0
2026/7/13,08:32:40,126.7
2026/7/13,08:34:00,136.8
2026/7/13,08:35:49,147.0
2026/7/13,08:38:03,157.5
2026/7/13,08:39:32,167.7
2026/7/13,08:40:55,177.8
2026/7/13,08:43:15,187.3
2026/7/13,08:44:33,196.9
2026/7/13,08:46:07,207.3
2026/7/13,08:48:17,217.5
2026/7/13,08:49:52,227.0
2026/7/13,08:51:17,236.9
2026/7/13,08:53:20,247.4
2026/7/13,08:54:55,256.8
2026/7/13,08:56:21,266.7
2026/7/13,08:58:24,277.2
2026/7/13,08:59:59,286.3
2026/7/13,09:01:24,296.7
2026/7/13,09:03:43,306.6
2026/7/13,09:05:12,316.3
2026/7/13,09:06:34,327.0
2026/7/13,09:08:55,336.5
2026/7/13,10:36:20,96.9
2026/7/13,10:37:53,106.9
2026/7/13,10:39:19,116.8
2026/7/13,10:41:25,126.7
2026/7/13,10:42:59,136.8
2026/7/13,10:44:24,147.0
2026/7/13,10:46:48,157.5
2026/7/13,10:48:17,167.7
2026/7/13,10:49:37,177.8
2026/7/13,10:52:02,187.4
2026/7/13,10:53:21,196.9
2026/7/13,10:54:51,207.3
2026/7/13,10:57:05,217.5
2026/7/13,10:58:40,226.8
2026/7/13,11:00:05,236.9
2026/7/13,11:02:08,247.4
2026/7/13,11:03:44,256.8
2026/7/13,11:05:09,266.7
2026/7/13,11:07:12,277.2
2026/7/13,11:08:48,286.2
2026/7/13,11:10:13,296.7
2026/7/13,11:12:33,306.6
2026/7/13,11:14:02,316.4
2026/7/13,11:15:23,327.1
2026/7/13,11:17:44,336.6
2026/7/13,12:43:44,96.9
2026/7/13,12:45:03,106.9
2026/7/13,12:46:22,116.8
2026/7/13,12:48:40,126.7
2026/7/13,12:50:00,136.8
2026/7/13,12:51:26,147.0
2026/7/13,12:54:01,157.5
2026/7/13,12:55:30,167.7
2026/7/13,12:56:50,177.8
2026/7/13,12:59:15,187.3
2026/7/13,13:00:35,196.9
2026/7/13,13:02:04,207.3
2026/7/13,13:04:20,217.5
2026/7/13,13:05:54,226.9
2026/7/13,13:07:19,236.8
2026/7/13,13:09:25,247.4
2026/7/13,13:10:58,256.8
2026/7/13,13:12:24,266.7
2026/7/13,13:14:30,277.2
2026/7/13,13:16:03,286.2
2026/7/13,13:17:29,296.7
2026/7/13,13:19:50,306.7
2026/7/13,13:21:20,316.4
2026/7/13,13:22:41,327.0
2026/7/13,13:25:07,336.3
2026/7/13,14:15:08,97.0
2026/7/13,14:16:28,107.0
2026/7/13,14:17:46,117.0
2026/7/13,14:20:02,126.8
2026/7/13,14:21:21,136.8
2026/7/13,14:22:40,147.0
2026/7/13,14:24:55,157.5
2026/7/13,14:26:15,167.8
2026/7/13,14:27:34,177.8
2026/7/13,14:29:49,187.3
2026/7/13,14:31:10,196.9
2026/7/13,14:32:34,207.3
2026/7/13,14:34:58,217.5
2026/7/13,14:36:42,226.7
2026/7/13,14:38:08,236.8
2026/7/13,14:40:02,247.4
2026/7/13,14:41:22,256.7
2026/7/13,14:42:41,266.7
2026/7/13,14:44:56,277.2
2026/7/13,14:46:17,286.2
2026/7/13,14:47:34,296.7
2026/7/13,14:49:50,306.7
2026/7/13,14:51:11,316.4
2026/7/13,14:52:29,327.1
2026/7/13,14:54:44,336.7
2026/7/13,16:19:46,96.9
2026/7/13,16:21:06,106.9
2026/7/13,16:22:46,116.8
2026/7/13,16:24:40,126.7
2026/7/13,16:26:00,136.8
2026/7/13,16:27:18,147.0
2026/7/13,16:29:40,157.5
2026/7/13,16:31:20,167.7
2026/7/13,16:32:18,177.9
2026/7/13,16:34:42,187.3
2026/7/13,16:36:18,196.8
2026/7/13,16:37:43,207.3
2026/7/13,16:40:00,217.5
2026/7/13,16:41:27,226.9
2026/7/13,16:42:51,236.9
2026/7/13,16:45:07,247.4
2026/7/13,16:46:28,256.7
2026/7/13,16:48:04,266.7
2026/7/13,16:50:10,277.2
2026/7/13,16:51:47,286.2
2026/7/13,16:53:12,296.6
2026/7/13,16:55:10,306.7
2026/7/13,16:56:49,316.4
2026/7/13,16:57:50,327.1
2026/7/13,17:00:11,336.6
2026/7/13,18:25:24,96.9
2026/7/13,18:26:44,106.9
2026/7/13,18:28:23,116.8
2026/7/13,18:30:27,126.7
2026/7/13,18:32:02,136.8
2026/7/13,18:33:27,147.0
2026/7/13,18:35:33,157.5
2026/7/13,18:37:05,167.7
2026/7/13,18:38:31,177.8
2026/7/13,18:40:38,187.3
2026/7/13,18:42:11,196.9
2026/7/13,18:43:36,207.3
2026/7/13,18:45:55,217.6
2026/7/13,18:47:22,227.0
2026/7/13,18:48:47,236.8
2026/7/13,18:51:05,247.3
2026/7/13,18:52:25,256.8
2026/7/13,18:53:59,266.6
2026/7/13,18:56:11,277.2
2026/7/13,18:57:44,286.3
2026/7/13,18:59:09,296.7
2026/7/13,19:01:14,306.6
2026/7/13,19:02:50,316.4
2026/7/13,19:03:53,327.0
2026/7/13,19:06:18,336.6
2026/7/13,20:24:04,96.9
2026/7/13,20:26:28,106.9
2026/7/13,20:28:02,116.8
2026/7/13,20:29:28,126.7
2026/7/13,20:31:29,136.8
2026/7/13,20:32:49,147.0
2026/7/13,20:34:07,157.5
2026/7/13,20:36:23,167.7
2026/7/13,20:37:43,177.8
2026/7/13,20:39:02,187.3
2026/7/13,20:41:16,196.9
2026/7/13,20:42:37,207.3
2026/7/13,20:43:55,217.6
2026/7/13,20:46:10,227.0
2026/7/13,20:47:31,236.8
2026/7/13,20:48:55,247.4
2026/7/13,20:51:17,256.8
2026/7/13,20:52:54,266.8
2026/7/13,20:54:19,277.2
2026/7/13,20:56:21,286.2
2026/7/13,20:57:41,296.6
2026/7/13,20:59:22,306.6
2026/7/13,21:01:15,316.4
2026/7/13,21:02:36,327.0
2026/7/13,21:03:54,336.6
2026/7/13,22:31:13,96.9
2026/7/13,22:33:29,106.9
2026/7/13,22:34:58,126.7
2026/7/13,22:36:20,136.8
2026/7/13,22:38:32,147.0
2026/7/13,22:39:52,157.4
2026/7/13,22:41:33,167.7
2026/7/13,22:43:27,187.3
2026/7/13,22:44:46,207.3
2026/7/13,22:46:06,217.4
2026/7/13,22:48:20,227.0
2026/7/13,22:49:41,236.8
2026/7/13,22:50:59,247.4
2026/7/13,22:53:14,256.7
2026/7/13,22:54:35,266.7
2026/7/13,22:55:59,277.2
2026/7/13,22:58:23,286.2
2026/7/13,22:59:57,296.6
2026/7/13,23:01:22,306.6
2026/7/13,23:03:28,316.4
2026/7/13,23:04:48,327.1
2026/7/14,06:20:51,96.9
2026/7/14,06:21:07,107.0
2026/7/14,06:25:51,116.9
2026/7/14,06:26:29,126.7
2026/7/14,10:58:13,136.8
2026/7/14,10:58:30,147.0
2026/7/14,11:02:40,157.5
2026/7/14,11:03:31,167.7
2026/7/14,12:06:14,266.7
2026/7/14,12:06:31,277.2
2026/7/14,12:10:41,286.2
2026/7/14,12:11:33,296.6
2026/7/14,13:58:01,96.9
2026/7/14,13:59:22,107.0
2026/7/14,14:00:41,116.9
2026/7/14,14:02:00,126.8
2026/7/14,14:03:18,136.8
2026/7/14,14:04:39,147.0
2026/7/14,14:06:00,157.5
2026/7/14,14:07:24,167.7
2026/7/14,14:08:48,177.9
2026/7/14,14:10:12,187.3
2026/7/14,14:11:36,196.8
2026/7/14,14:13:00,207.3
2026/7/14,14:14:22,217.5
2026/7/14,14:15:46,227.1
2026/7/14,14:17:10,236.9
2026/7/14,14:18:34,247.3
2026/7/14,14:19:58,256.8
2026/7/14,14:21:23,266.7
2026/7/14,14:22:46,277.2
2026/7/14,14:24:09,286.2
2026/7/14,14:25:34,296.6
2026/7/14,14:26:57,306.6
2026/7/14,14:28:21,316.4
2026/7/14,14:29:45,327.1
2026/7/14,14:31:09,336.6
2026/7/14,15:42:28,96.9
2026/7/14,15:43:52,106.9
2026/7/14,15:45:18,116.8
2026/7/14,15:46:40,126.7
2026/7/14,15:48:04,136.8
2026/7/14,15:49:28,147.0
2026/7/14,15:50:52,157.5
2026/7/14,15:52:16,167.8
2026/7/14,15:53:41,177.8
2026/7/14,15:55:05,187.3
2026/7/14,15:56:28,196.9
2026/7/14,15:57:52,207.2
2026/7/14,15:59:15,217.5
2026/7/14,16:00:39,226.8
2026/7/14,16:02:03,236.9
2026/7/14,16:03:44,247.4
2026/7/14,16:04:59,256.7
2026/7/14,16:06:23,266.7
2026/7/14,16:07:47,277.2
2026/7/14,16:09:11,286.2
2026/7/14,16:10:36,296.6
2026/7/14,16:12:00,306.7
2026/7/14,16:13:28,316.3
2026/7/14,16:14:47,327.1
2026/7/14,16:16:12,336.6
2026/7/14,16:56:45,96.9
2026/7/14,16:58:10,107.0
2026/7/14,16:59:34,116.8
2026/7/14,17:00:58,126.7
2026/7/14,17:02:22,136.8
2026/7/14,17:03:46,147.0
2026/7/14,17:05:10,157.5
2026/7/14,17:06:34,167.8
2026/7/14,17:07:58,177.8
2026/7/14,17:09:41,187.3
2026/7/14,17:10:44,196.9
2026/7/14,17:12:08,207.3
2026/7/14,17:13:53,217.5
2026/7/14,17:14:55,226.8
2026/7/14,17:16:19,236.9
2026/7/14,17:17:43,247.4
2026/7/14,17:19:07,256.7
2026/7/14,17:20:31,266.7
2026/7/14,17:21:55,277.2
2026/7/14,17:23:19,286.2
2026/7/14,17:24:43,296.7
2026/7/14,17:26:07,306.6
2026/7/14,17:27:31,316.3
2026/7/14,17:28:55,327.0
2026/7/14,17:30:19,336.2
2026/7/14,18:41:37,96.9
2026/7/14,18:43:01,106.9
2026/7/14,18:44:25,116.9
2026/7/14,18:46:30,126.8
2026/7/14,18:47:14,136.8
2026/7/14,18:48:37,147.0
2026/7/14,18:50:01,157.5
2026/7/14,18:51:25,167.7
2026/7/14,18:52:49,177.8
2026/7/14,18:54:13,187.3
2026/7/14,18:55:37,196.9
2026/7/14,18:57:01,207.3
2026/7/14,18:58:23,217.5
2026/7/14,18:59:47,226.9
2026/7/14,19:01:13,236.8
2026/7/14,19:02:35,247.4
2026/7/14,19:03:59,256.8
2026/7/14,19:05:22,266.7
2026/7/14,19:06:46,277.2
2026/7/14,19:08:10,286.2
2026/7/14,19:09:34,296.7
2026/7/14,19:10:58,306.7
2026/7/14,19:12:22,316.4
2026/7/14,19:13:46,327.0
2026/7/14,19:15:10,336.5
2026/7/14,20:20:52,96.9
2026/7/14,20:22:16,106.9
2026/7/14,20:23:40,116.8
2026/7/14,20:25:08,126.7
2026/7/14,20:26:28,136.8
2026/7/14,20:27:52,147.0
2026/7/14,20:29:16,157.5
2026/7/14,20:30:40,167.7
2026/7/14,20:32:04,177.8
2026/7/14,20:33:28,187.3
2026/7/14,20:34:53,196.9
2026/7/14,20:36:17,207.3
2026/7/14,20:37:40,217.6
2026/7/14,20:39:04,227.0
2026/7/14,20:40:28,236.8
2026/7/14,20:41:52,247.4
2026/7/14,20:43:15,256.8
2026/7/14,20:44:39,266.7
2026/7/14,20:46:03,277.2
2026/7/14,20:47:27,286.2
2026/7/14,20:48:51,296.7
2026/7/14,20:50:15,306.6
2026/7/14,20:51:39,316.4
2026/7/14,20:53:05,327.0
2026/7/14,20:54:27,336.3
2026/7/14,22:05:47,96.9
2026/7/14,22:07:11,106.9
2026/7/14,22:08:35,116.9
2026/7/14,22:09:59,126.7
2026/7/14,22:11:22,136.8
2026/7/14,22:12:47,147.0
2026/7/14,22:14:11,157.5
2026/7/14,22:15:35,167.7
2026/7/14,22:16:59,177.8
2026/7/14,22:18:23,187.3
2026/7/14,22:19:47,196.9
2026/7/14,22:21:12,207.3
2026/7/14,22:22:55,217.5
2026/7/14,22:23:58,226.8
2026/7/14,22:25:22,236.9
2026/7/14,22:26:46,247.3
2026/7/14,22:28:10,256.8
2026/7/14,22:29:34,266.7
2026/7/14,22:30:57,277.2
2026/7/14,22:32:21,286.2
2026/7/14,22:33:45,296.7
2026/7/14,22:35:09,306.7
2026/7/14,22:36:33,316.3
2026/7/14,22:37:57,327.1
2026/7/14,22:39:21,336.2
2026/7/14,23:50:38,96.9
2026/7/14,23:52:02,106.9
2026/7/14,23:53:26,116.8
2026/7/14,23:54:50,126.7
2026/7/14,23:56:14,136.8
2026/7/14,23:57:38,147.0
2026/7/14,23:59:02,157.5
2026/7/15,00:00:25,167.7
2026/7/15,00:01:50,177.8
2026/7/15,00:03:13,187.3
2026/7/15,00:04:38,196.9
2026/7/15,00:06:01,207.3
2026/7/15,00:07:24,217.5
2026/7/15,00:08:48,227.0
2026/7/15,00:10:12,236.8
2026/7/15,00:11:36,247.4
2026/7/15,00:13:00,256.8
2026/7/15,00:14:24,266.7
2026/7/15,00:15:48,277.2
2026/7/15,00:17:12,286.2
2026/7/15,00:18:36,296.6
2026/7/15,00:20:00,306.6
2026/7/15,00:21:24,316.4
2026/7/15,00:22:48,327.1
2026/7/15,00:24:12,336.2
2026/7/15,01:35:30,96.9
2026/7/15,01:36:54,106.9
2026/7/15,01:38:18,116.8
2026/7/15,01:39:42,126.7
2026/7/15,01:41:06,136.8
2026/7/15,01:42:30,146.9
2026/7/15,01:43:54,157.5
2026/7/15,01:45:18,167.7
2026/7/15,01:46:42,177.8
2026/7/15,01:48:06,187.3
2026/7/15,01:49:30,196.9
2026/7/15,01:50:54,207.3
2026/7/15,01:52:17,217.5
2026/7/15,01:53:41,227.0
2026/7/15,01:55:05,236.8
2026/7/15,01:56:29,247.4
2026/7/15,01:57:53,256.7
2026/7/15,01:59:17,266.7
2026/7/15,02:00:43,277.2
2026/7/15,02:02:05,286.3
2026/7/15,02:03:29,296.6
2026/7/15,02:04:53,306.6
2026/7/15,02:06:17,316.4
2026/7/15,02:07:41,327.1
2026/7/15,02:09:05,336.7
2026/7/15,10:06:13,217.4
2026/7/15,10:06:30,227.1
2026/7/15,10:09:49,236.9
2026/7/15,10:10:40,247.3
2026/7/15,11:19:30,96.9
2026/7/15,11:20:54,106.9
2026/7/15,11:22:17,116.8
2026/7/15,11:23:41,126.7
2026/7/15,11:25:06,136.8
2026/7/15,11:26:30,146.9
2026/7/15,11:27:54,157.5
2026/7/15,11:29:18,167.7
2026/7/15,11:30:42,177.8
2026/7/15,11:32:06,187.3
2026/7/15,11:33:30,196.9
2026/7/15,11:34:54,207.3
2026/7/15,11:36:38,217.5
2026/7/15,11:37:41,227.1
2026/7/15,11:39:05,236.8
2026/7/15,11:40:29,247.3
2026/7/15,11:41:52,256.7
2026/7/15,11:43:16,266.7
2026/7/15,11:44:40,277.2
2026/7/15,11:46:04,286.2
2026/7/15,11:47:28,296.6
2026/7/15,11:48:52,306.6
2026/7/15,11:50:16,316.3
2026/7/15,11:51:39,327.0
2026/7/15,11:53:03,336.2
2026/7/15,13:04:23,96.9
2026/7/15,13:05:47,106.8
2026/7/15,13:07:11,116.8
2026/7/15,13:08:35,126.7
2026/7/15,13:09:59,136.8
2026/7/15,13:11:23,147.0
2026/7/15,13:12:47,157.5
2026/7/15,13:14:11,167.7
2026/7/15,13:15:35,177.8
2026/7/15,13:16:59,187.3
2026/7/15,13:18:23,196.9
2026/7/15,13:19:47,207.3
2026/7/15,13:21:10,217.6
2026/7/15,13:22:34,227.0
2026/7/15,13:23:57,236.9
2026/7/15,13:25:22,247.4
2026/7/15,13:26:46,256.8
2026/7/15,13:28:14,266.8
2026/7/15,13:29:34,277.2
2026/7/15,13:30:57,286.3
2026/7/15,13:32:21,296.7
2026/7/15,13:33:45,306.7
2026/7/15,13:35:09,316.4
2026/7/15,13:36:33,327.0
2026/7/15,13:37:57,336.2
2026/7/15,14:19:54,96.9
2026/7/15,14:21:18,106.9
2026/7/15,14:22:42,116.8
2026/7/15,14:24:06,126.7
2026/7/15,14:25:30,136.8
2026/7/15,14:26:54,147.0
2026/7/15,14:28:18,157.5
2026/7/15,14:29:42,167.7
2026/7/15,14:31:06,177.8
2026/7/15,14:32:30,187.3
2026/7/15,14:33:54,196.9
2026/7/15,14:35:18,207.3
2026/7/15,14:37:02,217.5
2026/7/15,14:38:04,227.0
2026/7/15,14:39:28,236.9
2026/7/15,14:40:52,247.4
2026/7/15,14:42:16,256.7
2026/7/15,14:43:40,266.7
2026/7/15,14:45:04,277.2
2026/7/15,14:46:28,286.2
2026/7/15,14:47:52,296.7
2026/7/15,14:49:16,306.5
2026/7/15,14:50:40,316.4
2026/7/15,14:52:05,327.1
2026/7/15,14:53:28,336.3
2026/7/15,16:04:46,96.9
2026/7/15,17:19:11,96.9
2026/7/15,17:20:33,107.0
2026/7/15,17:21:57,116.9
2026/7/15,17:23:21,126.7
2026/7/15,17:24:45,136.8
2026/7/15,17:26:09,146.9
2026/7/15,17:27:33,157.5
2026/7/15,17:28:57,167.7
2026/7/15,17:30:21,177.8
2026/7/15,17:31:45,187.3
2026/7/15,17:33:09,196.9
2026/7/15,17:34:33,207.3
2026/7/15,17:35:56,217.5
2026/7/15,17:37:19,227.0
2026/7/15,17:38:43,236.9
2026/7/15,17:40:07,247.3
2026/7/15,17:41:31,256.7
2026/7/15,17:42:55,266.8
2026/7/15,17:44:19,277.2
2026/7/15,17:45:42,286.2
2026/7/15,17:47:06,296.6
2026/7/15,17:48:31,306.7
2026/7/15,17:49:55,316.4
2026/7/15,17:51:19,327.1
2026/7/15,17:52:43,336.6
2026/7/15,18:34:38,96.9
2026/7/15,18:36:02,106.9
2026/7/15,18:37:26,116.8
2026/7/15,18:38:53,126.7
2026/7/15,18:40:14,136.8
2026/7/15,18:41:38,147.0
2026/7/15,18:43:02,157.4
2026/7/15,18:44:26,167.7
2026/7/15,18:45:50,177.8
2026/7/15,18:47:14,187.3
2026/7/15,18:48:38,196.9
2026/7/15,18:50:02,207.3
2026/7/15,18:51:25,217.5
2026/7/15,18:52:49,227.0
2026/7/15,18:54:13,236.8
2026/7/15,18:55:37,247.4
2026/7/15,18:57:00,256.9
2026/7/15,18:58:24,266.7
2026/7/15,18:59:49,277.2
2026/7/15,19:01:12,286.2
2026/7/15,19:02:37,296.7
2026/7/15,19:04:01,306.6
2026/7/15,19:05:24,316.4
2026/7/15,19:06:49,327.1
2026/7/15,19:08:12,336.6
2026/7/15,19:50:10,96.9
2026/7/15,19:51:34,106.9
2026/7/15,19:52:58,116.9
2026/7/15,19:54:22,126.7
2026/7/15,19:55:46,136.8
2026/7/15,19:57:10,147.0
2026/7/15,19:58:34,157.4
2026/7/15,19:59:58,167.8
2026/7/15,20:01:21,177.8
2026/7/15,20:02:49,187.3
2026/7/15,20:04:09,196.9
2026/7/15,20:05:32,207.3
2026/7/15,20:06:56,217.5
2026/7/15,20:08:20,226.9
2026/7/15,20:09:43,236.8
2026/7/15,20:11:07,247.4
2026/7/15,20:12:31,256.8
2026/7/15,20:13:55,266.7
2026/7/15,20:15:19,277.2
2026/7/15,20:16:43,286.2
2026/7/15,20:18:07,296.7
2026/7/15,20:19:31,306.5
2026/7/15,20:20:55,316.4
2026/7/15,20:22:19,327.1
2026/7/15,20:23:43,336.6
2026/7/15,22:20:44,207.3
2026/7/15,22:21:01,217.5
2026/7/15,22:25:05,227.0
2026/7/15,22:25:56,236.8
2026/7/16,02:37:45,247.3
2026/7/16,02:38:02,256.7
2026/7/16,02:42:13,266.7
2026/7/16,02:43:04,277.2
2026/7/16,04:06:15,247.3
2026/7/16,04:06:32,256.8
2026/7/16,04:10:07,266.7
2026/7/16,04:10:57,277.2
2026/7/16,06:06:44,256.8
2026/7/16,06:07:01,266.7
2026/7/16,06:10:20,277.2
2026/7/16,06:11:28,286.2
2026/7/16,06:56:54,96.9
2026/7/16,06:58:29,106.9
2026/7/16,07:00:00,116.8
2026/7/16,07:01:33,126.8
2026/7/16,07:02:54,136.8
2026/7/16,07:04:16,147.0
2026/7/16,07:05:40,157.5
2026/7/16,07:07:04,167.7
2026/7/16,07:08:28,177.8
2026/7/16,07:09:51,187.3
2026/7/16,07:11:15,196.9
2026/7/16,07:12:39,207.3
2026/7/16,07:14:02,217.5
2026/7/16,07:15:26,226.7
2026/7/16,07:16:50,236.9
2026/7/16,07:18:14,247.5
2026/7/16,07:19:38,256.8
2026/7/16,07:20:34,266.7
2026/7/16,07:21:52,277.2
2026/7/16,07:23:11,286.2
2026/7/16,07:24:31,296.6
2026/7/16,07:25:50,306.6
2026/7/16,07:27:09,316.4
2026/7/16,07:28:27,327.1
2026/7/16,07:29:47,336.3
2026/7/16,10:59:14,247.3
2026/7/16,10:59:32,256.8
2026/7/16,11:02:58,266.7
2026/7/16,11:03:50,277.2
2026/7/16,12:12:38,96.9
2026/7/16,12:14:02,106.9
2026/7/16,12:15:26,116.8
2026/7/16,12:16:50,126.7
2026/7/16,12:18:14,136.8
2026/7/16,12:19:38,147.0
2026/7/16,12:21:02,157.5
2026/7/16,12:22:26,167.7
2026/7/16,12:23:50,177.8
2026/7/16,12:25:14,187.3
2026/7/16,12:26:38,196.9
2026/7/16,12:28:02,207.3
2026/7/16,12:29:25,217.5
2026/7/16,12:30:49,227.1
2026/7/16,12:32:13,236.9
2026/7/16,12:33:36,247.4
2026/7/16,12:35:00,256.9
2026/7/16,12:36:24,266.8
2026/7/16,12:37:48,277.2
2026/7/16,12:39:12,286.2
2026/7/16,12:40:36,296.7
2026/7/16,12:42:00,306.6
2026/7/16,12:43:24,316.3
2026/7/16,12:44:48,327.1
2026/7/16,12:46:11,336.3
2026/7/16,13:57:28,96.9
2026/7/16,13:58:52,106.9
2026/7/16,14:00:16,116.8
2026/7/16,14:01:40,126.7
2026/7/16,14:03:04,136.8
2026/7/16,14:04:27,147.0
2026/7/16,14:05:52,157.4
2026/7/16,14:07:16,167.7
2026/7/16,14:08:40,177.8
2026/7/16,14:10:03,187.3
2026/7/16,14:11:27,196.9
2026/7/16,14:12:51,207.3
2026/7/16,14:14:35,217.5
2026/7/16,14:15:38,227.0
2026/7/16,14:17:02,236.9
2026/7/16,14:18:26,247.4
2026/7/16,14:19:50,256.7
2026/7/16,14:21:16,266.7
2026/7/16,14:22:37,277.2
2026/7/16,14:24:01,286.3
2026/7/16,14:25:25,296.7
2026/7/16,14:26:49,306.7
2026/7/16,14:28:13,316.4
2026/7/16,14:29:37,327.0
2026/7/16,14:31:01,336.6
2026/7/16,15:42:21,96.9
2026/7/16,16:02:44,96.9
2026/7/16,16:03:21,106.9
2026/7/16,16:03:39,116.9
2026/7/16,16:04:45,126.8
2026/7/16,17:13:33,96.9
2026/7/16,17:14:57,106.9
2026/7/16,17:16:21,116.9
2026/7/16,17:17:45,126.8
2026/7/16,17:19:09,136.8
2026/7/16,17:20:33,147.0
2026/7/16,17:21:57,157.4
2026/7/16,17:23:21,167.7
2026/7/16,17:24:45,177.8
2026/7/16,17:26:09,187.5
2026/7/16,17:27:33,196.9
2026/7/16,17:28:57,207.3
2026/7/16,17:30:40,217.6
2026/7/16,17:31:43,227.1
2026/7/16,17:33:07,236.9
2026/7/16,17:34:31,247.3
2026/7/16,17:35:54,256.8
2026/7/16,17:37:18,266.7
2026/7/16,17:38:42,277.2
2026/7/16,17:40:06,286.2
2026/7/16,17:41:30,296.7
2026/7/16,17:42:54,306.6
2026/7/16,17:44:18,316.4
2026/7/16,17:45:42,327.1
2026/7/16,17:47:06,336.5
2026/7/16,18:58:26,96.9
2026/7/16,18:59:50,106.9
2026/7/16,19:01:14,116.9
2026/7/16,19:02:38,126.7
2026/7/16,19:04:02,136.8
2026/7/16,19:40:23,96.9
2026/7/16,19:41:46,106.9
2026/7/16,19:43:10,116.8
2026/7/16,19:44:34,126.7
2026/7/16,19:45:58,136.8
2026/7/16,19:47:22,147.0
2026/7/16,19:48:47,157.5
2026/7/16,19:50:11,167.7
2026/7/16,19:51:35,177.8
2026/7/16,19:52:59,187.3
2026/7/16,19:54:23,196.9
2026/7/16,19:56:08,207.3
2026/7/16,19:57:10,217.5
2026/7/16,19:58:34,227.0
2026/7/16,19:59:58,236.8
2026/7/16,20:01:22,247.4
2026/7/16,20:02:45,256.7
2026/7/16,20:04:09,266.7
2026/7/16,20:05:33,277.2
2026/7/16,20:06:57,286.2
2026/7/16,20:08:21,296.7
2026/7/16,20:09:45,306.6
2026/7/16,20:11:09,316.4
2026/7/16,20:12:33,327.1
2026/7/16,20:13:57,336.6
2026/7/16,21:25:17,96.9
2026/7/16,21:26:42,106.9
2026/7/16,21:28:05,116.9
2026/7/16,21:29:30,126.7
2026/7/16,21:30:53,136.8
2026/7/16,21:32:17,147.0
2026/7/16,21:33:41,157.4
2026/7/16,21:35:05,167.7
2026/7/16,21:36:29,177.9
2026/7/16,21:37:53,187.2
2026/7/16,21:39:17,196.8
2026/7/16,21:40:41,207.2
2026/7/16,21:42:03,217.6
2026/7/16,21:43:27,227.1
2026/7/16,21:44:51,236.9
2026/7/16,21:46:15,247.4
2026/7/16,21:47:39,256.8
2026/7/16,21:49:03,266.8
2026/7/16,21:50:27,277.2
2026/7/16,21:51:51,286.2
2026/7/16,21:53:14,296.6
2026/7/16,21:54:38,306.6
2026/7/16,21:56:02,316.3
2026/7/16,21:57:26,327.0
2026/7/16,21:58:50,336.5
2026/7/16,22:38:14,286.2
2026/7/16,22:38:31,296.6
2026/7/16,22:42:00,306.5
2026/7/16,22:42:51,316.3
2026/7/16,23:51:39,96.9
2026/7/16,23:53:03,106.9
2026/7/16,23:54:27,116.8
2026/7/16,23:55:51,126.7
2026/7/16,23:57:15,136.8
2026/7/16,23:58:39,147.0
2026/7/17,00:00:03,157.5
2026/7/17,00:01:27,167.7
2026/7/17,00:02:51,177.8
2026/7/17,00:04:15,187.3
2026/7/17,00:05:39,196.9
2026/7/17,00:07:03,207.3
2026/7/17,00:08:29,217.6
2026/7/17,00:09:50,227.1
2026/7/17,00:11:14,236.8
2026/7/17,00:12:38,247.3
2026/7/17,00:14:01,256.8
2026/7/17,00:15:26,266.7
2026/7/17,00:16:49,277.2
2026/7/17,00:18:13,286.2
2026/7/17,00:19:37,296.6
2026/7/17,00:21:01,306.6
2026/7/17,00:22:25,316.4
2026/7/17,00:23:49,327.0
2026/7/17,00:25:13,336.6
2026/7/17,00:49:49,96.9
2026/7/17,00:51:08,107.0
2026/7/17,00:52:28,116.9
2026/7/17,00:53:54,126.7
2026/7/17,00:55:18,136.8
2026/7/17,00:56:42,147.0
2026/7/17,00:58:06,157.4
2026/7/17,00:59:06,167.8
2026/7/17,01:00:26,177.9
2026/7/17,01:01:46,187.3
2026/7/17,01:03:07,196.9
2026/7/17,01:04:26,207.3
2026/7/17,01:05:45,217.6
2026/7/17,01:07:03,227.1
2026/7/17,01:08:24,236.9
2026/7/17,01:09:51,247.4
2026/7/17,01:11:21,256.8
2026/7/17,01:12:48,266.7
2026/7/17,01:14:19,277.2
2026/7/17,01:15:38,286.3
2026/7/17,01:16:57,296.7
2026/7/17,01:18:18,306.7
2026/7/17,01:19:38,316.4
2026/7/17,01:20:57,327.1
2026/7/17,01:22:16,336.4
2026/7/17,02:36:03,96.9
2026/7/17,02:37:31,106.9
2026/7/17,02:38:56,116.8
2026/7/17,02:40:25,126.7
2026/7/17,02:41:43,136.8
2026/7/17,02:43:03,146.9
2026/7/17,02:44:21,157.4
2026/7/17,02:45:41,167.7
2026/7/17,02:47:00,177.8
2026/7/17,02:48:24,187.3
2026/7/17,02:49:48,197.0
2026/7/17,02:51:12,207.3
2026/7/17,02:52:35,217.5
2026/7/17,02:53:59,227.0
2026/7/17,02:55:23,236.9
2026/7/17,02:56:47,247.3
2026/7/17,02:58:10,256.7
2026/7/17,02:59:34,266.7
2026/7/17,03:00:58,277.2
2026/7/17,03:02:22,286.3
2026/7/17,03:03:46,296.7
2026/7/17,03:05:10,306.6
2026/7/17,03:06:34,316.4
2026/7/17,03:08:02,327.0
2026/7/17,03:09:22,336.7
2026/7/17,03:47:08,96.9
2026/7/17,03:48:32,106.9
2026/7/17,03:49:56,116.8
2026/7/17,03:51:20,126.7
2026/7/17,03:52:44,136.8
2026/7/17,03:54:08,147.0
2026/7/17,03:55:31,157.4
2026/7/17,03:56:55,167.7
2026/7/17,03:58:20,177.8
2026/7/17,03:59:44,187.3
2026/7/17,04:01:08,196.9
2026/7/17,04:02:32,207.3
2026/7/17,04:03:58,217.5
2026/7/17,04:05:18,227.0
2026/7/17,04:06:42,236.8
2026/7/17,04:08:06,247.3
2026/7/17,04:09:30,256.8
2026/7/17,04:10:53,266.7
2026/7/17,04:12:17,277.1
2026/7/17,04:13:41,286.2
2026/7/17,04:15:05,296.7
2026/7/17,04:16:29,306.6
2026/7/17,04:17:53,316.4
2026/7/17,04:19:17,327.0
2026/7/17,04:20:41,336.2
2026/7/17,05:07:44,147.0
2026/7/17,05:08:15,157.5
2026/7/17,05:11:49,167.8
2026/7/17,05:12:42,196.9
2026/7/17,05:48:20,96.9
2026/7/17,05:49:39,106.9
2026/7/17,05:50:57,116.8
2026/7/17,05:52:16,126.7
2026/7/17,05:53:38,136.8
2026/7/17,05:55:02,147.0
2026/7/17,05:56:26,157.4
2026/7/17,05:57:50,167.7
2026/7/17,05:59:14,177.8
2026/7/17,06:00:38,187.2
2026/7/17,06:02:02,196.9
2026/7/17,06:04:06,207.3
2026/7/17,06:04:48,217.5
2026/7/17,06:06:12,227.1
2026/7/17,06:07:36,236.8
2026/7/17,06:09:00,247.4
2026/7/17,06:10:24,256.8
2026/7/17,06:11:48,266.7
2026/7/17,06:13:12,277.1
2026/7/17,06:14:36,286.2
2026/7/17,06:16:00,296.7
2026/7/17,06:17:23,306.6
2026/7/17,06:18:48,316.3
2026/7/17,06:20:11,327.0
2026/7/17,06:21:36,336.3
2026/7/17,07:02:35,96.9
2026/7/17,07:04:12,107.0
2026/7/17,07:05:47,116.8
2026/7/17,07:07:18,126.8
2026/7/17,07:08:43,136.8
2026/7/17,07:10:13,147.0
2026/7/17,07:11:32,157.5
2026/7/17,07:12:57,167.8
2026/7/17,07:14:22,177.8
2026/7/17,07:15:45,187.5
2026/7/17,07:17:09,196.9
2026/7/17,07:18:06,207.3
2026/7/17,07:19:26,217.5
2026/7/17,07:20:44,227.0
2026/7/17,07:22:03,236.8
2026/7/17,07:23:22,247.4
2026/7/17,07:24:41,257.0
2026/7/17,07:26:01,266.7
2026/7/17,07:27:19,277.2
2026/7/17,07:28:39,286.2
2026/7/17,07:29:57,296.7
2026/7/17,07:31:18,306.7
2026/7/17,07:32:43,316.4
2026/7/17,07:34:11,327.1
2026/7/17,07:35:36,336.7
2026/7/17,08:46:39,107.0
2026/7/17,08:48:03,147.0
2026/7/17,08:49:27,157.4
2026/7/17,08:50:51,167.7
2026/7/17,08:52:15,177.8
2026/7/17,08:53:39,187.4
2026/7/17,08:55:04,217.5
2026/7/17,08:56:27,227.1
2026/7/17,08:57:52,236.8
2026/7/17,10:07:45,96.9
2026/7/17,10:09:09,106.9
2026/7/17,10:10:33,116.9
2026/7/17,10:11:57,126.8
2026/7/17,10:13:20,136.8
2026/7/17,10:14:44,147.0
2026/7/17,10:16:08,157.4
2026/7/17,10:17:32,167.7
2026/7/17,10:18:56,177.8
2026/7/17,10:20:20,187.3
2026/7/17,10:21:45,196.9
2026/7/17,10:23:09,207.3
2026/7/17,10:24:52,217.5
2026/7/17,10:25:55,227.0
2026/7/17,10:27:19,236.9
2026/7/17,10:28:43,247.4
2026/7/17,10:30:06,256.8
2026/7/17,10:31:30,266.7
2026/7/17,10:32:54,277.2
2026/7/17,10:34:18,286.2
2026/7/17,10:35:42,296.6
2026/7/17,10:37:06,306.6
2026/7/17,10:38:30,316.4
2026/7/17,10:39:54,327.1
2026/7/17,10:41:18,336.4
2026/7/17,11:52:37,96.9
2026/7/17,11:54:01,106.9
2026/7/17,11:55:25,116.9
2026/7/17,11:56:49,126.7
2026/7/17,11:58:13,136.8
2026/7/17,11:59:37,147.0
2026/7/17,12:01:01,157.5
2026/7/17,12:02:25,167.8
2026/7/17,12:03:49,177.8
2026/7/17,12:05:14,187.2
2026/7/17,12:06:38,196.9
2026/7/17,12:08:01,207.3
2026/7/17,12:09:23,217.5
2026/7/17,12:10:47,227.0
2026/7/17,12:12:11,236.8
2026/7/17,12:13:35,247.4
2026/7/17,12:14:59,256.7
2026/7/17,12:16:26,266.7
2026/7/17,12:17:47,277.2
2026/7/17,12:19:11,286.3
2026/7/17,12:20:35,296.7
2026/7/17,12:21:59,306.7
2026/7/17,12:23:23,316.4
2026/7/17,12:24:47,327.1
2026/7/17,12:26:11,336.6
2026/7/17,13:37:30,96.9
2026/7/17,13:38:54,106.9
2026/7/17,13:40:20,116.8
2026/7/17,13:41:42,126.7
2026/7/17,13:43:06,136.8
2026/7/17,13:44:30,147.0
2026/7/17,13:45:54,157.5
2026/7/17,13:47:18,167.7
2026/7/17,13:48:42,177.8
2026/7/17,13:50:06,187.3
2026/7/17,13:51:30,196.9
2026/7/17,13:52:54,207.3
2026/7/17,13:54:16,217.5
2026/7/17,13:55:40,227.0
2026/7/17,13:57:04,236.9
2026/7/17,13:58:28,247.4
2026/7/17,13:59:52,256.8
2026/7/17,14:01:16,266.7
2026/7/17,14:02:40,277.2
2026/7/17,14:04:03,286.2
2026/7/17,14:05:27,296.6
2026/7/17,14:06:51,306.6
2026/7/17,14:08:17,316.3
2026/7/17,14:09:38,327.1
2026/7/17,14:11:02,336.6
2026/7/17,15:22:22,96.9
2026/7/17,15:23:46,106.9
2026/7/17,15:25:10,116.9
2026/7/17,15:26:34,126.7
2026/7/17,15:27:58,196.9
2026/7/17,15:29:22,207.3
2026/7/17,15:30:46,217.5
2026/7/17,15:32:11,227.0
2026/7/17,15:33:34,236.9
2026/7/17,15:34:58,247.4
2026/7/17,15:36:22,256.8
2026/7/17,15:37:45,266.7
2026/7/17,15:39:29,277.2
2026/7/17,15:40:32,286.3
2026/7/17,15:41:56,296.6
2026/7/17,15:43:19,306.6
2026/7/17,15:44:43,316.4
2026/7/17,15:46:07,327.0
2026/7/17,15:47:31,336.2
2026/7/17,16:58:53,96.9
2026/7/17,17:00:16,106.9
2026/7/17,17:01:41,116.8
2026/7/17,17:03:05,126.7
2026/7/17,17:04:29,136.8
2026/7/17,17:05:53,147.0
2026/7/17,17:07:17,157.5
2026/7/17,17:08:40,167.8
2026/7/17,17:10:05,177.8
2026/7/17,17:11:29,187.4
2026/7/17,17:12:53,196.9
2026/7/17,17:14:16,207.2
2026/7/17,17:15:38,217.6
2026/7/17,17:17:02,227.1
2026/7/17,17:18:26,236.9
2026/7/17,17:19:50,247.4
2026/7/17,17:21:14,256.8
2026/7/17,17:22:38,266.7
2026/7/17,17:24:03,277.2
2026/7/17,17:25:26,286.2
2026/7/17,17:26:50,296.7
2026/7/17,17:28:14,306.7
2026/7/17,17:29:38,316.4
2026/7/17,17:31:02,327.1
2026/7/17,17:32:26,336.3
2026/7/17,23:11:56,96.9
2026/7/17,23:12:13,106.9
2026/7/17,23:16:56,116.8
2026/7/17,23:17:33,126.7
2026/7/18,01:08:43,196.9
2026/7/18,08:31:46,217.5
2026/7/18,08:32:03,227.1
2026/7/18,08:35:21,236.9
2026/7/18,08:36:15,296.6
2026/7/18,09:31:15,177.8
2026/7/18,09:31:32,187.2
2026/7/18,09:34:50,196.8
2026/7/18,09:35:56,207.3
2026/7/18,10:53:55,96.9
2026/7/18,10:55:20,106.9
2026/7/18,10:56:48,116.8
2026/7/18,10:59:35,126.7
2026/7/18,11:00:55,136.8
2026/7/18,11:02:13,146.9
2026/7/18,11:04:44,157.5
2026/7/18,11:06:13,167.7
2026/7/18,11:07:39,177.8
2026/7/18,11:09:54,187.3
2026/7/18,11:11:21,196.9
2026/7/18,11:12:46,207.3
2026/7/18,11:15:01,217.5
2026/7/18,11:16:30,227.0
2026/7/18,11:17:55,236.9
2026/7/18,11:20:10,247.4
2026/7/18,11:21:38,256.8
2026/7/18,11:23:05,266.8
2026/7/18,11:25:44,277.2
2026/7/18,11:27:03,286.2
2026/7/18,11:28:22,296.7
2026/7/18,11:30:53,306.6
2026/7/18,11:32:22,316.4
2026/7/18,11:33:47,327.1
2026/7/18,11:36:02,336.3
2026/7/18,13:03:29,96.9
2026/7/18,13:05:12,106.9
2026/7/18,13:06:38,116.8
2026/7/18,13:08:48,126.7
2026/7/18,13:10:07,136.8
2026/7/18,13:11:36,147.0
2026/7/18,13:13:44,157.5
2026/7/18,13:15:26,167.7
2026/7/18,13:16:21,177.8
2026/7/18,13:18:40,187.3
2026/7/18,13:20:20,196.9
2026/7/18,13:21:17,207.3
2026/7/18,13:23:34,217.5
2026/7/18,13:24:54,227.0
2026/7/18,13:26:12,236.9
2026/7/18,13:28:29,247.4
2026/7/18,13:30:12,256.8
2026/7/18,13:31:37,266.7
2026/7/18,13:33:46,277.1
2026/7/18,13:35:05,286.2
2026/7/18,13:36:35,296.7
2026/7/18,13:38:41,306.6
2026/7/18,13:40:01,316.4
2026/7/18,13:41:19,327.0
2026/7/18,13:43:36,336.3
2026/7/18,15:08:22,96.9
2026/7/18,15:10:05,106.9
2026/7/18,15:11:31,116.8
2026/7/18,15:13:40,126.7
2026/7/18,15:14:59,136.8
2026/7/18,15:16:28,147.0
2026/7/18,15:18:35,157.5
2026/7/18,15:20:17,167.7
2026/7/18,15:21:13,177.8
2026/7/18,15:23:31,187.3
2026/7/18,15:24:49,196.9
2026/7/18,15:26:07,207.3
2026/7/18,15:28:25,217.5
2026/7/18,15:29:45,226.9
2026/7/18,15:31:03,236.9
2026/7/18,15:33:20,247.4
2026/7/18,15:35:04,256.8
2026/7/18,15:36:29,266.7
2026/7/18,15:38:38,277.2
2026/7/18,15:39:56,286.2
2026/7/18,15:41:25,296.7
2026/7/18,15:43:32,306.6
2026/7/18,15:44:52,316.4
2026/7/18,15:46:10,327.1
2026/7/18,15:48:28,336.5
2026/7/18,17:15:12,96.9
2026/7/18,17:16:39,106.9
2026/7/18,17:18:04,116.8
2026/7/18,17:20:43,126.7
2026/7/18,17:22:03,136.8
2026/7/18,17:23:23,147.0
2026/7/18,17:25:51,157.4
2026/7/18,17:27:22,167.7
2026/7/18,17:28:47,177.8
2026/7/18,17:30:58,187.3
2026/7/18,17:32:29,196.9
2026/7/18,17:33:54,207.3
2026/7/18,17:36:04,217.5
2026/7/18,17:37:36,226.9
2026/7/18,17:39:01,236.9
2026/7/18,17:41:12,247.4
2026/7/18,17:42:43,256.7
2026/7/18,17:44:11,266.7
2026/7/18,17:46:45,277.2
2026/7/18,17:48:05,286.2
2026/7/18,17:49:26,296.7
2026/7/18,17:51:54,306.6
2026/7/18,17:53:24,316.4
2026/7/18,17:54:50,327.0
2026/7/18,17:57:03,336.6
2026/7/18,18:58:51,96.9
2026/7/18,19:00:34,106.9
2026/7/18,19:01:59,116.8
2026/7/18,19:04:10,126.7
2026/7/18,19:05:28,136.8
2026/7/18,19:06:57,147.0
2026/7/18,19:09:05,157.4
2026/7/18,19:10:24,167.7
2026/7/18,19:11:43,177.8
2026/7/18,19:14:01,187.3
2026/7/18,19:15:19,196.8
2026/7/18,19:16:37,207.3
2026/7/18,19:18:55,217.5
2026/7/18,19:20:15,226.9
2026/7/18,19:21:33,236.8
2026/7/18,19:23:51,247.3
2026/7/18,19:25:33,256.8
2026/7/18,19:26:59,266.8
2026/7/18,19:29:09,277.1
2026/7/18,19:30:27,286.3
2026/7/18,19:31:57,296.7
2026/7/18,19:34:04,306.7
2026/7/18,19:35:24,316.4
2026/7/18,19:36:41,327.0
2026/7/18,19:38:59,336.6
2026/7/18,21:07:19,96.9
2026/7/18,21:08:46,106.9
2026/7/18,21:10:13,116.8
2026/7/18,21:12:53,126.7
2026/7/18,21:14:12,136.8
2026/7/18,21:15:30,147.0
2026/7/18,21:17:48,157.5
2026/7/18,21:19:06,167.8
2026/7/18,21:20:26,177.8
2026/7/18,21:22:44,187.3
2026/7/18,21:24:25,196.9
2026/7/18,21:25:21,207.3
2026/7/18,21:27:38,217.5
2026/7/18,21:28:58,227.0
2026/7/18,21:30:15,236.8
2026/7/18,21:32:33,247.4
2026/7/18,21:34:16,256.7
2026/7/18,21:35:42,266.8
2026/7/18,21:37:51,277.2
2026/7/18,21:39:10,286.2
2026/7/18,21:40:38,296.7
2026/7/18,21:42:46,306.6
2026/7/18,21:44:06,316.4
2026/7/18,21:45:24,327.1
2026/7/18,21:47:42,336.6
2026/7/18,23:20:41,96.9
2026/7/18,23:22:22,106.9
2026/7/18,23:23:48,116.8
2026/7/18,23:25:56,126.7
2026/7/18,23:27:16,136.8
2026/7/18,23:28:45,147.0
2026/7/18,23:31:02,157.5
2026/7/18,23:32:35,167.7
2026/7/18,23:34:00,177.8
2026/7/18,23:36:08,187.3
2026/7/18,23:37:40,196.9
2026/7/18,23:39:06,207.3
2026/7/18,23:41:14,217.5
2026/7/18,23:42:47,226.9
2026/7/18,23:44:12,236.8
2026/7/18,23:46:21,247.4
2026/7/18,23:47:53,256.8
2026/7/18,23:49:18,266.8
2026/7/18,23:51:49,277.2
2026/7/18,23:53:09,286.2
2026/7/18,23:54:29,296.7
2026/7/18,23:56:55,306.6
2026/7/18,23:58:28,316.4
2026/7/18,23:59:54,327.1
2026/7/19,00:02:02,336.4
2026/7/19,01:28:28,96.9
2026/7/19,01:30:00,106.9
2026/7/19,01:31:26,116.8
2026/7/19,01:33:57,126.7
2026/7/19,01:35:16,136.8
2026/7/19,01:36:35,146.9
2026/7/19,01:38:52,157.5
2026/7/19,01:40:34,167.7
2026/7/19,01:41:29,177.8
2026/7/19,01:43:46,187.4
2026/7/19,01:45:06,196.9
2026/7/19,01:46:24,207.3
2026/7/19,01:48:42,217.5
2026/7/19,01:50:02,226.9
2026/7/19,01:51:20,236.8
2026/7/19,01:53:37,247.3
2026/7/19,01:55:21,256.8
2026/7/19,01:56:47,266.7
2026/7/19,01:58:55,277.2
2026/7/19,02:00:14,286.3
2026/7/19,02:01:43,296.7
2026/7/19,02:03:50,306.6
2026/7/19,02:05:10,316.3
2026/7/19,02:06:28,327.0
2026/7/19,02:08:46,336.5
2026/7/19,05:14:46,256.8
2026/7/19,05:15:04,266.7
2026/7/19,05:19:06,277.1
2026/7/19,05:19:58,286.2
2026/7/19,08:00:47,306.6
2026/7/19,08:01:05,316.3
2026/7/19,08:04:41,327.0
2026/7/19,08:05:34,336.2
2026/7/19,10:09:15,96.9
2026/7/19,10:09:32,106.9
2026/7/19,10:12:51,117.0
2026/7/19,10:13:43,126.8
2026/7/19,11:19:16,96.9
2026/7/19,11:19:33,106.9
2026/7/19,11:23:13,116.9
2026/7/19,11:24:05,126.8
2026/7/19,12:15:16,96.9
2026/7/19,12:16:30,106.9
2026/7/19,12:18:01,116.9
2026/7/19,12:20:59,126.7
2026/7/19,12:22:27,136.8
2026/7/19,12:23:55,147.0
2026/7/19,12:26:18,157.5
2026/7/19,12:27:37,167.7
2026/7/19,12:29:08,177.8
2026/7/19,12:31:12,187.3
2026/7/19,12:32:32,196.9
2026/7/19,12:33:51,207.3
2026/7/19,12:36:08,217.5
2026/7/19,12:37:27,227.0
2026/7/19,12:38:46,236.9
2026/7/19,12:41:04,247.4
2026/7/19,12:42:23,256.7
2026/7/19,12:43:42,266.7
2026/7/19,12:46:01,277.1
2026/7/19,12:47:42,286.2
2026/7/19,12:49:07,296.6
2026/7/19,12:51:20,306.7
2026/7/19,12:52:39,316.4
2026/7/19,12:54:08,327.0
2026/7/19,12:56:16,336.3
2026/7/19,17:21:46,177.9
2026/7/19,17:22:03,187.2
2026/7/19,17:25:40,196.9
2026/7/19,17:26:33,207.2
2026/7/19,18:34:17,256.8
2026/7/19,18:34:34,266.7
2026/7/19,18:37:52,277.2
2026/7/19,18:38:46,286.2
2026/7/19,19:59:16,177.8
2026/7/19,19:59:34,187.5
2026/7/19,20:02:57,196.9
2026/7/19,20:03:48,207.3
2026/7/20,00:11:17,296.7
2026/7/20,00:11:35,306.5
2026/7/20,00:14:52,316.3
2026/7/20,00:15:44,327.0
2026/7/20,02:01:16,97.0
2026/7/20,02:01:33,106.9
2026/7/20,02:05:40,116.9
2026/7/20,02:06:32,126.7
2026/7/20,03:50:47,96.9
2026/7/20,03:51:04,106.9
2026/7/20,03:54:24,116.9
2026/7/20,03:55:15,126.8
2026/7/20,04:49:17,136.8
2026/7/20,04:49:34,147.0
2026/7/20,04:53:14,157.5
2026/7/20,04:54:05,167.7
2026/7/20,05:37:08,96.9
2026/7/20,05:38:26,106.9
2026/7/20,05:39:45,117.0
2026/7/20,05:42:39,126.7
2026/7/20,05:44:04,136.8
2026/7/20,05:45:37,147.0
2026/7/20,05:48:45,157.4
2026/7/20,05:50:20,167.7
2026/7/20,05:51:54,177.8
2026/7/20,05:54:48,187.3
2026/7/20,05:56:06,196.9
2026/7/20,05:57:36,207.2
2026/7/20,06:00:43,217.5
2026/7/20,06:02:04,227.0
2026/7/20,06:03:36,236.8
2026/7/20,06:06:49,247.4
2026/7/20,06:08:05,256.7
2026/7/20,06:09:36,266.7
2026/7/20,06:12:43,277.2
2026/7/20,06:14:10,286.2
2026/7/20,06:15:42,296.7
2026/7/20,06:18:49,306.7
2026/7/20,06:20:25,316.3
2026/7/20,06:22:00,327.1
2026/7/20,06:24:55,336.2
2026/7/20,07:52:54,96.9
2026/7/20,07:54:35,106.9
2026/7/20,07:55:32,116.9
2026/7/20,07:57:51,126.8
2026/7/20,07:59:32,136.8
2026/7/20,08:00:58,147.0
2026/7/20,08:03:08,157.4
2026/7/20,08:04:27,167.7
2026/7/20,08:05:56,177.8
2026/7/20,08:08:03,187.3
2026/7/20,08:09:45,196.9
2026/7/20,08:10:41,207.3
2026/7/20,08:12:58,217.5
2026/7/20,08:14:18,227.0
2026/7/20,08:15:35,236.9
2026/7/20,08:17:53,247.4
2026/7/20,08:19:13,256.7
2026/7/20,08:20:31,266.7
2026/7/20,08:22:49,277.2
2026/7/20,08:24:32,286.2
2026/7/20,08:25:57,296.6
2026/7/20,08:28:06,306.6
2026/7/20,08:29:25,316.4
2026/7/20,08:30:54,327.1
2026/7/20,08:33:02,336.6
2026/7/20,09:52:17,177.8
2026/7/20,09:53:43,187.4
2026/7/20,09:55:53,196.9
2026/7/20,09:57:23,207.3
2026/7/20,09:58:48,217.5
2026/7/20,10:01:51,227.0
2026/7/20,10:03:13,236.8
2026/7/20,10:04:45,247.4
2026/7/20,10:07:52,256.8
2026/7/20,10:09:17,266.7
2026/7/20,10:10:49,277.2
2026/7/20,10:13:55,286.2
2026/7/20,10:15:18,296.6
2026/7/20,10:16:49,306.6
2026/7/20,10:19:57,316.4
2026/7/20,10:21:18,327.1
2026/7/20,10:22:50,336.4
2026/7/20,11:49:19,96.9
2026/7/20,11:51:37,106.9
2026/7/20,11:53:21,116.8
2026/7/20,12:40:22,96.9
2026/7/20,12:41:47,106.9
2026/7/20,12:44:07,116.8
2026/7/20,12:45:35,126.8
2026/7/20,12:47:02,136.8
2026/7/20,12:49:44,147.0
2026/7/20,12:51:03,157.4
2026/7/20,12:52:21,167.7
2026/7/20,12:54:52,177.9
2026/7/20,12:56:20,187.3
2026/7/20,12:57:45,196.9
2026/7/20,13:00:01,207.2
2026/7/20,13:01:29,217.5
2026/7/20,13:02:54,227.0
2026/7/20,13:05:12,236.8
2026/7/20,13:06:39,247.3
2026/7/20,13:08:04,256.9
2026/7/20,13:10:24,266.8
2026/7/20,13:11:50,277.1
2026/7/20,13:13:18,286.3
2026/7/20,13:15:59,296.7
2026/7/20,13:17:18,306.6
2026/7/20,13:18:36,316.4
2026/7/20,13:21:10,327.0
2026/7/20,13:22:37,336.3
2026/7/20,14:56:57,96.9
2026/7/20,14:58:22,106.9
2026/7/20,15:00:37,116.8
2026/7/20,15:02:06,126.7
2026/7/20,15:03:32,136.8
2026/7/20,15:05:55,147.0
2026/7/20,15:07:14,157.5
2026/7/20,15:08:43,167.7
2026/7/20,15:10:51,177.8
2026/7/20,15:12:32,187.3
2026/7/20,15:13:28,196.9
2026/7/20,15:15:45,207.3
2026/7/20,15:17:04,217.5
2026/7/20,15:18:22,227.0
2026/7/20,15:20:40,236.8
2026/7/20,15:21:59,247.3
2026/7/20,15:23:18,256.8
2026/7/20,15:25:35,266.7
2026/7/20,15:27:18,277.2
2026/7/20,15:28:44,286.3
2026/7/20,15:30:56,296.6
2026/7/20,15:32:15,306.7
2026/7/20,15:33:44,316.4
2026/7/20,15:35:51,327.1
2026/7/20,15:37:11,336.2
2026/7/20,16:13:47,296.7
2026/7/20,16:14:05,306.6
2026/7/20,16:18:16,316.3
2026/7/20,16:19:30,327.0
2026/7/20,17:17:17,96.9
2026/7/20,17:19:51,106.9
2026/7/20,17:21:10,116.9
2026/7/20,17:22:42,126.7
2026/7/20,17:25:03,136.8
2026/7/20,17:26:42,147.0
2026/7/20,17:27:41,157.5
2026/7/20,17:29:57,167.7
2026/7/20,17:31:16,177.8
2026/7/20,17:32:36,187.3
2026/7/20,17:34:52,196.9
2026/7/20,17:36:36,207.3
2026/7/20,17:38:01,217.5
2026/7/20,17:40:11,227.0
2026/7/20,17:41:30,236.9
2026/7/20,17:43:00,247.3
2026/7/20,17:45:06,256.7
2026/7/20,17:46:25,266.7
2026/7/20,17:47:43,277.1
2026/7/20,17:50:00,286.3
2026/7/20,17:51:20,296.7
2026/7/20,17:52:38,306.6
2026/7/20,17:54:53,316.4
2026/7/20,17:56:13,327.1
2026/7/20,17:57:31,336.6
2026/7/20,19:24:17,96.9
2026/7/20,19:26:50,106.9
2026/7/20,19:28:17,116.8
2026/7/20,19:29:42,126.7
2026/7/20,19:31:45,136.8
2026/7/20,19:33:03,147.0
2026/7/20,19:34:22,157.4
2026/7/20,19:36:40,167.7
2026/7/20,19:37:58,177.8
2026/7/20,19:39:17,187.3
2026/7/20,19:41:33,196.9
2026/7/20,19:43:17,207.3
2026/7/20,19:44:43,217.6
2026/7/20,19:46:53,227.0
2026/7/20,19:48:12,236.9
2026/7/20,19:49:40,247.3
2026/7/20,19:51:49,256.7
2026/7/20,19:53:09,266.7
2026/7/20,19:54:27,277.2
2026/7/20,19:56:44,286.2
2026/7/20,19:58:03,296.6
2026/7/20,19:59:21,306.6
2026/7/20,20:01:39,316.4
2026/7/20,20:02:58,327.0
2026/7/20,20:04:16,336.7
2026/7/20,21:51:43,96.9
2026/7/20,21:56:10,106.9
2026/7/20,21:57:29,116.9
2026/7/20,22:01:23,126.7
2026/7/20,22:02:49,136.8
2026/7/20,22:05:52,147.0
2026/7/20,22:07:30,157.5
2026/7/20,22:10:06,167.8
2026/7/20,22:11:24,177.8
2026/7/20,22:14:18,187.3
2026/7/20,22:15:37,196.8
2026/7/20,22:18:31,207.3
2026/7/20,22:19:51,217.5
2026/7/20,22:22:45,226.7
2026/7/20,22:24:11,236.8
2026/7/20,22:27:14,247.4
2026/7/20,22:28:51,256.8
2026/7/20,22:31:28,266.7
2026/7/20,22:32:47,277.2
2026/7/20,22:35:42,286.2
2026/7/20,22:37:01,296.7
2026/7/20,22:39:56,306.6
2026/7/20,22:41:16,316.3
2026/7/20,22:44:10,327.1
2026/7/20,22:45:36,336.3
2026/7/21,00:36:10,96.9
2026/7/21,00:37:29,106.9
2026/7/21,00:40:26,117.0
2026/7/21,00:41:44,126.7
2026/7/21,00:44:57,136.8
2026/7/21,00:46:15,147.0
2026/7/21,00:49:11,157.4
2026/7/21,00:50:30,167.7
2026/7/21,00:53:25,177.8
2026/7/21,00:54:53,187.3
2026/7/21,00:57:55,196.8
2026/7/21,00:59:15,207.3
2026/7/21,01:02:11,217.5
2026/7/21,01:03:30,227.0
2026/7/21,01:06:25,236.9
2026/7/21,01:07:45,247.3
2026/7/21,01:10:41,256.7
2026/7/21,01:12:00,266.7
2026/7/21,01:14:56,277.2
2026/7/21,01:16:24,286.2
2026/7/21,01:19:28,296.6
2026/7/21,01:21:01,306.6
2026/7/21,01:23:43,316.4
2026/7/21,01:25:03,327.1
2026/7/21,01:27:58,336.2
2026/7/21,03:16:43,96.9
2026/7/21,03:19:40,106.9
2026/7/21,03:20:58,116.9
2026/7/21,03:24:33,126.8
2026/7/21,03:26:12,136.8
2026/7/21,03:29:47,146.9
2026/7/21,03:31:05,157.4
2026/7/21,03:34:48,167.8
2026/7/21,03:36:16,177.8
2026/7/21,03:39:50,187.3
2026/7/21,03:41:18,196.9
2026/7/21,03:44:55,207.3
2026/7/21,03:46:21,217.5
2026/7/21,03:49:57,226.8
2026/7/21,03:51:25,236.8
2026/7/21,03:55:12,247.3
2026/7/21,03:56:31,256.8
2026/7/21,04:00:16,266.7
2026/7/21,04:01:44,277.2
2026/7/21,04:05:21,286.2
2026/7/21,04:06:47,296.6
2026/7/21,04:10:24,306.6
2026/7/21,04:11:52,316.4
2026/7/21,04:15:27,327.1
2026/7/21,04:16:55,336.6
2026/7/21,05:36:21,96.9
2026/7/21,05:40:03,106.9
2026/7/21,05:41:34,116.8
2026/7/21,05:45:01,126.8
2026/7/21,05:46:34,136.8
2026/7/21,05:50:01,146.9
2026/7/21,05:51:33,157.5
2026/7/21,05:54:59,167.7
2026/7/21,05:56:30,177.8
2026/7/21,06:00:17,187.3
2026/7/21,06:01:35,196.9
2026/7/21,06:05:16,207.3
2026/7/21,06:06:47,217.5
2026/7/21,06:10:16,226.9
2026/7/21,06:11:47,236.8
2026/7/21,06:15:16,247.3
2026/7/21,06:16:47,256.7
2026/7/21,06:20:19,266.7
2026/7/21,06:21:47,277.2
2026/7/21,06:25:38,286.2
2026/7/21,06:26:57,296.6
2026/7/21,06:30:38,306.6
2026/7/21,06:32:09,316.4
2026/7/21,06:35:37,327.0
2026/7/21,06:37:09,336.2
2026/7/21,08:40:04,96.9
2026/7/21,08:41:27,107.0
2026/7/21,08:45:14,116.8
2026/7/21,08:46:40,126.7
2026/7/21,08:49:47,136.8
2026/7/21,08:51:21,147.0
2026/7/21,08:54:05,157.5
2026/7/21,08:55:23,167.7
2026/7/21,08:58:20,177.8
2026/7/21,08:59:40,187.4
2026/7/21,09:02:38,196.9
2026/7/21,09:03:58,207.3
2026/7/21,09:06:54,217.5
2026/7/21,09:08:23,227.0
2026/7/21,09:11:30,236.8
2026/7/21,09:13:00,247.4
2026/7/21,09:15:48,256.8
2026/7/21,09:17:07,266.7
2026/7/21,09:20:04,277.2
2026/7/21,09:21:23,286.2
2026/7/21,09:24:22,296.6
2026/7/21,09:25:41,306.6
2026/7/21,09:28:39,316.4
2026/7/21,09:30:04,327.0
2026/7/21,09:33:12,336.2
2026/7/21,11:11:48,177.8
2026/7/21,11:12:05,187.5
2026/7/21,11:15:24,196.9
2026/7/21,11:16:28,207.3
2026/7/21,12:28:48,177.9
2026/7/21,12:29:24,187.3
2026/7/21,12:32:09,196.8
2026/7/21,12:33:28,207.3
2026/7/21,14:23:47,96.9
2026/7/21,14:25:05,106.9
2026/7/21,14:28:00,116.8
2026/7/21,14:29:25,126.8
2026/7/21,14:32:27,136.8
2026/7/21,14:34:06,147.0
2026/7/21,14:36:41,157.5
2026/7/21,14:37:59,167.7
2026/7/21,14:40:54,177.8
2026/7/21,14:42:13,187.4
2026/7/21,14:45:09,196.9
2026/7/21,14:46:28,207.3
2026/7/21,14:49:23,217.5
2026/7/21,14:50:51,227.0
2026/7/21,14:53:55,236.8
2026/7/21,14:55:29,247.4
2026/7/21,14:58:10,256.8
2026/7/21,14:59:30,266.7
2026/7/21,15:02:24,277.2
2026/7/21,15:03:44,286.1
2026/7/21,15:06:38,296.7
2026/7/21,15:07:58,306.5
2026/7/21,15:10:52,316.3
2026/7/21,15:12:21,327.1
2026/7/21,15:15:23,336.6
2026/7/21,15:47:49,126.7
2026/7/21,16:10:47,217.4
2026/7/21,16:11:05,227.0
2026/7/21,16:14:18,236.8
2026/7/21,16:15:11,247.3
2026/7/21,17:20:55,97.0
2026/7/21,17:24:34,106.9
2026/7/21,17:26:01,116.8
2026/7/21,17:29:20,126.7
2026/7/21,17:31:06,136.8
2026/7/21,17:33:49,147.0
2026/7/21,17:35:28,157.4
2026/7/21,17:38:04,167.7
2026/7/21,17:39:21,177.8
2026/7/21,17:42:16,187.3
2026/7/21,17:43:35,196.9
2026/7/21,17:46:30,207.2
2026/7/21,17:47:49,217.4
2026/7/21,17:50:44,227.0
2026/7/21,17:52:10,236.9
2026/7/21,17:55:12,247.3
2026/7/21,17:56:50,256.7
2026/7/21,17:59:26,266.7
2026/7/21,18:00:46,277.2
2026/7/21,18:03:40,286.2
2026/7/21,18:05:00,296.7
2026/7/21,18:07:55,306.6
2026/7/21,18:09:15,316.3
2026/7/21,18:12:09,327.1
2026/7/21,18:13:36,336.3
2026/7/21,19:09:17,126.8
2026/7/21,19:12:13,136.8
2026/7/21,19:13:31,147.0
2026/7/21,19:16:59,157.4
2026/7/21,19:18:45,167.7
2026/7/21,19:22:15,177.8
2026/7/21,19:23:33,187.4
2026/7/21,19:27:14,196.9
2026/7/21,19:28:45,207.2
2026/7/21,19:32:09,217.6
2026/7/21,19:33:43,226.7
2026/7/21,19:37:09,236.8
2026/7/21,19:38:40,247.4
2026/7/21,19:42:08,256.7
2026/7/21,19:43:40,266.7
2026/7/21,19:47:22,277.2
2026/7/21,19:48:41,286.3
2026/7/21,19:52:17,296.6
2026/7/21,19:53:53,306.6
2026/7/21,19:57:15,316.4
2026/7/21,19:58:48,327.1
2026/7/21,20:02:12,336.3
2026/7/21,22:05:51,96.9
2026/7/21,22:09:04,106.9
2026/7/21,22:10:42,116.9
2026/7/21,22:14:12,126.7
2026/7/21,22:15:31,136.8
2026/7/21,22:19:10,147.0
2026/7/21,22:20:44,157.4
2026/7/21,22:24:06,167.7
2026/7/21,22:25:39,177.8
2026/7/21,22:29:02,187.3
2026/7/21,22:30:36,196.9
2026/7/21,22:33:59,207.2
2026/7/21,22:35:33,217.5
2026/7/21,22:39:12,226.7
2026/7/21,22:40:31,236.9
2026/7/21,22:44:08,247.3
2026/7/21,22:45:43,256.8
2026/7/21,22:49:04,266.8
2026/7/21,22:50:39,277.2
2026/7/21,22:54:01,286.2
2026/7/21,22:55:35,296.6
2026/7/21,22:58:57,306.6
2026/7/21,23:00:33,316.4
2026/7/21,23:04:07,327.0
2026/7/21,23:05:26,336.3
2026/7/22,00:07:23,96.9
2026/7/22,00:10:27,106.9
2026/7/22,00:12:03,116.8
2026/7/22,00:14:42,126.8
2026/7/22,00:16:00,136.8
2026/7/22,00:18:56,147.0
2026/7/22,00:20:14,157.4
2026/7/22,00:23:13,167.8
2026/7/22,00:24:29,177.8
2026/7/22,00:27:24,187.4
2026/7/22,00:28:51,196.9
2026/7/22,00:31:55,207.3
2026/7/22,00:33:30,217.5
2026/7/22,00:36:09,227.0
2026/7/22,00:37:28,236.8
2026/7/22,00:40:38,247.4
2026/7/22,00:41:57,256.7
2026/7/22,00:44:52,266.7
2026/7/22,00:46:12,277.2
2026/7/22,00:49:06,286.2
2026/7/22,00:50:32,296.7
2026/7/22,00:53:35,306.7
2026/7/22,00:55:11,316.3
2026/7/22,00:57:50,327.1
2026/7/22,00:59:09,336.3
2026/7/22,05:14:17,136.8
2026/7/22,05:14:34,146.9
2026/7/22,05:18:30,157.5
2026/7/22,05:19:21,167.8
2026/7/22,05:49:18,96.9
2026/7/22,05:49:35,106.9
2026/7/22,05:53:25,116.8
2026/7/22,05:54:16,126.7
2026/7/22,07:27:05,96.9
2026/7/22,07:28:31,106.9
2026/7/22,07:32:10,116.8
2026/7/22,07:33:35,126.7
2026/7/22,07:37:12,136.8
2026/7/22,07:38:31,147.0
2026/7/22,07:41:59,157.5
2026/7/22,07:43:17,167.7
2026/7/22,07:46:44,177.8
2026/7/22,07:48:03,187.3
2026/7/22,07:51:30,196.9
2026/7/22,07:52:49,207.3
2026/7/22,07:56:15,217.5
2026/7/22,07:58:00,227.0
2026/7/22,08:01:18,236.8
2026/7/22,08:02:36,247.3
2026/7/22,08:06:04,256.7
2026/7/22,08:07:23,266.7
2026/7/22,08:10:49,277.2
2026/7/22,08:12:09,286.2
2026/7/22,08:15:36,296.6
2026/7/22,08:16:56,306.6
2026/7/22,08:20:23,316.4
2026/7/22,08:22:07,327.1
2026/7/22,08:25:27,336.3
2026/7/22,09:49:18,177.8
2026/7/22,09:49:35,187.2
2026/7/22,09:53:26,196.9
2026/7/22,09:54:18,207.3
2026/7/22,10:41:08,96.9
2026/7/22,11:42:50,96.9
2026/7/22,11:44:15,106.9
2026/7/22,11:46:38,116.8
2026/7/22,11:48:03,126.7
2026/7/22,11:49:29,136.8
2026/7/22,11:51:48,147.0
2026/7/22,11:53:16,157.5
2026/7/22,11:54:42,167.7
2026/7/22,11:57:16,177.8
2026/7/22,11:58:44,187.3
2026/7/22,12:00:02,196.9
2026/7/22,12:02:35,207.3
2026/7/22,12:03:55,217.5
2026/7/22,12:05:19,227.1
2026/7/22,12:07:45,236.8
2026/7/22,12:09:14,247.4
2026/7/22,12:10:39,256.7
2026/7/22,12:12:53,266.7
2026/7/22,12:14:23,277.2
2026/7/22,12:15:49,286.2
2026/7/22,12:18:04,296.7
2026/7/22,12:19:32,306.7
2026/7/22,12:20:58,316.3
2026/7/22,12:23:31,327.0
2026/7/22,12:25:01,336.5
2026/7/22,13:51:52,96.9
2026/7/22,13:53:18,106.9
2026/7/22,13:55:33,116.8
2026/7/22,13:57:03,126.7
2026/7/22,13:58:28,136.8
2026/7/22,14:00:36,147.0
2026/7/22,14:02:12,157.5
2026/7/22,14:03:37,167.7
2026/7/22,14:05:55,177.8
2026/7/22,14:07:24,187.4
2026/7/22,14:08:43,196.9
2026/7/22,14:11:07,207.3
2026/7/22,14:12:27,217.5
2026/7/22,14:13:58,227.0
2026/7/22,14:16:10,236.8
2026/7/22,14:17:46,247.3
2026/7/22,14:19:11,256.9
2026/7/22,14:21:16,266.8
2026/7/22,14:22:49,277.2
2026/7/22,14:24:15,286.2
2026/7/22,14:26:21,296.7
2026/7/22,14:27:55,306.6
2026/7/22,14:29:21,316.3
2026/7/22,14:31:42,327.0
2026/7/22,14:33:12,336.2
2026/7/22,15:18:05,96.9
2026/7/22,15:19:33,106.9
2026/7/22,15:21:56,116.8
2026/7/22,15:23:22,126.7
2026/7/22,15:24:44,136.8
2026/7/22,15:27:05,146.9
2026/7/22,15:28:25,157.4
2026/7/22,15:29:59,167.7
2026/7/22,15:32:07,177.8
2026/7/22,15:33:43,187.4
2026/7/22,15:34:45,196.9
2026/7/22,15:37:07,207.3
2026/7/22,15:38:45,217.5
2026/7/22,15:39:46,227.1
2026/7/22,15:42:08,236.8
2026/7/22,15:43:46,247.4
2026/7/22,15:45:11,256.7
2026/7/22,15:47:21,266.7
2026/7/22,15:48:51,277.1
2026/7/22,15:50:16,286.2
2026/7/22,15:52:33,296.6
2026/7/22,15:53:53,306.6
2026/7/22,15:55:26,316.4
2026/7/22,15:57:36,327.1
2026/7/22,15:59:12,336.6
2026/7/22,16:48:55,96.9
2026/7/22,16:50:15,106.9
2026/7/22,16:52:30,116.8
2026/7/22,16:53:50,126.7
2026/7/22,16:55:09,136.8
2026/7/22,16:57:39,147.0
2026/7/22,16:59:12,157.4
2026/7/22,17:00:37,167.7
2026/7/22,17:03:05,177.8
2026/7/22,17:04:34,187.3
2026/7/22,17:05:53,196.9
2026/7/22,17:08:19,207.3
2026/7/22,17:09:39,217.5
2026/7/22,17:11:08,226.9
2026/7/22,17:13:27,236.8
2026/7/22,17:14:58,247.4
2026/7/22,17:16:24,256.7
2026/7/22,17:18:38,266.7
2026/7/22,17:20:06,277.2
2026/7/22,17:21:31,286.2
2026/7/22,17:23:45,296.7
2026/7/22,17:25:16,306.6
2026/7/22,17:26:41,316.3
2026/7/22,17:29:07,327.1
2026/7/22,17:30:37,336.2
2026/7/22,18:57:12,96.9
2026/7/22,18:58:31,106.9
2026/7/22,19:00:47,116.8
2026/7/22,19:02:06,126.8
2026/7/22,19:03:26,136.8
2026/7/22,19:05:53,147.0
2026/7/22,19:07:29,157.4
2026/7/22,19:08:54,167.7
2026/7/22,19:11:15,177.8
2026/7/22,19:12:44,187.3
2026/7/22,19:14:02,196.8
2026/7/22,19:16:30,207.2
2026/7/22,19:17:51,217.5
2026/7/22,19:19:18,227.1
2026/7/22,19:21:37,236.9
2026/7/22,19:23:09,247.4
2026/7/22,19:24:35,256.8
2026/7/22,19:26:43,266.7
2026/7/22,19:28:16,277.2
2026/7/22,19:29:41,286.2
2026/7/22,19:31:49,296.7
2026/7/22,19:33:23,306.6
2026/7/22,19:34:49,316.3
2026/7/22,19:37:11,327.1
2026/7/22,19:38:41,336.7
2026/7/23,00:24:16,96.9
2026/7/23,00:25:29,106.9
2026/7/23,00:25:46,117.0
2026/7/23,00:26:13,126.7
2026/7/23,00:26:54,136.8
2026/7/23,00:27:49,146.9
2026/7/23,00:29:32,157.5
2026/7/23,00:30:32,167.7
2026/7/23,00:31:52,177.8
2026/7/23,00:33:11,187.5
2026/7/23,00:36:28,196.9
2026/7/23,00:37:46,207.3
2026/7/23,00:38:49,217.5
2026/7/23,00:39:32,227.0
2026/7/23,00:41:01,236.8
2026/7/23,00:42:17,247.4
2026/7/23,00:43:38,256.8
2026/7/23,00:45:03,266.7
2026/7/23,00:46:31,277.1
2026/7/23,00:48:04,286.2
2026/7/23,00:49:27,296.7
2026/7/23,04:38:39,96.9
2026/7/23,04:38:56,106.9
2026/7/23,04:39:19,116.9
2026/7/23,04:40:37,126.7
2026/7/23,04:41:27,136.8
2026/7/23,04:42:17,147.0
2026/7/23,04:43:43,157.5
2026/7/23,04:45:01,167.8
2026/7/23,04:46:21,177.8
2026/7/23,04:47:40,187.4
2026/7/23,04:50:56,196.9
2026/7/23,04:52:15,207.3
2026/7/23,04:53:01,217.4
2026/7/23,07:30:49,187.5
2026/7/23,07:31:07,217.5
2026/7/23,07:35:22,236.8
2026/7/23,07:36:13,247.3
2026/7/23,08:47:19,217.5
2026/7/23,08:47:36,227.0
2026/7/23,08:50:57,236.8
2026/7/23,08:52:45,247.3
2026/7/23,09:58:19,96.9
2026/7/23,10:00:51,106.9
2026/7/23,10:03:22,116.8
2026/7/23,10:05:40,126.7
2026/7/23,10:08:03,136.8
2026/7/23,10:10:30,147.0
2026/7/23,10:12:46,157.4
2026/7/23,10:15:03,167.7
2026/7/23,10:17:19,177.8
2026/7/23,10:19:37,187.3
2026/7/23,10:21:54,196.8
2026/7/23,10:24:12,207.2
2026/7/23,10:26:28,217.5
2026/7/23,10:28:46,226.8
2026/7/23,10:31:09,236.8
2026/7/23,10:33:37,247.4
2026/7/23,10:35:53,256.7
2026/7/23,10:38:11,266.6
2026/7/23,10:40:27,277.1
2026/7/23,10:42:46,286.2
2026/7/23,10:45:02,296.6
2026/7/23,10:47:21,306.5
2026/7/23,10:49:37,316.3
2026/7/23,10:51:55,327.0
2026/7/23,10:54:20,336.5
2026/7/23,11:24:28,96.9
2026/7/23,11:26:45,107.0
2026/7/23,11:29:03,116.9
2026/7/23,11:31:20,126.7
2026/7/23,11:33:38,136.8
2026/7/23,11:35:54,146.9
2026/7/23,11:38:13,157.4
2026/7/23,11:40:37,167.7
2026/7/23,11:43:04,177.8
2026/7/23,11:45:20,187.3
2026/7/23,11:47:38,196.9
2026/7/23,11:49:54,207.3
2026/7/23,11:52:12,217.6
2026/7/23,11:54:29,227.0
2026/7/23,11:56:47,236.9
2026/7/23,11:59:03,247.4
2026/7/23,12:01:21,256.8
2026/7/23,12:03:46,266.8
2026/7/23,12:06:14,277.2
2026/7/23,12:08:30,286.2
2026/7/23,12:10:48,296.6
2026/7/23,12:13:04,306.6
2026/7/23,12:15:22,316.3
2026/7/23,12:17:54,327.0
2026/7/23,12:20:13,336.2
2026/7/23,14:13:48,96.9
2026/7/23,14:16:18,106.9
2026/7/23,14:18:47,116.8
2026/7/23,14:21:19,126.7
2026/7/23,14:23:49,136.8
2026/7/23,14:26:21,146.9
2026/7/23,14:29:00,157.5
2026/7/23,14:31:38,167.7
2026/7/23,14:34:07,177.8
2026/7/23,14:36:39,187.3
2026/7/23,14:39:09,196.9
2026/7/23,14:41:41,207.3
2026/7/23,14:44:10,217.5
2026/7/23,14:46:42,227.1
2026/7/23,14:49:12,236.8
2026/7/23,14:51:44,247.4
2026/7/23,14:54:23,256.8
2026/7/23,14:57:02,266.7
2026/7/23,14:59:31,277.2
2026/7/23,15:02:04,286.1
2026/7/23,15:04:33,296.6
2026/7/23,15:07:06,306.6
2026/7/23,15:09:35,316.4
2026/7/23,15:12:07,327.1
2026/7/23,15:14:37,336.6
2026/7/23,17:18:37,96.9
2026/7/23,17:21:01,106.9
2026/7/23,17:23:29,116.7
2026/7/23,17:25:45,126.7
2026/7/23,17:28:03,136.8
2026/7/23,17:30:20,146.9
2026/7/23,17:32:38,157.4
2026/7/23,17:34:54,167.7
2026/7/23,17:37:12,177.8
2026/7/23,17:39:28,187.3
2026/7/23,17:41:46,196.9
2026/7/23,17:44:10,207.3
2026/7/23,17:46:36,217.6
2026/7/23,17:48:52,227.1
2026/7/23,17:51:10,236.8
2026/7/23,17:53:27,247.3
2026/7/23,17:55:45,256.7
2026/7/23,17:58:01,266.7
2026/7/23,18:00:19,277.2
2026/7/23,18:02:35,286.2
2026/7/23,18:04:53,296.7
2026/7/23,18:07:16,306.6
2026/7/23,18:09:43,316.4
2026/7/23,18:11:59,327.1
2026/7/23,18:14:17,336.6
2026/7/23,19:23:47,96.9
2026/7/23,19:26:03,106.9
2026/7/23,19:28:21,116.9
2026/7/23,19:30:37,126.7
2026/7/23,19:32:55,136.8
2026/7/23,19:35:11,147.0
2026/7/23,19:37:30,157.5
2026/7/23,19:39:51,167.7
2026/7/23,19:42:16,177.8
2026/7/23,19:44:32,187.3
2026/7/23,19:46:50,196.9
2026/7/23,19:49:07,207.3
2026/7/23,19:51:25,217.5
2026/7/23,19:53:41,226.7
2026/7/23,19:55:59,236.8
2026/7/23,19:58:15,247.3
2026/7/23,20:00:33,256.7
2026/7/23,20:02:59,266.7
2026/7/23,20:05:26,277.1
2026/7/23,20:07:43,286.1
2026/7/23,20:10:01,296.6
2026/7/23,20:12:17,306.6
2026/7/23,20:14:36,316.3
2026/7/23,20:16:52,327.0
2026/7/23,20:19:11,336.3
2026/7/23,21:19:29,96.9
2026/7/23,21:21:45,107.0
2026/7/23,21:24:03,116.9
2026/7/23,21:26:31,126.7
2026/7/23,21:29:00,136.8
2026/7/23,21:31:28,147.0
2026/7/23,21:33:57,157.4
2026/7/23,21:36:31,167.8
2026/7/23,21:39:09,177.8
2026/7/23,21:41:36,187.3
2026/7/23,21:44:06,196.9
2026/7/23,21:46:33,207.2
2026/7/23,21:49:02,217.5
2026/7/23,21:51:30,226.7
2026/7/23,21:53:59,236.8
2026/7/23,21:56:27,247.4
2026/7/23,21:58:56,256.8
2026/7/23,22:01:33,266.7
2026/7/23,22:04:12,277.1
2026/7/23,22:06:39,286.2
2026/7/23,22:09:09,296.7
2026/7/23,22:11:36,306.6
2026/7/23,22:14:05,316.3
2026/7/23,22:16:33,327.1
2026/7/23,22:19:02,336.3
2026/7/24,00:17:48,96.9
2026/7/24,00:20:06,106.9
2026/7/24,00:22:32,116.8
2026/7/24,00:25:10,126.7
2026/7/24,00:27:38,136.8
2026/7/24,00:30:07,147.0
2026/7/24,00:32:34,157.5
2026/7/24,00:35:02,167.7
2026/7/24,00:37:30,177.8
2026/7/24,00:39:58,187.3
2026/7/24,00:42:26,196.9
2026/7/24,00:44:55,207.2
2026/7/24,00:47:31,217.6
2026/7/24,00:50:09,226.7
2026/7/24,00:52:37,236.9
2026/7/24,00:55:06,247.4
2026/7/24,00:57:34,256.7
2026/7/24,01:00:03,266.7
2026/7/24,01:02:31,277.1
2026/7/24,01:05:00,286.2
2026/7/24,01:07:27,296.6
2026/7/24,01:09:56,306.6
2026/7/24,01:12:32,316.3
2026/7/24,01:15:11,327.1
2026/7/24,01:17:38,336.3
2026/7/24,02:06:50,296.7
2026/7/24,02:09:06,306.5
2026/7/24,02:11:25,316.4
2026/7/24,02:13:42,327.1
2026/7/24,04:15:58,96.9
2026/7/24,04:18:24,107.0
2026/7/24,04:20:52,116.9
2026/7/24,04:23:27,126.8
2026/7/24,04:26:05,136.8
2026/7/24,04:28:31,147.0
2026/7/24,04:31:00,157.4
2026/7/24,04:33:25,167.7
2026/7/24,04:35:53,177.7
2026/7/24,04:38:20,187.3
2026/7/24,04:40:48,196.9
2026/7/24,04:43:15,207.2
2026/7/24,04:45:43,217.5
2026/7/24,04:48:19,227.0
2026/7/24,04:50:57,236.8
2026/7/24,04:53:23,247.4
2026/7/24,04:55:51,256.7
2026/7/24,04:58:18,266.7
2026/7/24,05:00:46,277.2
2026/7/24,05:03:12,286.2
2026/7/24,05:05:41,296.7
2026/7/24,05:08:08,306.6
2026/7/24,05:10:36,316.3
2026/7/24,05:13:11,327.1
2026/7/24,05:15:47,336.2
2026/7/24,08:18:19,116.9
2026/7/24,08:18:36,126.7
2026/7/24,08:21:54,136.8
2026/7/24,08:23:41,147.0
2026/7/24,09:45:49,96.9
2026/7/24,09:46:06,106.9
2026/7/24,09:49:34,116.9
2026/7/24,09:51:19,126.7
2026/7/24,11:54:20,96.9
2026/7/24,11:54:36,106.9
2026/7/24,11:58:34,136.8
2026/7/24,11:59:25,147.0
2026/7/24,13:51:01,96.9
2026/7/24,13:52:27,106.9
2026/7/24,13:54:47,116.8
2026/7/24,13:56:13,126.8
2026/7/24,13:57:39,136.8
2026/7/24,13:59:54,146.9
2026/7/24,14:01:25,157.5
2026/7/24,14:02:51,167.8
2026/7/24,14:05:01,177.8
2026/7/24,14:06:30,187.3
2026/7/24,14:07:56,196.9
2026/7/24,14:10:27,207.3
2026/7/24,14:11:46,217.5
2026/7/24,14:13:04,227.0
2026/7/24,14:15:36,236.8
2026/7/24,14:17:05,247.3
2026/7/24,14:18:30,256.8
2026/7/24,14:20:42,266.7
2026/7/24,14:22:13,277.2
2026/7/24,14:23:39,286.2
2026/7/24,14:25:49,296.7
2026/7/24,14:27:20,306.7
2026/7/24,14:28:45,316.3
2026/7/24,14:30:57,327.1
2026/7/24,14:32:27,336.6
2026/7/24,16:50:51,96.9
2026/7/24,16:53:28,106.9
2026/7/24,16:54:49,116.8
2026/7/24,16:56:08,126.7
2026/7/24,16:59:34,136.8
2026/7/24,17:00:36,147.0
2026/7/24,17:02:08,157.4
2026/7/24,17:05:18,167.7
2026/7/24,17:06:36,177.8
2026/7/24,17:08:06,187.3
2026/7/24,17:11:12,196.9
2026/7/24,17:12:35,207.3
2026/7/24,17:14:07,217.5
2026/7/24,17:17:18,227.1
2026/7/24,17:18:40,236.8
2026/7/24,17:20:11,247.4
2026/7/24,17:23:16,256.7
2026/7/24,17:24:39,266.7
2026/7/24,17:26:11,277.2
2026/7/24,17:29:22,286.2
2026/7/24,17:30:41,296.7
2026/7/24,17:32:11,306.6
2026/7/24,17:35:16,316.4
2026/7/24,17:36:40,327.1
2026/7/24,17:38:11,336.2
2026/7/24,18:39:13,96.9
2026/7/24,18:40:37,106.9
2026/7/24,18:43:19,116.8
2026/7/24,18:44:38,126.7
2026/7/24,18:45:56,136.8
2026/7/24,18:48:28,147.0
2026/7/24,18:49:56,157.4
2026/7/24,18:51:22,167.7
2026/7/24,18:53:39,177.8
2026/7/24,18:55:05,187.3
2026/7/24,18:56:30,196.9
2026/7/24,18:58:47,207.2
2026/7/24,19:00:15,217.5
2026/7/24,19:01:41,227.0
2026/7/24,19:03:55,236.8
2026/7/24,19:05:24,247.3
2026/7/24,19:06:50,256.7
2026/7/24,19:09:28,266.7
2026/7/24,19:10:47,277.2
2026/7/24,19:12:06,286.2
2026/7/24,19:14:37,296.7
2026/7/24,19:16:06,306.7
2026/7/24,19:17:31,316.3
2026/7/24,19:19:44,327.0
2026/7/24,19:21:15,336.6
2026/7/24,20:48:15,96.9
2026/7/24,20:49:41,106.9
2026/7/24,20:51:52,116.8
2026/7/24,20:53:12,126.7
2026/7/24,20:54:37,136.8
2026/7/24,20:57:01,147.0
2026/7/24,20:58:30,157.5
2026/7/24,20:59:56,167.7
2026/7/24,21:02:11,177.8
2026/7/24,21:03:37,187.3
2026/7/24,21:05:03,196.9
2026/7/24,21:07:19,207.3
2026/7/24,21:08:47,217.5
2026/7/24,21:10:13,227.0
2026/7/24,21:12:28,236.9
2026/7/24,21:13:57,247.3
2026/7/24,21:15:22,256.8
2026/7/24,21:18:01,266.7
2026/7/24,21:19:20,277.2
2026/7/24,21:20:38,286.3
2026/7/24,21:23:07,296.7
2026/7/24,21:24:39,306.6
2026/7/24,21:26:04,316.4
2026/7/24,21:28:15,327.1
2026/7/24,21:29:45,336.2
2026/7/24,22:54:56,96.9
2026/7/24,22:56:21,106.9
2026/7/24,22:58:33,116.8
2026/7/24,22:59:53,126.7
2026/7/24,23:01:19,136.8
2026/7/24,23:03:44,146.9
2026/7/24,23:05:12,157.5
2026/7/24,23:06:37,167.7
2026/7/24,23:08:55,177.8
2026/7/24,23:10:20,187.3
2026/7/24,23:11:46,196.9
2026/7/24,23:14:03,207.3
2026/7/24,23:15:32,217.5
2026/7/24,23:16:57,227.0
2026/7/24,23:19:12,236.9
2026/7/24,23:20:42,247.3
2026/7/24,23:22:07,256.7
2026/7/24,23:24:51,266.7
2026/7/24,23:26:11,277.2
2026/7/24,23:27:29,286.2
2026/7/24,23:30:03,296.7
2026/7/24,23:31:29,306.7
2026/7/24,23:32:55,316.4
2026/7/24,23:35:12,327.0
2026/7/24,23:36:42,336.2
2026/7/25,00:22:31,96.9
2026/7/25,00:23:59,106.9
2026/7/25,00:25:25,116.8
2026/7/25,00:27:41,136.8
2026/7/25,00:29:10,147.0
2026/7/25,00:30:35,167.7
2026/7/25,00:32:36,177.8
2026/7/25,00:33:55,187.3
2026/7/25,00:35:14,196.9
2026/7/25,00:37:30,207.3
2026/7/25,00:39:13,217.5
2026/7/25,00:40:39,236.8
2026/7/25,00:42:49,256.7
2026/7/25,00:44:08,266.7
2026/7/25,00:45:35,296.7
2026/7/25,00:47:44,316.4
2026/7/25,00:49:04,336.5
2026/7/25,04:08:49,236.8
2026/7/25,04:09:06,247.3
2026/7/25,04:12:24,256.7
2026/7/25,04:13:15,266.7
2026/7/25,05:41:40,96.9
2026/7/25,05:43:05,106.9
2026/7/25,05:45:21,116.8
2026/7/25,05:46:50,126.7
2026/7/25,05:48:16,136.8
2026/7/25,05:50:17,147.0
2026/7/25,05:51:35,157.5
2026/7/25,05:52:54,167.7
2026/7/25,05:55:13,177.8
2026/7/25,05:56:54,187.3
2026/7/25,05:58:19,196.8
2026/7/25,06:00:30,207.3
2026/7/25,06:01:49,217.5
2026/7/25,06:03:16,227.0
2026/7/25,06:05:25,236.8
2026/7/25,06:06:45,247.2
2026/7/25,06:08:03,256.7
2026/7/25,06:10:40,266.8
2026/7/25,06:11:40,277.2
2026/7/25,06:12:57,286.2
2026/7/25,06:15:15,296.7
2026/7/25,06:16:35,306.6
2026/7/25,06:17:52,316.4
2026/7/25,06:20:10,327.1
2026/7/25,06:21:54,336.3
2026/7/25,07:20:43,96.9
2026/7/25,07:23:11,106.9
2026/7/25,07:24:42,116.8
2026/7/25,07:26:08,126.7
2026/7/25,07:28:17,136.8
2026/7/25,07:29:49,147.0
2026/7/25,07:31:15,157.4
2026/7/25,07:33:22,167.7
2026/7/25,07:34:55,177.7
2026/7/25,07:36:19,187.4
2026/7/25,07:38:25,196.8
2026/7/25,07:40:00,207.3
2026/7/25,07:41:25,217.5
2026/7/25,07:43:55,227.0
2026/7/25,07:45:15,236.8
2026/7/25,07:46:33,247.4
2026/7/25,07:49:00,256.7
2026/7/25,07:50:34,266.7
2026/7/25,07:51:59,277.2
2026/7/25,07:54:04,286.2
2026/7/25,07:55:39,296.6
2026/7/25,07:57:04,306.6
2026/7/25,07:59:10,316.3
2026/7/25,08:00:43,327.1
2026/7/25,08:02:08,336.3
2026/7/25,09:20:25,126.7
2026/7/25,09:22:43,196.9
2026/7/25,09:24:11,247.3
2026/7/25,09:25:36,256.6
2026/7/25,09:28:03,286.2
2026/7/25,10:45:20,136.8
2026/7/25,10:45:37,147.0
2026/7/25,10:49:11,157.5
2026/7/25,10:50:02,167.7
2026/7/25,12:00:19,136.8
2026/7/25,12:00:36,146.9
2026/7/25,12:02:15,157.5
2026/7/25,12:03:24,167.8
2026/7/25,13:32:51,286.2
2026/7/25,13:33:09,306.6
2026/7/25,13:37:23,316.4
2026/7/25,13:38:20,327.0
2026/7/25,15:03:19,187.3
2026/7/25,15:03:36,196.9
2026/7/25,15:08:07,207.3
2026/7/25,15:08:32,227.0
2026/7/25,15:48:22,96.9
2026/7/25,15:49:42,106.9
2026/7/25,15:51:01,116.8
2026/7/25,15:52:21,126.7
2026/7/25,15:53:39,136.8
2026/7/25,15:55:01,147.0
2026/7/25,15:56:25,157.5
2026/7/25,15:57:49,167.7
2026/7/25,15:59:12,177.8
2026/7/25,16:00:36,187.3
2026/7/25,16:02:00,196.9
2026/7/25,16:03:24,207.3
2026/7/25,16:04:47,217.5
2026/7/25,16:06:37,227.0
2026/7/25,16:07:52,236.9
2026/7/25,16:09:16,247.3
2026/7/25,16:10:40,256.7
2026/7/25,16:12:04,266.7
2026/7/25,16:13:28,277.2
2026/7/25,16:14:52,286.2
2026/7/25,16:16:16,296.6
2026/7/25,16:17:41,306.6
2026/7/25,16:19:04,316.3
2026/7/25,16:20:29,327.0
2026/7/25,16:21:53,336.3
2026/7/25,16:59:39,97.0
2026/7/25,17:01:03,106.9
2026/7/25,17:02:32,116.8
2026/7/25,17:03:51,126.7
2026/7/25,17:05:15,136.8
2026/7/25,17:06:39,147.0
2026/7/25,17:08:03,157.4
2026/7/25,17:09:26,167.7
2026/7/25,17:10:51,177.8
2026/7/25,17:12:15,187.3
2026/7/25,17:13:39,196.9
2026/7/25,17:15:01,207.3
2026/7/25,17:16:24,217.5
2026/7/25,17:17:48,226.8
2026/7/25,17:19:12,236.9
2026/7/25,17:20:36,247.4
2026/7/25,17:22:00,256.8
2026/7/25,17:23:24,266.7
2026/7/25,17:24:48,277.2
2026/7/25,17:26:12,286.3
2026/7/25,17:27:36,296.7
2026/7/25,17:29:00,306.6
2026/7/25,17:30:26,316.4
2026/7/25,17:31:48,327.0
2026/7/25,17:33:12,336.4
2026/7/25,18:44:32,96.9
2026/7/25,18:45:56,106.9
2026/7/25,18:47:20,116.8
2026/7/25,18:48:44,126.7
2026/7/25,18:50:08,136.8
2026/7/25,18:51:32,147.0
2026/7/25,18:52:56,157.4
2026/7/25,18:54:21,167.7
2026/7/25,18:55:44,177.8
2026/7/25,18:57:08,187.3
2026/7/25,18:58:32,196.9
2026/7/25,18:59:56,207.3
2026/7/25,19:01:19,217.5
2026/7/25,19:02:43,227.0
2026/7/25,19:04:07,236.8
2026/7/25,19:05:30,247.3
2026/7/25,19:06:54,256.8
2026/7/25,19:08:18,266.7
2026/7/25,19:09:42,277.2
2026/7/25,19:11:06,286.2
2026/7/25,19:12:30,296.7
2026/7/25,19:13:54,306.6
2026/7/25,19:15:18,316.3
2026/7/25,19:16:41,327.1
2026/7/25,19:18:05,336.7
2026/7/25,19:43:21,96.9
2026/7/25,19:44:06,106.9
2026/7/25,19:45:43,116.8
2026/7/25,19:46:55,126.7
2026/7/25,19:48:13,136.8
2026/7/25,19:49:32,147.0
2026/7/25,19:50:52,157.4
2026/7/25,19:52:19,167.7
2026/7/25,19:53:43,177.8
2026/7/25,19:55:07,187.3
2026/7/25,19:56:31,196.8
2026/7/25,19:57:28,207.3
2026/7/25,19:58:48,217.5
2026/7/25,20:00:05,227.0
2026/7/25,20:01:25,236.8
2026/7/25,20:02:44,247.3
2026/7/25,20:04:03,256.7
2026/7/25,20:05:21,266.7
2026/7/25,20:06:41,277.1
2026/7/25,20:08:08,286.2
2026/7/25,20:09:37,296.7
2026/7/25,20:11:03,306.7
2026/7/25,20:12:31,316.3
2026/7/25,20:13:50,327.0
2026/7/25,20:15:09,336.5
2026/7/25,20:52:25,96.9
2026/7/25,20:53:49,106.9
2026/7/25,20:55:13,116.8
2026/7/25,20:56:37,126.7
2026/7/25,20:58:01,136.8
2026/7/25,20:59:25,147.0
2026/7/25,21:00:48,157.4
2026/7/25,21:02:13,167.7
2026/7/25,21:03:36,177.8
2026/7/25,21:05:00,187.3
2026/7/25,21:06:24,196.8
2026/7/25,21:07:50,207.3
2026/7/25,21:09:11,217.5
2026/7/25,21:10:35,227.0
2026/7/25,21:11:59,236.9
2026/7/25,21:13:22,247.4
2026/7/25,21:14:46,256.7
2026/7/25,21:16:10,266.7
2026/7/25,21:17:34,277.2
2026/7/25,21:18:58,286.2
2026/7/25,21:20:22,296.7
2026/7/25,21:21:46,306.5
2026/7/25,21:23:10,316.3
2026/7/25,21:24:34,327.1
2026/7/25,21:25:58,336.5
2026/7/25,22:37:17,96.9
2026/7/25,22:38:41,106.9
2026/7/25,22:40:05,116.8
2026/7/25,22:41:29,126.7
2026/7/25,22:42:53,136.8
2026/7/25,22:44:17,147.0
2026/7/25,22:45:41,157.5
2026/7/25,22:47:05,167.7
2026/7/25,22:48:29,177.8
2026/7/25,22:49:53,187.3
2026/7/25,22:51:17,196.9
2026/7/25,22:52:41,207.2
2026/7/25,22:54:04,217.5
2026/7/25,22:55:28,227.0
2026/7/25,22:56:52,236.8
2026/7/25,22:58:15,247.3
2026/7/25,22:59:39,256.7
2026/7/25,23:01:03,266.7
2026/7/25,23:02:27,277.2
2026/7/25,23:03:51,286.2
2026/7/25,23:05:15,296.6
2026/7/25,23:06:39,306.6
2026/7/25,23:08:03,316.4
2026/7/25,23:09:27,327.1
2026/7/25,23:10:51,336.6
2026/7/26,00:22:11,96.9
2026/7/26,00:23:36,106.9
2026/7/26,00:24:59,116.8
2026/7/26,00:26:23,126.7
2026/7/26,00:27:47,136.8
2026/7/26,00:29:11,147.0
2026/7/26,00:30:35,157.4
2026/7/26,00:31:59,167.7
2026/7/26,00:33:23,177.8
2026/7/26,00:34:48,187.3
2026/7/26,00:36:12,196.9
2026/7/26,00:37:35,207.3
2026/7/26,00:38:58,217.5
2026/7/26,00:40:22,227.0
2026/7/26,00:41:46,236.9
2026/7/26,00:43:10,247.3
2026/7/26,00:44:33,256.7
2026/7/26,00:45:57,266.7
2026/7/26,00:47:21,277.2
2026/7/26,00:48:45,286.2
2026/7/26,00:50:09,296.6
2026/7/26,00:51:35,306.7
2026/7/26,00:52:57,316.4
2026/7/26,00:54:21,327.1
2026/7/26,00:55:45,336.3
2026/7/26,02:07:51,96.9
2026/7/26,02:09:16,106.9
2026/7/26,02:10:48,116.8
2026/7/26,02:12:20,126.7
2026/7/26,02:13:46,136.8
2026/7/26,02:15:14,147.0
2026/7/26,02:16:40,157.4
2026/7/26,02:18:09,167.7
2026/7/26,02:19:28,177.8
2026/7/26,02:20:52,187.3
2026/7/26,02:22:16,196.9
2026/7/26,02:24:00,207.3
2026/7/26,02:25:03,217.5
2026/7/26,02:26:03,227.0
2026/7/26,02:27:21,236.8
2026/7/26,02:28:41,247.3
2026/7/26,02:29:59,256.8
2026/7/26,02:31:18,266.7
2026/7/26,02:32:37,277.2
2026/7/26,02:33:57,286.2
2026/7/26,02:35:16,296.7
2026/7/26,02:36:35,306.6
2026/7/26,02:37:54,316.3
2026/7/26,02:39:14,327.1
2026/7/26,02:40:40,336.2
2026/7/26,03:51:45,96.9
2026/7/26,03:53:09,106.9
2026/7/26,03:54:33,116.8
2026/7/26,03:55:56,126.7
2026/7/26,03:57:20,136.8
2026/7/26,03:58:44,147.0
2026/7/26,04:00:08,157.4
2026/7/26,04:01:32,167.7
2026/7/26,04:02:56,177.8
2026/7/26,04:04:20,187.3
2026/7/26,04:05:44,196.9
2026/7/26,04:07:08,207.3
2026/7/26,04:08:32,217.5
2026/7/26,04:09:55,226.8
2026/7/26,04:11:19,236.8
2026/7/26,04:12:43,247.3
2026/7/26,04:14:06,256.7
2026/7/26,04:15:30,266.7
2026/7/26,04:16:54,277.2
2026/7/26,04:18:18,286.3
2026/7/26,04:19:42,296.6
2026/7/26,04:21:07,306.6
2026/7/26,04:22:30,316.4
2026/7/26,04:23:54,327.1
2026/7/26,04:25:19,336.6
2026/7/26,05:36:35,96.9
2026/7/26,05:37:59,106.9
2026/7/26,05:39:23,116.8
2026/7/26,05:40:47,126.7
2026/7/26,05:42:11,136.8
2026/7/26,05:43:35,146.9
2026/7/26,05:44:59,157.4
2026/7/26,05:46:23,167.7
2026/7/26,05:47:47,177.8
2026/7/26,05:49:11,187.3
2026/7/26,05:50:35,196.9
2026/7/26,05:51:59,207.3
2026/7/26,05:53:22,217.5
2026/7/26,05:54:46,227.0
2026/7/26,05:56:10,236.9
2026/7/26,05:57:34,247.3
2026/7/26,05:58:58,256.7
2026/7/26,06:00:25,266.7
2026/7/26,06:01:46,277.2
2026/7/26,06:03:10,286.2
2026/7/26,06:04:33,296.6
2026/7/26,06:05:57,306.6
2026/7/26,06:07:21,316.3
2026/7/26,06:08:45,327.1
2026/7/26,06:10:09,336.6
2026/7/26,07:03:07,96.9
2026/7/26,07:04:07,107.0
2026/7/26,07:05:38,116.8
2026/7/26,07:06:56,126.7
2026/7/26,07:08:15,136.8
2026/7/26,07:09:33,147.0
2026/7/26,07:10:53,157.4
2026/7/26,07:12:20,167.7
2026/7/26,07:13:45,177.8
2026/7/26,07:15:09,187.3
2026/7/26,07:16:32,196.9
2026/7/26,07:17:28,207.3
2026/7/26,07:18:46,217.5
2026/7/26,07:20:05,226.9
2026/7/26,07:21:25,236.9
2026/7/26,07:22:44,247.4
2026/7/26,07:24:21,256.8
2026/7/26,07:25:21,266.8
2026/7/26,07:26:41,277.2
2026/7/26,07:28:08,286.2
2026/7/26,07:29:35,296.6
2026/7/26,07:31:00,306.6
2026/7/26,07:32:30,316.3
2026/7/26,07:33:49,327.1
2026/7/26,10:41:50,136.8
2026/7/26,10:42:07,147.0
2026/7/26,10:46:09,167.7
2026/7/26,10:47:00,177.8
2026/7/26,11:30:15,96.9
2026/7/26,11:31:09,106.9
2026/7/26,11:32:36,116.8
2026/7/26,11:33:54,126.7
2026/7/26,11:35:14,136.8
2026/7/26,11:36:34,146.9
2026/7/26,11:37:52,157.4
2026/7/26,11:39:18,167.7
2026/7/26,11:40:42,177.8
2026/7/26,11:42:06,187.3
2026/7/26,11:43:31,196.9
2026/7/26,11:44:54,207.3
2026/7/26,11:46:18,217.5
2026/7/26,11:47:42,227.0
2026/7/26,11:49:06,236.8
2026/7/26,11:50:30,247.3
2026/7/26,11:51:54,256.8
2026/7/26,11:53:19,266.7
2026/7/26,11:54:10,277.1
2026/7/26,11:55:31,286.2
2026/7/26,11:56:48,296.7
2026/7/26,11:58:07,306.6
2026/7/26,11:59:27,316.4
2026/7/26,12:00:45,327.0
2026/7/26,12:02:04,336.2
2026/7/26,13:13:00,136.8
2026/7/26,14:24:19,96.9
2026/7/26,14:25:42,106.9
2026/7/26,14:27:06,116.8
2026/7/26,14:28:30,126.7
2026/7/26,14:29:54,136.8
2026/7/26,14:31:18,147.0
2026/7/26,14:32:42,157.4
2026/7/26,14:34:06,167.7
2026/7/26,14:35:30,177.8
2026/7/26,14:36:54,187.3
2026/7/26,14:38:18,196.9
2026/7/26,14:39:42,207.3
2026/7/26,14:41:04,217.5
2026/7/26,14:42:28,227.0
2026/7/26,14:43:53,236.8
2026/7/26,14:45:16,247.4
2026/7/26,14:46:40,256.8
2026/7/26,14:48:04,266.7
2026/7/26,14:49:28,277.1
2026/7/26,14:50:52,286.2
2026/7/26,14:52:16,296.7
2026/7/26,14:53:40,306.6
2026/7/26,14:55:03,316.4
2026/7/26,14:56:27,327.0
2026/7/26,14:57:52,336.6
2026/7/26,16:09:12,96.9
2026/7/26,16:10:36,106.9
2026/7/26,16:12:00,116.8
2026/7/26,16:13:24,126.8
2026/7/26,16:14:48,136.8
2026/7/26,16:16:11,147.0
2026/7/26,16:17:36,157.4
2026/7/26,16:19:00,167.7
2026/7/26,16:20:24,177.8
2026/7/26,16:21:48,187.3
2026/7/26,16:23:12,196.9
2026/7/26,16:24:36,207.3
2026/7/26,16:25:59,217.5
2026/7/26,16:27:23,227.0
2026/7/26,16:28:47,236.8
2026/7/26,16:30:11,247.3
2026/7/26,16:31:34,256.7
2026/7/26,16:32:59,266.7
2026/7/26,16:34:22,277.2
2026/7/26,16:35:46,286.2
2026/7/26,16:37:10,296.7
2026/7/26,16:38:34,306.5
2026/7/26,16:39:58,316.3
2026/7/26,16:41:22,327.0
2026/7/26,16:42:46,336.6
2026/7/26,17:54:03,96.9
2026/7/26,17:55:27,106.9
2026/7/26,17:56:51,116.7
2026/7/26,17:58:15,126.7
2026/7/26,17:59:39,136.8
2026/7/26,18:01:03,147.0
2026/7/26,18:02:27,157.5
2026/7/26,18:03:51,167.7
2026/7/26,18:05:15,177.8
2026/7/26,18:06:38,187.3
2026/7/26,18:08:02,196.9
2026/7/26,18:09:26,207.3
2026/7/26,18:10:49,217.5
2026/7/26,18:12:13,227.0
2026/7/26,18:13:37,236.9
2026/7/26,18:15:01,247.4
2026/7/26,18:16:25,256.8
2026/7/26,18:17:49,266.7
2026/7/26,18:19:13,277.1
2026/7/26,18:20:37,286.2
2026/7/26,18:22:00,296.6
2026/7/26,18:23:24,306.6
2026/7/26,18:24:48,316.4
2026/7/26,18:26:12,327.1
2026/7/26,18:27:36,336.3
2026/7/26,19:28:50,227.0
2026/7/26,19:29:08,236.8
2026/7/26,19:32:53,247.4
2026/7/26,19:33:44,256.7
2026/7/26,20:17:38,96.9
2026/7/26,20:18:58,106.9
2026/7/26,20:20:17,116.9
2026/7/26,20:21:36,126.7
2026/7/26,20:22:55,136.8
2026/7/26,20:24:15,147.0
2026/7/26,20:25:34,157.4
2026/7/26,20:26:53,167.8
2026/7/26,20:28:11,177.8
2026/7/26,20:29:31,187.3
2026/7/26,20:30:58,196.9
2026/7/26,20:32:26,207.3
2026/7/26,20:33:50,217.5
2026/7/26,20:35:20,226.8
2026/7/26,20:36:39,236.9
2026/7/26,20:37:58,247.3
2026/7/26,20:39:16,256.7
2026/7/26,20:40:36,266.7
2026/7/26,20:41:55,277.2
2026/7/26,20:43:14,286.2
2026/7/26,20:44:34,296.6
2026/7/26,20:45:58,306.5
2026/7/26,20:47:22,316.4
2026/7/26,20:48:46,327.1
2026/7/26,20:50:10,336.6
2026/7/26,22:36:27,96.9
2026/7/26,22:37:51,107.0
2026/7/26,22:39:15,116.8
2026/7/26,22:40:39,126.8
2026/7/26,22:42:03,136.8
2026/7/26,22:43:27,147.0
2026/7/26,22:44:51,157.4
2026/7/26,22:46:15,167.8
2026/7/26,22:47:39,177.8
2026/7/26,22:49:03,187.2
2026/7/26,22:50:27,196.9
2026/7/26,22:51:51,207.3
2026/7/26,22:53:13,217.5
2026/7/26,22:54:37,226.8
2026/7/26,22:56:01,236.8
2026/7/26,22:57:25,247.3
2026/7/26,22:58:49,256.8
2026/7/26,23:00:13,266.8
2026/7/26,23:01:37,277.2
2026/7/26,23:03:00,286.2
2026/7/26,23:04:25,296.7
2026/7/26,23:05:48,306.6
2026/7/26,23:07:12,316.4
2026/7/26,23:08:36,327.1
2026/7/26,23:10:00,336.6
2026/7/27,01:51:27,136.8
2026/7/27,01:53:42,147.0
2026/7/27,01:55:58,157.5
2026/7/27,01:58:13,167.7
2026/7/27,02:00:30,177.8
2026/7/27,02:02:52,187.5
2026/7/27,02:05:15,196.8
2026/7/27,02:07:29,207.2
2026/7/27,02:09:46,217.6
2026/7/27,02:12:01,226.8
2026/7/27,02:14:19,236.8
2026/7/27,02:16:32,247.3
2026/7/27,02:18:49,256.8
2026/7/27,02:21:04,266.8
2026/7/27,02:23:20,277.2
2026/7/27,02:25:43,286.2
2026/7/27,02:28:05,296.7
2026/7/27,02:30:21,306.6
2026/7/27,02:32:37,316.3
2026/7/27,02:34:52,327.1
2026/7/27,02:37:08,336.3
2026/7/27,03:18:19,96.9
2026/7/27,03:20:34,106.9
2026/7/27,03:22:50,116.8
2026/7/27,03:25:06,126.7
2026/7/27,03:27:22,136.8
2026/7/27,03:29:36,147.0
2026/7/27,03:31:52,157.4
2026/7/27,03:34:12,167.7
2026/7/27,03:36:34,177.8
2026/7/27,03:38:49,187.3
2026/7/27,03:41:06,196.9
2026/7/27,03:43:21,207.2
2026/7/27,03:45:37,217.5
2026/7/27,03:47:53,226.7
2026/7/27,03:50:09,236.8
2026/7/27,03:52:24,247.3
2026/7/27,07:14:50,256.7
2026/7/27,07:16:34,266.7
2026/7/27,07:18:19,277.1
2026/7/27,07:20:01,286.2
2026/7/27,07:21:43,296.7
2026/7/27,07:23:01,306.6
2026/7/27,07:24:25,316.3
2026/7/27,07:25:41,327.0
2026/7/27,10:44:56,96.9
2026/7/27,10:46:15,106.9
2026/7/27,10:47:35,116.9
2026/7/27,10:49:01,126.7
2026/7/27,10:50:26,136.8
2026/7/27,10:51:49,147.0
2026/7/27,10:53:13,157.4
2026/7/27,10:54:12,167.7
2026/7/27,10:55:31,177.8
2026/7/27,10:56:50,187.3
2026/7/27,10:58:10,196.9
2026/7/27,10:59:30,207.3
2026/7/27,11:00:48,217.4
2026/7/27,13:02:21,96.9
2026/7/27,13:02:37,106.9
2026/7/27,13:06:15,126.8
2026/7/27,13:07:06,136.7
2026/7/27,14:57:52,296.7
2026/7/27,14:58:10,306.6
2026/7/27,15:01:26,316.3
2026/7/27,15:02:17,327.0
2026/7/27,18:06:22,217.5
2026/7/27,18:06:39,227.0
2026/7/27,18:10:32,236.8
2026/7/27,18:11:23,247.3
2026/7/27,19:07:54,96.9
2026/7/27,19:10:51,106.9
2026/7/27,19:12:09,116.8
2026/7/27,19:15:06,126.7
2026/7/27,19:16:33,136.8
2026/7/27,19:19:40,147.0
2026/7/27,19:21:12,157.5
2026/7/27,19:23:55,167.7
2026/7/27,19:25:14,177.8
2026/7/27,19:28:12,187.3
2026/7/27,19:29:31,196.8
2026/7/27,19:32:28,207.3
2026/7/27,19:33:47,217.4
2026/7/27,19:36:45,226.7
2026/7/27,19:38:10,236.8
2026/7/27,19:41:17,247.4
2026/7/27,19:42:50,256.7
2026/7/27,19:45:33,266.7
2026/7/27,19:46:52,277.2
2026/7/27,19:49:50,286.2
2026/7/27,19:51:09,296.6
2026/7/27,19:54:06,306.6
2026/7/27,19:55:26,316.4
2026/7/27,19:58:23,327.0
2026/7/27,19:59:50,336.3
2026/7/27,21:45:22,217.5
2026/7/27,21:45:39,226.8
2026/7/27,21:49:41,236.8
2026/7/27,21:50:32,247.3
2026/7/27,22:46:52,96.9
2026/7/27,22:49:50,107.0
2026/7/27,22:51:08,116.9
2026/7/27,22:54:07,126.7
2026/7/27,22:55:31,136.8
2026/7/27,22:58:37,147.0
2026/7/27,23:00:13,157.5
2026/7/27,23:02:51,167.7
2026/7/27,23:04:10,177.8
2026/7/27,23:07:07,187.3
2026/7/27,23:08:26,196.8
2026/7/27,23:11:22,207.2
2026/7/27,23:12:41,217.5
2026/7/27,23:15:37,226.9
2026/7/27,23:17:03,236.8
2026/7/27,23:20:07,247.3
2026/7/27,23:21:42,256.7
2026/7/27,23:24:21,266.7
2026/7/27,23:25:40,277.2
2026/7/27,23:28:36,286.2
2026/7/27,23:29:56,296.6
2026/7/27,23:32:52,306.6
2026/7/27,23:34:11,316.4
2026/7/27,23:37:07,327.1
2026/7/27,23:38:33,336.2
2026/7/28,01:36:21,96.9
2026/7/28,01:37:57,106.9
2026/7/28,01:40:37,116.8
2026/7/28,01:41:55,126.7
2026/7/28,01:45:35,136.8
2026/7/28,01:46:53,147.0
2026/7/28,01:50:39,157.5
2026/7/28,01:51:57,167.7
2026/7/28,01:55:40,177.8
2026/7/28,01:57:09,187.2
2026/7/28,02:00:57,196.9
2026/7/28,02:02:16,207.3
2026/7/28,02:05:57,217.5
2026/7/28,02:07:28,227.0
2026/7/28,02:10:55,236.8
2026/7/28,02:12:27,247.3
2026/7/28,02:15:53,256.7
2026/7/28,02:17:25,266.6
2026/7/28,02:20:50,277.2
2026/7/28,02:22:24,286.2
2026/7/28,02:25:58,296.5
2026/7/28,02:27:17,306.6
2026/7/28,02:30:56,316.3
2026/7/28,02:32:30,327.0
2026/7/28,02:35:54,336.2
2026/7/28,05:08:02,96.9
2026/7/28,05:11:32,106.9
2026/7/28,05:13:03,116.8
2026/7/28,05:16:15,126.7
2026/7/28,05:17:39,136.8
2026/7/28,05:20:44,146.9
2026/7/28,05:22:22,157.5
2026/7/28,05:24:57,167.7
2026/7/28,05:26:17,177.8
2026/7/28,05:29:12,187.3
2026/7/28,05:30:31,196.8
2026/7/28,05:33:26,207.3
2026/7/28,05:34:46,217.4
2026/7/28,05:37:41,226.7
2026/7/28,05:39:07,236.8
2026/7/28,05:42:11,247.4
2026/7/28,05:43:47,256.8
2026/7/28,05:46:25,266.7
2026/7/28,05:47:45,277.1
2026/7/28,05:50:40,286.2
2026/7/28,05:52:00,296.6
2026/7/28,05:54:54,306.6
2026/7/28,05:56:14,316.4
2026/7/28,05:59:08,327.0
2026/7/28,06:00:35,336.2
2026/7/28,08:14:21,96.9
2026/7/28,08:14:38,106.9
2026/7/28,08:18:53,116.8
2026/7/28,08:20:16,126.7
2026/7/28,10:21:04,116.8
2026/7/28,11:12:22,96.9
2026/7/28,11:12:39,106.9
2026/7/28,11:16:08,116.9
2026/7/28,11:17:00,126.7
2026/7/28,11:46:52,96.9
2026/7/28,11:47:09,106.9
2026/7/28,11:50:40,117.0
2026/7/28,11:51:32,126.7
2026/7/28,12:29:52,136.8
2026/7/28,12:30:09,147.0
2026/7/28,12:34:01,157.4
2026/7/28,12:34:52,167.7
2026/7/28,14:01:26,96.9
2026/7/28,14:02:51,106.9
2026/7/28,14:05:06,116.8
2026/7/28,14:06:35,126.7
2026/7/28,14:08:00,136.8
2026/7/28,14:10:02,147.0
2026/7/28,14:11:43,157.4
2026/7/28,14:12:38,167.7
2026/7/28,14:14:57,177.8
2026/7/28,14:16:38,187.3
2026/7/28,14:18:03,196.9
2026/7/28,14:20:16,207.3
2026/7/28,14:21:36,217.5
2026/7/28,14:23:01,226.9
2026/7/28,14:25:13,236.9
2026/7/28,14:26:54,247.3
2026/7/28,14:27:51,256.8
2026/7/28,14:30:08,266.7
2026/7/28,14:31:27,277.2
2026/7/28,14:32:45,286.2
2026/7/28,14:35:03,296.7
2026/7/28,14:36:23,306.6
2026/7/28,14:37:41,316.4
2026/7/28,14:39:59,327.1
2026/7/28,14:41:42,336.6
2026/7/28,15:13:52,96.9
2026/7/28,15:14:09,106.9
2026/7/28,15:18:25,126.7
2026/7/28,15:19:16,136.8
2026/7/28,17:48:43,96.9
2026/7/28,17:50:03,126.7
2026/7/28,17:51:23,177.7
2026/7/28,17:52:42,286.2
2026/7/28,17:54:01,296.6
2026/7/28,17:55:21,306.6
2026/7/28,19:29:22,147.0
2026/7/28,19:29:39,157.5
2026/7/28,19:33:01,167.7
2026/7/28,19:33:53,177.8
2026/7/28,20:42:45,96.9
2026/7/28,20:44:09,106.9
2026/7/28,20:45:33,116.8
2026/7/28,20:46:57,126.7
2026/7/28,20:48:21,136.8
2026/7/28,20:49:44,147.0
2026/7/28,20:51:08,157.4
2026/7/28,20:52:32,167.7
2026/7/28,20:53:57,177.8
2026/7/28,20:55:20,187.3
2026/7/28,20:56:44,196.9
2026/7/28,20:58:08,207.3
2026/7/28,20:59:31,217.5
2026/7/28,21:00:55,227.0
2026/7/28,21:02:19,236.8
2026/7/28,21:03:43,247.4
2026/7/28,21:05:06,256.7
2026/7/28,21:06:30,266.7
2026/7/28,21:07:54,277.1
2026/7/28,21:09:18,286.1
2026/7/28,21:10:42,296.7
2026/7/28,21:12:06,306.6
2026/7/28,21:13:30,316.4
2026/7/28,21:14:54,327.0
2026/7/28,21:16:18,336.2
2026/7/28,22:27:36,96.9
2026/7/28,22:29:01,106.9
2026/7/28,22:30:24,116.8
2026/7/28,22:31:48,126.7
2026/7/28,22:33:12,136.8
2026/7/28,22:34:37,146.9
2026/7/28,22:36:00,157.5
2026/7/28,22:37:24,167.7
2026/7/28,22:38:48,177.7
2026/7/28,22:40:12,187.3
2026/7/28,22:41:36,196.9
2026/7/28,22:43:00,207.3
2026/7/28,22:44:23,217.5
2026/7/28,22:45:47,227.0
2026/7/28,22:47:11,236.8
2026/7/28,22:48:35,247.3
2026/7/28,22:49:59,256.7
2026/7/28,22:51:23,266.7
2026/7/28,22:52:47,277.2
2026/7/28,22:54:10,286.2
2026/7/28,22:55:34,296.7
2026/7/28,22:56:58,306.6
2026/7/28,22:58:22,316.4
2026/7/28,22:59:46,327.1
2026/7/28,23:01:10,336.1
2026/7/28,23:55:41,96.9
2026/7/28,23:57:05,106.9
2026/7/28,23:58:29,116.8
2026/7/28,23:59:52,126.7
2026/7/29,00:01:16,136.8
2026/7/29,00:02:41,146.9
2026/7/29,00:04:04,157.5
2026/7/29,00:05:29,167.7
2026/7/29,00:06:52,177.8
2026/7/29,00:08:16,187.3
2026/7/29,00:09:41,196.9
2026/7/29,00:11:05,207.3
2026/7/29,00:12:28,217.5
2026/7/29,00:13:51,227.0
2026/7/29,00:15:17,236.8
2026/7/29,00:16:39,247.4
2026/7/29,00:18:03,256.7
2026/7/29,00:19:27,266.7
2026/7/29,00:20:51,277.2
2026/7/29,00:22:15,286.2
2026/7/29,00:23:39,296.6
2026/7/29,00:25:03,306.6
2026/7/29,00:26:27,316.3
2026/7/29,00:27:51,327.1
2026/7/29,00:29:15,336.4
2026/7/29,01:40:33,96.9
2026/7/29,01:41:57,106.9
2026/7/29,01:43:21,116.8
2026/7/29,01:44:45,126.7
2026/7/29,01:46:09,136.8
2026/7/29,01:47:32,147.0
2026/7/29,01:48:56,157.4
2026/7/29,01:50:20,167.7
2026/7/29,01:51:44,177.8
2026/7/29,01:53:08,187.3
2026/7/29,01:54:33,196.9
2026/7/29,01:55:57,207.3
2026/7/29,01:57:20,217.5
2026/7/29,01:58:44,227.0
2026/7/29,02:00:08,236.8
2026/7/29,02:01:32,247.4
2026/7/29,02:02:56,256.7
2026/7/29,02:04:20,266.7
2026/7/29,02:06:05,277.1
2026/7/29,02:07:08,286.2
2026/7/29,02:08:31,296.6
2026/7/29,02:09:55,306.6
2026/7/29,02:11:19,316.4
2026/7/29,02:12:43,327.0
2026/7/29,02:14:07,336.3
2026/7/29,03:25:25,96.9
2026/7/29,03:26:49,106.9
2026/7/29,03:28:13,116.8
2026/7/29,03:29:37,126.7
2026/7/29,03:31:02,136.8
2026/7/29,03:32:25,146.9
2026/7/29,03:33:49,157.5
2026/7/29,03:35:13,167.7
2026/7/29,03:36:37,177.8
2026/7/29,03:38:01,187.3
2026/7/29,03:39:25,196.9
2026/7/29,03:40:49,207.3
2026/7/29,03:42:12,217.5
2026/7/29,03:43:36,227.0
2026/7/29,03:45:00,236.8
2026/7/29,03:46:23,247.3
2026/7/29,03:47:48,256.7
2026/7/29,03:49:11,266.7
2026/7/29,03:50:35,277.1
2026/7/29,03:51:59,286.2
2026/7/29,03:53:23,296.6
2026/7/29,03:54:47,306.7
2026/7/29,03:56:11,316.3
2026/7/29,03:57:35,327.1
2026/7/29,03:59:06,336.6
2026/7/29,04:36:44,96.9
2026/7/29,04:38:09,106.9
2026/7/29,04:39:32,117.0
2026/7/29,04:40:56,126.7
2026/7/29,04:42:20,136.8
2026/7/29,04:43:44,146.9
2026/7/29,04:45:08,157.4
2026/7/29,04:46:32,167.7
2026/7/29,04:47:57,177.8
2026/7/29,04:49:20,187.2
2026/7/29,04:50:44,196.8
2026/7/29,04:52:07,207.3
2026/7/29,04:53:31,217.5
2026/7/29,04:55:16,226.7
2026/7/29,04:56:19,236.8
2026/7/29,04:57:42,247.4
2026/7/29,04:59:07,256.7
2026/7/29,05:00:31,266.7
2026/7/29,05:01:55,277.2
2026/7/29,05:03:19,286.2
2026/7/29,05:04:42,296.6
2026/7/29,05:06:06,306.6
2026/7/29,05:07:30,316.3
2026/7/29,05:08:54,327.0
2026/7/29,05:10:18,336.3
2026/7/29,06:21:37,96.9
2026/7/29,06:23:02,106.9
2026/7/29,06:24:25,116.8
2026/7/29,06:25:49,126.7
2026/7/29,06:27:13,136.8
2026/7/29,06:28:37,146.9
2026/7/29,06:30:01,157.5
2026/7/29,06:31:25,167.7
2026/7/29,06:32:49,177.8
2026/7/29,06:34:13,187.3
2026/7/29,06:35:37,196.9
2026/7/29,06:37:01,207.3
2026/7/29,06:38:24,217.5
2026/7/29,06:39:48,227.0
2026/7/29,06:41:12,236.9
2026/7/29,06:42:36,247.3
2026/7/29,06:44:00,256.7
2026/7/29,06:45:24,266.7
2026/7/29,06:46:50,277.1
2026/7/29,06:48:11,286.2
2026/7/29,06:49:35,296.7
2026/7/29,06:50:59,306.6
2026/7/29,06:52:23,316.4
2026/7/29,06:53:47,327.0
2026/7/29,06:55:11,336.5
2026/7/29,07:41:20,97.0
2026/7/29,07:42:45,106.9
2026/7/29,07:44:07,116.9
2026/7/29,07:45:31,126.8
2026/7/29,07:46:55,136.8
2026/7/29,07:48:17,146.9
2026/7/29,07:49:41,157.5
2026/7/29,07:51:05,167.7
2026/7/29,07:52:29,177.8
2026/7/29,07:53:53,187.3
2026/7/29,07:55:17,196.9
2026/7/29,07:56:41,207.3
2026/7/29,07:58:05,217.5
2026/7/29,07:59:29,227.0
2026/7/29,08:00:53,236.9
2026/7/29,08:02:17,247.4
2026/7/29,08:03:41,256.8
2026/7/29,08:05:05,266.7
2026/7/29,08:06:29,277.2
2026/7/29,08:07:53,286.2
2026/7/29,08:09:17,296.7
2026/7/29,08:10:43,306.5
2026/7/29,08:12:05,316.4
2026/7/29,08:13:29,327.1
2026/7/29,08:14:53,336.3
2026/7/29,08:44:52,96.9
2026/7/29,08:45:09,106.9
2026/7/29,08:48:31,116.9
2026/7/29,08:49:23,126.7
2026/7/29,09:21:05,177.8
2026/7/29,09:21:22,187.3
2026/7/29,09:25:40,196.8
2026/7/29,09:26:31,207.3
2026/7/29,11:41:53,217.5
2026/7/29,11:42:10,227.0
2026/7/29,11:45:32,236.8
2026/7/29,11:46:22,247.3
2026/7/29,12:12:55,96.9
2026/7/29,12:13:56,106.9
2026/7/29,12:15:27,116.9
2026/7/29,12:16:44,126.7
2026/7/29,12:18:03,136.8
2026/7/29,12:19:22,147.0
2026/7/29,12:20:41,157.4
2026/7/29,12:22:08,167.7
2026/7/29,12:23:32,177.7
2026/7/29,12:24:56,187.3
2026/7/29,12:26:20,196.8
2026/7/29,12:27:17,207.3
2026/7/29,12:28:35,217.5
2026/7/29,12:29:54,227.0
2026/7/29,12:31:14,236.9
2026/7/29,12:32:32,247.4
2026/7/29,12:33:51,256.8
2026/7/29,12:35:10,266.8
2026/7/29,12:36:30,277.2
2026/7/29,12:37:57,286.2
2026/7/29,12:39:24,296.6
2026/7/29,12:40:49,306.6
2026/7/29,12:42:19,316.3
2026/7/29,12:43:38,327.0
2026/7/29,12:44:57,336.6
2026/7/29,19:08:52,96.9
2026/7/29,19:09:09,107.0
2026/7/29,19:13:04,116.8
2026/7/29,19:13:55,126.7
2026/7/29,20:22:45,96.9
2026/7/29,20:24:10,106.9
2026/7/29,20:25:34,116.8
2026/7/29,20:26:58,126.6
2026/7/29,20:28:22,136.8
2026/7/29,20:29:46,147.0
2026/7/29,20:31:10,157.4
2026/7/29,20:32:33,167.7
2026/7/29,20:33:58,177.7
2026/7/29,20:35:22,187.2
2026/7/29,20:36:46,196.9
2026/7/29,20:38:09,207.3
2026/7/29,20:39:32,217.6
2026/7/29,20:40:56,227.0
2026/7/29,20:42:20,236.8
2026/7/29,20:43:44,247.3
2026/7/29,20:45:08,256.8
2026/7/29,20:46:32,266.7
2026/7/29,20:47:56,277.2
2026/7/29,20:49:20,286.2
2026/7/29,20:50:44,296.6
2026/7/29,20:52:08,306.6
2026/7/29,20:53:32,316.4
2026/7/29,20:54:56,327.0
2026/7/29,20:56:20,336.6
2026/7/29,21:38:16,96.9
2026/7/29,21:39:40,106.9
2026/7/29,21:41:03,116.8
2026/7/29,21:42:27,126.7
2026/7/29,21:43:51,136.8
2026/7/29,21:45:15,147.0
2026/7/29,21:46:39,157.5
2026/7/29,21:48:03,167.7
2026/7/29,21:49:26,177.8
2026/7/29,21:50:56,187.3
2026/7/29,21:52:14,196.9
2026/7/29,21:53:38,207.3
2026/7/29,21:55:01,217.5
2026/7/29,21:56:24,227.0
2026/7/29,21:57:48,236.8
2026/7/29,21:59:12,247.3
2026/7/29,22:00:36,256.7
2026/7/29,22:02:00,266.7
2026/7/29,22:03:24,277.2
2026/7/29,22:04:48,286.3
2026/7/29,22:06:12,296.6
2026/7/29,22:07:36,306.6
2026/7/29,22:09:00,316.4
2026/7/29,22:10:24,327.1
2026/7/29,22:11:48,336.2
2026/7/29,23:06:26,96.9
2026/7/29,23:07:42,106.9
2026/7/29,23:09:07,116.8
2026/7/29,23:10:31,126.7
2026/7/29,23:11:54,136.8
2026/7/29,23:13:19,147.0
2026/7/29,23:14:42,157.4
2026/7/29,23:16:06,167.7
2026/7/29,23:17:30,177.8
2026/7/29,23:18:54,187.2
2026/7/29,23:20:18,196.9
2026/7/29,23:21:42,207.3
2026/7/29,23:23:05,217.6
2026/7/29,23:24:29,227.0
2026/7/29,23:25:53,236.8
2026/7/29,23:27:16,247.3
2026/7/29,23:28:41,256.7
2026/7/29,23:30:04,266.7
2026/7/29,23:31:28,277.1
2026/7/29,23:32:52,286.2
2026/7/29,23:34:16,296.6
2026/7/29,23:35:40,306.6
2026/7/29,23:37:04,316.3
2026/7/29,23:38:28,327.1
2026/7/29,23:39:52,336.2
2026/7/30,00:45:35,96.9
2026/7/30,00:46:59,106.8
2026/7/30,00:48:23,116.8
2026/7/30,00:49:47,126.6
2026/7/30,00:51:11,136.8
2026/7/30,00:52:35,146.9
2026/7/30,00:53:59,157.4
2026/7/30,00:55:23,177.8
2026/7/30,00:56:47,187.2
2026/7/30,00:58:11,196.9
2026/7/30,00:59:35,217.5
2026/7/30,01:00:59,227.0
2026/7/30,01:02:22,236.8
2026/7/30,01:03:46,247.3
2026/7/30,01:05:10,266.7
2026/7/30,01:06:34,277.2
2026/7/30,01:07:58,286.2
2026/7/30,01:09:22,296.6
2026/7/30,01:10:46,316.3
2026/7/30,01:12:09,327.1
2026/7/30,01:13:33,336.2
2026/7/30,02:24:50,96.9
2026/7/30,02:26:13,106.9
2026/7/30,02:27:37,116.8
2026/7/30,02:29:01,126.7
2026/7/30,02:30:25,136.7
2026/7/30,02:31:49,146.9
2026/7/30,02:33:13,157.4
2026/7/30,02:34:37,167.7
2026/7/30,02:36:00,177.8
2026/7/30,02:37:24,187.3
2026/7/30,02:38:48,196.9
2026/7/30,02:40:12,207.3
2026/7/30,02:41:35,217.5
2026/7/30,02:42:59,226.9
2026/7/30,02:44:22,236.8
2026/7/30,02:45:47,247.4
2026/7/30,02:47:11,256.8
2026/7/30,02:48:34,266.7
2026/7/30,02:49:58,277.1
2026/7/30,02:51:22,286.3
2026/7/30,02:52:46,296.6
2026/7/30,02:54:10,306.6
2026/7/30,02:55:34,316.4
2026/7/30,02:56:58,327.1
2026/7/30,02:58:22,336.3
2026/7/30,03:54:23,227.0
2026/7/30,03:54:40,236.9
2026/7/30,03:58:36,247.3
2026/7/30,03:59:29,256.7
2026/7/30,05:08:20,96.9
2026/7/30,05:09:44,106.9
2026/7/30,05:11:08,116.7
2026/7/30,05:12:32,126.7
2026/7/30,05:13:56,136.8
2026/7/30,05:15:20,147.0
2026/7/30,05:16:44,157.4
2026/7/30,05:18:08,167.7
2026/7/30,05:19:32,177.8
2026/7/30,05:20:55,187.3
2026/7/30,05:22:19,196.9
2026/7/30,05:23:43,207.3
2026/7/30,05:25:08,217.5
2026/7/30,05:26:30,227.0
2026/7/30,05:27:54,236.8
2026/7/30,05:29:17,247.3
2026/7/30,05:30:41,256.7
2026/7/30,05:32:05,266.7
2026/7/30,05:33:29,277.1
2026/7/30,05:34:53,286.2
2026/7/30,05:36:17,296.7
2026/7/30,05:37:41,306.6
2026/7/30,05:39:05,316.4
2026/7/30,05:40:29,327.1
2026/7/30,05:41:53,336.5
2026/7/30,06:53:09,96.8
2026/7/30,06:54:33,106.9
2026/7/30,06:55:57,116.8
2026/7/30,06:57:21,126.7
2026/7/30,06:58:45,136.8
2026/7/30,07:00:09,147.0
2026/7/30,07:01:33,157.5
2026/7/30,07:02:57,167.7
2026/7/30,07:04:21,177.8
2026/7/30,07:06:26,187.4
2026/7/30,07:07:10,196.8
2026/7/30,07:08:34,207.3
2026/7/30,07:09:57,217.5
2026/7/30,07:11:21,227.0
2026/7/30,07:12:45,236.9
2026/7/30,07:14:09,247.4
2026/7/30,07:15:32,256.8
2026/7/30,07:16:57,266.7
2026/7/30,07:18:21,277.2
2026/7/30,07:19:44,286.2
2026/7/30,07:21:08,296.6
2026/7/30,07:22:32,306.6
2026/7/30,07:23:56,316.3
2026/7/30,07:25:20,327.0
2026/7/30,07:26:44,336.3
2026/7/30,08:16:23,136.8
2026/7/30,08:16:40,146.9
2026/7/30,08:19:53,157.4
2026/7/30,08:20:43,167.7
2026/7/30,08:55:10,96.9
2026/7/30,08:56:29,106.9
2026/7/30,08:57:48,116.9
2026/7/30,08:59:07,126.7
2026/7/30,09:00:25,136.8
2026/7/30,09:01:45,147.0
2026/7/30,09:03:04,157.5
2026/7/30,09:04:26,167.7
2026/7/30,09:05:50,177.8
2026/7/30,09:07:14,187.4
2026/7/30,09:08:38,196.8
2026/7/30,09:10:03,207.3
2026/7/30,09:11:24,217.5
2026/7/30,09:12:48,226.8
2026/7/30,09:14:12,236.8
2026/7/30,09:15:36,247.3
2026/7/30,09:17:00,256.7
2026/7/30,09:18:24,266.7
2026/7/30,09:19:48,277.1
2026/7/30,09:21:12,286.2
2026/7/30,09:22:36,296.7
2026/7/30,09:24:00,306.6
2026/7/30,09:25:23,316.3
2026/7/30,09:26:48,327.0
2026/7/30,09:28:15,336.6
2026/7/30,10:39:31,96.9
2026/7/30,10:40:55,106.9
2026/7/30,10:42:19,116.9
2026/7/30,10:43:43,126.7
2026/7/30,10:45:07,136.9
2026/7/30,10:46:31,146.9
2026/7/30,10:47:55,157.4
2026/7/30,10:49:19,167.7
2026/7/30,10:50:43,177.8
2026/7/30,10:52:07,187.3
2026/7/30,10:53:31,196.9
2026/7/30,10:54:55,207.2
2026/7/30,10:56:18,217.5
2026/7/30,10:58:01,227.0
2026/7/30,10:59:17,236.8
2026/7/30,11:00:41,247.3
2026/7/30,11:02:05,256.7
2026/7/30,11:03:28,266.7
2026/7/30,11:04:52,277.2
2026/7/30,11:06:16,286.2
2026/7/30,11:07:40,296.7
2026/7/30,11:09:04,306.6
2026/7/30,11:10:29,316.4
2026/7/30,11:11:52,327.0
2026/7/30,11:13:16,336.5
2026/7/30,11:36:54,277.2
2026/7/30,11:37:12,286.1
2026/7/30,11:41:24,296.5
2026/7/30,11:42:29,306.6
2026/7/30,12:51:06,96.9
2026/7/30,13:45:54,187.3
2026/7/30,13:46:36,196.9
2026/7/30,13:48:07,207.3
2026/7/30,13:49:25,217.5
2026/7/30,14:59:17,96.9
2026/7/30,15:00:41,106.9
2026/7/30,15:02:05,116.8
2026/7/30,15:03:29,126.7
2026/7/30,15:04:53,136.8
2026/7/30,15:06:17,146.9
2026/7/30,15:07:41,157.4
2026/7/30,15:09:05,167.7
2026/7/30,15:10:29,177.8
2026/7/30,15:11:53,187.3
2026/7/30,15:13:17,196.9
2026/7/30,15:14:41,207.3
2026/7/30,15:16:03,217.5
2026/7/30,15:17:27,227.0
2026/7/30,15:18:51,236.9
2026/7/30,15:20:15,247.3
2026/7/30,15:21:39,256.7
2026/7/30,15:23:03,266.7
2026/7/30,15:24:27,277.1
2026/7/30,15:25:51,286.2
2026/7/30,15:27:15,296.6
2026/7/30,15:28:39,306.6
2026/7/30,15:30:03,316.3
2026/7/30,15:31:27,327.0
2026/7/30,15:32:50,336.2
2026/7/30,16:46:28,96.9
2026/7/30,17:40:35,106.9
2026/7/30,17:40:52,116.9
2026/7/30,17:44:19,126.7
2026/7/30,17:45:48,136.8
2026/7/30,18:20:43,106.9
2026/7/30,18:22:02,116.8
2026/7/30,18:23:21,126.7
2026/7/30,18:24:39,136.8
2026/7/30,18:26:04,146.9
2026/7/30,18:27:27,157.4
2026/7/30,18:28:52,167.7
2026/7/30,18:30:15,177.8
2026/7/30,18:31:40,187.3
2026/7/30,18:33:03,196.9
2026/7/30,18:34:28,207.3
2026/7/30,18:35:51,217.5
2026/7/30,18:37:14,227.0
2026/7/30,18:38:38,236.8
2026/7/30,18:40:02,247.3
2026/7/30,18:41:26,256.7
2026/7/30,18:42:51,266.7
2026/7/30,18:44:14,277.2
2026/7/30,18:45:38,286.2
2026/7/30,18:47:01,296.7
2026/7/30,18:48:25,306.6
2026/7/30,18:49:50,316.3
2026/7/30,18:51:13,327.0
2026/7/30,18:52:37,336.3
2026/7/30,19:14:54,96.9
2026/7/30,19:15:10,106.9
2026/7/30,19:18:23,116.9
2026/7/30,19:19:16,126.7
2026/7/30,20:04:20,96.9
2026/7/30,20:05:44,106.9
2026/7/30,20:07:08,116.8
2026/7/30,20:08:32,126.7
2026/7/30,20:09:56,136.8
2026/7/30,20:11:20,146.9
2026/7/30,20:12:44,157.4
2026/7/30,20:14:08,167.7
2026/7/30,20:15:33,177.8
2026/7/30,20:16:57,187.4
2026/7/30,20:18:20,196.8
2026/7/30,20:19:44,207.2
2026/7/30,20:21:07,217.5
2026/7/30,20:22:31,227.0
2026/7/30,20:23:55,236.8
2026/7/30,20:25:19,247.4
2026/7/30,20:26:43,256.8
2026/7/30,20:28:07,266.7
2026/7/30,20:29:31,277.2
2026/7/30,20:30:55,286.2
2026/7/30,20:32:19,296.6
2026/7/30,20:33:43,306.6
2026/7/30,20:35:07,316.4
2026/7/30,20:36:30,327.1
2026/7/30,20:37:55,336.2
2026/7/30,21:49:15,96.9
2026/7/30,21:50:39,106.9
2026/7/30,21:52:03,116.8
2026/7/30,21:53:27,126.7
2026/7/30,21:54:51,136.8
2026/7/30,21:56:15,146.9
2026/7/30,21:57:40,157.4
2026/7/30,21:59:03,167.8
2026/7/30,22:00:27,177.8
2026/7/30,22:01:51,187.2
2026/7/30,22:03:15,196.9
2026/7/30,22:04:39,207.3
2026/7/30,22:06:01,217.5
2026/7/30,22:07:25,227.0
2026/7/30,22:08:54,236.8
2026/7/30,22:10:13,247.4
2026/7/30,22:11:37,256.7
2026/7/30,22:13:01,266.6
2026/7/30,22:14:25,277.2
2026/7/30,22:15:49,286.2
2026/7/30,22:17:12,296.6
2026/7/30,22:18:36,306.6
2026/7/30,22:20:01,316.3
2026/7/30,22:21:24,327.0
2026/7/30,22:22:48,336.2
2026/7/31,00:49:23,136.8
2026/7/31,00:49:40,147.0
2026/7/31,00:53:46,157.4
2026/7/31,00:54:37,167.7
2026/7/31,01:30:12,96.9
2026/7/31,01:31:31,106.9
2026/7/31,01:32:50,116.8
2026/7/31,01:34:08,126.7
2026/7/31,01:35:28,147.0
2026/7/31,01:36:51,157.5
2026/7/31,01:38:15,167.7
2026/7/31,01:39:38,177.8
2026/7/31,01:41:02,207.3
2026/7/31,01:42:26,217.5
2026/7/31,01:43:50,227.0
2026/7/31,01:45:14,236.8
2026/7/31,01:46:58,247.3
2026/7/31,01:48:02,256.7
2026/7/31,01:49:26,266.7
2026/7/31,01:50:50,286.2
2026/7/31,01:52:14,296.7
2026/7/31,01:53:38,306.6
2026/7/31,01:55:02,316.3
2026/7/31,01:56:26,327.0
2026/7/31,01:57:50,336.2
2026/7/31,03:09:09,96.9
2026/7/31,03:10:33,106.9
2026/7/31,03:11:57,116.8
2026/7/31,03:13:20,126.7
2026/7/31,03:14:45,136.8
2026/7/31,03:16:11,146.9
2026/7/31,03:17:33,157.4
2026/7/31,03:18:56,167.7
2026/7/31,03:20:21,177.8
2026/7/31,03:21:45,187.3
2026/7/31,03:23:09,196.9
2026/7/31,03:24:33,207.3
2026/7/31,03:25:55,217.5
2026/7/31,03:27:19,227.0
2026/7/31,03:28:43,236.8
2026/7/31,03:30:07,247.3
2026/7/31,03:31:59,256.7
2026/7/31,03:33:14,266.7
2026/7/31,03:34:51,277.2
2026/7/31,03:36:07,286.2
2026/7/31,03:37:31,296.6
2026/7/31,03:38:55,306.5
2026/7/31,03:40:19,316.4
2026/7/31,03:41:43,327.0
2026/7/31,03:43:06,336.4
2026/7/31,04:25:05,96.9
2026/7/31,04:26:29,106.9
2026/7/31,04:27:53,117.0
2026/7/31,04:29:17,126.7
2026/7/31,04:30:41,136.8
2026/7/31,04:32:04,146.9
2026/7/31,04:33:28,157.4
2026/7/31,04:34:52,167.7
2026/7/31,04:36:15,177.8
2026/7/31,04:37:39,187.3
2026/7/31,04:39:04,196.9
2026/7/31,04:40:28,207.3
2026/7/31,04:41:50,217.5
2026/7/31,04:43:14,227.0
2026/7/31,04:44:38,236.9
2026/7/31,04:46:02,247.4
2026/7/31,04:47:26,256.7
2026/7/31,04:48:50,266.7
2026/7/31,04:50:14,277.2
2026/7/31,04:51:38,286.2
2026/7/31,04:53:02,296.6
2026/7/31,04:54:26,306.6
2026/7/31,04:55:50,316.3
2026/7/31,04:57:14,327.1
2026/7/31,04:58:38,336.5
2026/7/31,07:00:53,96.9
2026/7/31,07:01:10,106.9
2026/7/31,07:04:35,116.9
2026/7/31,07:05:27,126.7
2026/7/31,08:14:15,96.9
2026/7/31,08:15:39,106.8
2026/7/31,08:17:02,116.8
2026/7/31,08:18:26,126.7
2026/7/31,08:19:50,136.8
2026/7/31,08:21:14,147.0
2026/7/31,08:22:38,157.4
2026/7/31,08:24:03,167.7
2026/7/31,08:25:27,177.8
2026/7/31,08:26:51,187.3
2026/7/31,08:28:15,196.9
2026/7/31,08:29:39,207.3
2026/7/31,08:31:01,217.5
2026/7/31,08:32:25,227.0
2026/7/31,08:34:10,236.8
2026/7/31,08:35:13,247.3
2026/7/31,08:37:19,256.8
2026/7/31,08:38:01,266.8
2026/7/31,08:39:25,277.2
2026/7/31,08:40:49,286.2
2026/7/31,08:42:13,296.6
2026/7/31,08:43:37,306.6
2026/7/31,08:45:01,316.3
2026/7/31,08:46:25,327.0
2026/7/31,08:47:49,336.6
2026/7/31,09:13:19,96.9
2026/7/31,09:14:15,106.9
2026/7/31,09:15:46,117.0
2026/7/31,09:17:04,126.8
2026/7/31,09:18:23,136.8
2026/7/31,09:19:41,146.9
2026/7/31,09:21:01,157.4
2026/7/31,09:22:28,167.7
2026/7/31,09:23:52,177.8
2026/7/31,09:25:16,187.3
2026/7/31,09:26:40,196.9
2026/7/31,09:27:37,207.2
2026/7/31,09:28:55,217.5
2026/7/31,09:30:14,227.0
2026/7/31,09:31:34,236.8
2026/7/31,09:32:53,247.3
2026/7/31,09:34:11,256.7
2026/7/31,09:35:30,266.7
2026/7/31,09:36:50,277.2
2026/7/31,09:38:17,286.2
2026/7/31,09:39:43,296.7
2026/7/31,09:41:08,306.6
2026/7/31,09:42:35,316.3
2026/7/31,09:43:54,327.1
2026/7/31,09:45:13,336.2
2026/7/31,10:09:44,96.9
2026/7/31,10:10:43,106.9
2026/7/31,10:12:15,116.9
2026/7/31,10:13:33,126.7
2026/7/31,10:14:52,136.8
2026/7/31,10:16:10,147.0
2026/7/31,10:17:30,157.4
2026/7/31,10:18:56,167.7
2026/7/31,10:20:21,177.8
2026/7/31,10:21:44,187.3
2026/7/31,10:23:08,196.9
2026/7/31,10:24:05,207.3
2026/7/31,10:25:25,217.5
2026/7/31,10:26:42,226.7
2026/7/31,10:28:02,236.9
2026/7/31,10:29:21,247.4
2026/7/31,10:30:40,256.8
2026/7/31,10:31:58,266.7
2026/7/31,10:33:18,277.1
2026/7/31,10:34:46,286.2
2026/7/31,10:36:14,296.7
2026/7/31,10:37:38,306.7
2026/7/31,10:39:08,316.3
2026/7/31,10:40:27,327.1
2026/7/31,10:41:46,336.6
2026/7/31,11:52:37,96.9
2026/7/31,11:54:01,106.9
2026/7/31,11:55:25,116.8
2026/7/31,11:56:49,126.7
2026/7/31,11:58:13,136.7
2026/7/31,11:59:37,146.9
2026/7/31,12:01:01,157.4
2026/7/31,12:02:27,167.7
2026/7/31,12:03:50,177.7
2026/7/31,12:05:13,187.3
2026/7/31,12:06:37,196.9
2026/7/31,12:08:01,207.3
2026/7/31,12:09:24,217.5
2026/7/31,12:10:48,227.0
2026/7/31,12:12:12,236.8
2026/7/31,12:13:36,247.3
2026/7/31,12:15:00,256.7
2026/7/31,12:16:24,266.7
2026/7/31,12:17:48,277.1
2026/7/31,12:19:12,286.1
2026/7/31,12:20:36,296.7
2026/7/31,12:22:00,306.6
2026/7/31,12:23:24,316.3
2026/7/31,12:24:48,327.1
2026/7/31,12:26:12,336.2
2026/7/31,13:37:31,96.9
2026/7/31,13:38:56,106.9
2026/7/31,13:40:20,116.8
2026/7/31,13:41:43,126.7
2026/7/31,13:43:07,136.8
2026/7/31,13:44:31,147.0
2026/7/31,13:45:55,157.4
2026/7/31,13:47:19,167.7
2026/7/31,13:48:43,177.8
2026/7/31,13:50:07,187.3
2026/7/31,13:51:31,196.9
2026/7/31,13:52:55,207.3
2026/7/31,13:54:22,217.5
2026/7/31,13:55:42,227.0
2026/7/31,13:57:06,236.8
2026/7/31,13:58:30,247.3
2026/7/31,13:59:54,256.8
2026/7/31,14:01:18,266.7
2026/7/31,14:02:42,277.2
2026/7/31,14:04:05,286.2
2026/7/31,14:05:29,296.7
2026/7/31,14:06:53,306.6
2026/7/31,14:08:17,316.4
2026/7/31,14:09:41,327.0
2026/7/31,14:11:05,336.3
2026/7/31,14:48:51,96.9
2026/7/31,14:50:16,106.9
2026/7/31,14:51:39,116.8
2026/7/31,14:53:02,126.7
2026/7/31,14:54:26,136.8
2026/7/31,14:55:50,147.0
2026/7/31,14:57:14,157.4
2026/7/31,14:58:38,167.7
2026/7/31,15:00:02,177.8
2026/7/31,15:01:26,187.3
2026/7/31,15:02:50,196.9
2026/7/31,15:04:14,207.3
2026/7/31,15:05:37,217.5
2026/7/31,15:07:01,227.0
2026/7/31,15:08:25,236.9
2026/7/31,15:09:49,247.3
2026/7/31,15:11:42,256.7
2026/7/31,15:12:57,266.7
2026/7/31,15:14:22,277.2
2026/7/31,15:15:45,286.2
2026/7/31,15:17:09,296.6
2026/7/31,15:18:33,306.6
2026/7/31,15:19:57,316.3
2026/7/31,15:21:22,327.0
2026/7/31,15:22:45,336.3
2026/7/31,20:30:06,96.9
2026/7/31,20:30:23,106.9
2026/7/31,20:35:06,116.9
2026/7/31,20:35:44,126.7
2026/7/31,23:10:11,217.5
2026/8/1,00:07:54,136.8
2026/8/1,00:08:11,146.9
2026/8/1,00:11:28,157.4
2026/8/1,00:12:19,167.7
2026/8/1,04:34:58,96.9
2026/8/1,04:36:17,106.9
2026/8/1,04:37:37,116.9
2026/8/1,04:39:04,126.7
2026/8/1,04:40:28,136.8
2026/8/1,04:41:52,147.0
2026/8/1,04:42:48,157.5
2026/8/1,04:44:00,167.7
2026/8/1,04:45:11,177.8
2026/8/1,04:46:29,187.3
2026/8/1,04:47:49,196.8
2026/8/1,04:49:07,207.3
2026/8/1,06:52:25,177.8
2026/8/1,06:52:42,187.2
2026/8/1,06:55:55,196.9
2026/8/1,06:56:47,207.3
2026/8/1,09:35:01,116.9
2026/8/1,09:36:20,126.7
2026/8/1,09:40:30,157.4
2026/8/1,09:41:14,167.7
2026/8/1,09:44:04,196.8
2026/8/1,09:45:14,207.3
2026/8/1,11:11:27,96.9
2026/8/1,11:11:44,106.9
2026/8/1,11:12:14,116.9
2026/8/1,11:13:00,126.7
2026/8/1,11:13:52,136.8
2026/8/1,11:14:58,147.0
2026/8/1,11:16:22,157.5
2026/8/1,11:17:47,167.7
2026/8/1,11:19:23,177.8
2026/8/1,11:20:10,187.2
2026/8/1,11:21:29,196.8
2026/8/1,11:22:56,207.3
2026/8/1,11:24:21,217.5
2026/8/1,11:25:44,227.0
2026/8/1,11:26:45,236.8
2026/8/1,11:28:32,247.3
2026/8/1,11:29:56,256.8
2026/8/1,11:31:20,266.8
2026/8/1,11:32:44,277.2
2026/8/1,11:34:08,286.2
2026/8/1,11:35:09,296.6
2026/8/1,11:36:27,306.6
2026/8/1,11:37:45,316.3
2026/8/1,11:39:05,327.1
2026/8/1,11:40:24,336.6
2026/8/1,12:39:16,96.9
2026/8/1,12:40:35,107.0
2026/8/1,12:41:54,116.8
2026/8/1,12:43:21,126.7
2026/8/1,12:46:22,136.8
2026/8/1,12:47:33,146.9
2026/8/1,15:09:37,217.4
2026/8/1,15:09:54,227.0
2026/8/1,15:13:13,236.8
2026/8/1,15:14:03,247.2
2026/8/1,15:14:58,256.7
2026/8/1,15:15:58,266.7
2026/8/1,15:17:28,277.1
2026/8/1,15:18:46,286.1
2026/8/1,16:46:25,296.6
2026/8/1,16:46:43,306.4
2026/8/1,16:50:00,316.4
2026/8/1,16:50:53,327.0
2026/8/1,18:08:25,217.4
2026/8/1,18:08:42,226.9
2026/8/1,18:12:19,236.8
2026/8/1,18:13:12,247.3
2026/8/1,18:52:41,96.9
2026/8/1,18:54:06,106.9
2026/8/1,18:55:30,116.9
2026/8/1,18:56:54,126.7
2026/8/1,19:49:46,96.9
2026/8/1,19:51:06,106.9
2026/8/1,19:52:25,116.8
2026/8/1,20:16:18,96.9
2026/8/1,20:17:19,107.0
2026/8/1,20:18:50,117.0
2026/8/1,20:20:08,126.7
2026/8/1,20:21:27,136.8
2026/8/1,20:22:45,146.9
2026/8/1,20:24:06,157.4
2026/8/1,20:25:32,167.7
2026/8/1,20:26:56,177.8
2026/8/1,20:28:20,187.3
2026/8/1,20:29:44,196.9
2026/8/1,20:30:42,207.3
2026/8/1,20:32:00,217.5
2026/8/1,20:33:19,227.0
2026/8/1,20:34:56,236.8
2026/8/1,20:35:59,247.3
2026/8/1,20:37:17,256.7
2026/8/1,20:38:36,266.7
2026/8/1,20:39:57,277.2
2026/8/1,20:41:22,286.2
2026/8/1,20:42:49,296.6
2026/8/1,20:44:16,306.6
2026/8/1,20:45:45,316.3
2026/8/1,20:47:04,327.0
2026/8/1,20:48:23,336.3
2026/8/1,21:28:30,96.9
2026/8/1,21:29:54,107.0
2026/8/1,21:31:17,116.9
2026/8/1,21:32:42,126.8
2026/8/1,21:34:06,136.7
2026/8/1,21:35:30,147.0
2026/8/1,21:36:54,157.5
2026/8/1,21:38:18,167.7
2026/8/1,21:39:42,177.8
2026/8/1,21:41:06,187.3
2026/8/1,21:42:29,196.9
2026/8/1,21:43:53,207.3
2026/8/1,21:45:17,217.5
2026/8/1,21:46:40,227.0
2026/8/1,21:48:04,236.8
2026/8/1,21:49:28,247.3
2026/8/1,21:50:52,256.7
2026/8/1,21:52:16,266.7
2026/8/1,21:53:39,277.2
2026/8/1,21:55:03,286.2
2026/8/1,21:56:27,296.7
2026/8/1,21:57:51,306.7
2026/8/1,21:59:15,316.4
2026/8/1,22:00:39,327.1
2026/8/1,22:02:03,336.3
2026/8/1,23:13:27,256.7
2026/8/1,23:14:51,266.7
2026/8/1,23:16:15,277.2
2026/8/1,23:17:39,286.2
2026/8/1,23:56:48,96.9
2026/8/1,23:58:12,106.9
2026/8/1,23:59:36,116.8
2026/8/2,00:01:02,126.7
2026/8/2,00:02:24,136.8
2026/8/2,00:03:48,147.0
2026/8/2,00:05:13,157.4
2026/8/2,00:06:36,167.7
2026/8/2,00:08:00,177.8
2026/8/2,00:09:25,187.3
2026/8/2,00:10:47,196.9
2026/8/2,00:12:11,207.3
2026/8/2,00:13:35,217.5
2026/8/2,00:14:58,227.0
2026/8/2,00:16:22,236.8
2026/8/2,00:17:46,247.3
2026/8/2,00:20:05,256.8
2026/8/2,00:20:39,266.7
2026/8/2,00:22:03,277.2
2026/8/2,00:23:27,286.2
2026/8/2,00:24:51,296.7
2026/8/2,00:26:15,306.6
2026/8/2,00:27:39,316.4
2026/8/2,00:29:05,327.0
2026/8/2,00:30:27,336.3
2026/8/2,01:01:17,177.8
2026/8/2,01:01:34,187.5
2026/8/2,01:01:57,196.9
2026/8/2,01:02:45,207.3
2026/8/2,01:39:47,96.9
2026/8/2,01:41:06,106.9
2026/8/2,01:42:26,116.8
2026/8/2,01:43:45,126.7
2026/8/2,01:45:14,136.8
2026/8/2,01:46:33,147.0
2026/8/2,01:47:54,157.4
2026/8/2,01:49:20,167.7
2026/8/2,01:50:42,177.8
2026/8/2,01:52:06,187.2
2026/8/2,01:53:29,196.9
2026/8/2,01:54:53,207.3
2026/8/2,01:56:16,217.5
2026/8/2,01:57:39,226.7
2026/8/2,01:59:03,236.8
2026/8/2,02:00:27,247.3
2026/8/2,02:01:51,256.8
2026/8/2,02:03:15,266.7
2026/8/2,02:04:38,277.2
2026/8/2,02:06:02,286.3
2026/8/2,02:07:26,296.6
2026/8/2,02:08:50,306.7
2026/8/2,02:10:14,316.4
2026/8/2,02:11:39,327.1
2026/8/2,02:13:03,336.2
2026/8/2,03:24:21,96.9
2026/8/2,03:25:45,106.9
2026/8/2,03:27:09,116.8
2026/8/2,03:28:33,126.7
2026/8/2,03:29:57,136.8
2026/8/2,03:31:21,147.0
2026/8/2,03:32:45,157.5
2026/8/2,03:34:08,167.7
2026/8/2,03:35:33,177.8
2026/8/2,03:36:57,187.2
2026/8/2,03:38:21,196.9
2026/8/2,03:39:45,207.3
2026/8/2,03:41:49,217.5
2026/8/2,03:42:31,227.0
2026/8/2,03:43:55,236.8
2026/8/2,03:45:19,247.3
2026/8/2,03:46:44,256.8
2026/8/2,03:48:08,266.7
2026/8/2,03:49:31,277.1
2026/8/2,03:50:55,286.2
2026/8/2,03:52:19,296.6
2026/8/2,03:53:43,306.7
2026/8/2,03:55:07,316.4
2026/8/2,03:56:31,327.1
2026/8/2,03:57:55,336.3
2026/8/2,04:45:28,207.2
2026/8/2,04:46:51,217.5
2026/8/2,04:48:16,227.0
2026/8/2,04:49:39,236.8
2026/8/2,04:51:02,247.4
2026/8/2,04:52:26,256.7
2026/8/2,04:53:49,266.7
2026/8/2,04:55:13,277.1
2026/8/2,04:56:37,286.2
2026/8/2,04:58:01,296.7
2026/8/2,04:59:25,306.7
2026/8/2,05:00:49,316.4
2026/8/2,05:02:13,327.1
2026/8/2,05:03:37,336.6
2026/8/2,05:47:34,96.9
2026/8/2,05:49:08,106.9
2026/8/2,05:50:43,116.8
2026/8/2,05:52:34,126.7
2026/8/2,05:53:57,136.8
2026/8/2,05:55:21,147.0
2026/8/2,05:56:19,157.4
2026/8/2,05:58:09,167.7
2026/8/2,05:59:05,177.8
2026/8/2,06:00:26,187.3
2026/8/2,06:01:53,196.9
2026/8/2,06:03:12,207.3
2026/8/2,06:04:40,217.4
2026/8/2,06:05:50,227.0
2026/8/2,06:07:09,236.9
2026/8/2,06:08:28,247.3
2026/8/2,06:09:46,256.7
2026/8/2,06:11:07,266.7
2026/8/2,06:12:26,277.1
2026/8/2,06:13:44,286.2
2026/8/2,06:15:10,296.7
2026/8/2,06:16:36,306.6
2026/8/2,06:17:55,316.3
2026/8/2,06:19:13,327.0
2026/8/2,06:20:32,336.6
2026/8/2,07:31:51,96.9
2026/8/2,07:33:15,106.9
2026/8/2,07:34:39,116.8
2026/8/2,07:36:03,126.7
2026/8/2,07:37:27,136.8
2026/8/2,07:38:50,147.0
2026/8/2,07:40:14,157.5
2026/8/2,07:41:38,167.7
2026/8/2,07:43:02,177.8
2026/8/2,07:44:26,187.3
2026/8/2,07:45:50,196.9
2026/8/2,07:47:14,207.2
2026/8/2,07:48:37,217.5
2026/8/2,07:50:12,227.0
2026/8/2,07:51:27,236.8
2026/8/2,07:52:51,247.3
2026/8/2,07:54:15,256.7
2026/8/2,07:55:39,266.7
2026/8/2,07:57:03,277.1
2026/8/2,07:58:27,286.2
2026/8/2,07:59:50,296.6
2026/8/2,08:01:14,306.6
2026/8/2,08:02:38,316.4
2026/8/2,08:04:02,327.0
2026/8/2,08:05:26,336.6
2026/8/2,09:16:47,96.9
2026/8/2,09:18:11,106.9
2026/8/2,09:19:34,116.8
2026/8/2,09:20:58,126.7
2026/8/2,09:22:22,136.8
2026/8/2,09:23:46,147.0
2026/8/2,09:25:11,157.5
2026/8/2,09:26:34,167.7
2026/8/2,09:27:58,177.8
2026/8/2,09:29:22,187.3
2026/8/2,09:30:46,196.9
2026/8/2,09:32:10,207.3
2026/8/2,09:33:33,217.6
2026/8/2,09:34:57,227.0
2026/8/2,09:36:21,236.8
2026/8/2,09:37:45,247.3
2026/8/2,09:39:09,256.7
2026/8/2,09:40:33,266.7
2026/8/2,09:41:57,277.1
2026/8/2,09:43:20,286.2
2026/8/2,09:44:44,296.6
2026/8/2,09:46:08,306.5
2026/8/2,09:47:32,316.3
2026/8/2,09:48:56,327.0
2026/8/2,09:50:20,336.2
2026/8/2,11:04:10,96.9
2026/8/2,11:05:29,106.9
2026/8/2,11:06:56,116.8
2026/8/2,11:08:16,126.7
2026/8/2,11:09:38,136.8
2026/8/2,11:11:03,146.9
2026/8/2,11:12:23,157.4
2026/8/2,11:13:43,167.7
2026/8/2,11:15:06,177.8
2026/8/2,11:16:31,187.3
2026/8/2,11:17:54,196.9
2026/8/2,11:19:18,207.3
2026/8/2,11:20:41,217.5
2026/8/2,11:22:06,227.0
2026/8/2,11:23:29,236.8
2026/8/2,11:24:53,247.3
2026/8/2,11:26:17,256.7
2026/8/2,11:27:41,266.7
2026/8/2,11:29:05,277.2
2026/8/2,11:30:29,286.2
2026/8/2,11:31:52,296.6
2026/8/2,11:33:16,306.6
2026/8/2,11:34:40,316.4
2026/8/2,11:36:04,327.0
2026/8/2,11:37:28,336.3
2026/8/2,12:36:11,116.8
2026/8/2,13:41:54,96.9
2026/8/2,13:43:19,106.9
2026/8/2,13:44:43,116.8
2026/8/2,13:46:07,126.7
2026/8/2,13:47:30,136.8
2026/8/2,13:48:54,146.9
2026/8/2,13:50:18,157.5
2026/8/2,13:51:42,167.7
2026/8/2,13:53:06,177.8
2026/8/2,13:54:31,187.3
2026/8/2,13:55:54,196.9
2026/8/2,13:57:18,207.3
2026/8/2,13:59:02,217.5
2026/8/2,14:00:05,227.0
2026/8/2,14:01:29,236.8
2026/8/2,14:02:52,247.3
2026/8/2,14:04:17,256.7
2026/8/2,14:05:40,266.7
2026/8/2,14:07:04,277.2
2026/8/2,14:08:28,286.2
2026/8/2,14:09:52,296.6
2026/8/2,14:11:16,306.5
2026/8/2,14:12:40,316.4
2026/8/2,14:14:03,327.0
2026/8/2,14:15:28,336.5
2026/8/2,15:26:46,96.9
2026/8/2,15:28:11,106.9
2026/8/2,15:29:34,116.8
2026/8/2,15:30:58,126.7
2026/8/2,15:32:22,136.8
2026/8/2,15:33:46,147.0
2026/8/2,15:35:10,157.4
2026/8/2,15:36:34,167.7
2026/8/2,15:37:59,177.8
2026/8/2,15:39:22,187.3
2026/8/2,15:40:46,196.9
2026/8/2,15:42:10,207.3
2026/8/2,15:43:33,217.5
2026/8/2,15:44:57,226.8
2026/8/2,15:46:21,236.8
2026/8/2,15:47:45,247.3
2026/8/2,15:49:09,256.7
2026/8/2,15:50:33,266.6
2026/8/2,15:51:57,277.1
2026/8/2,15:53:21,286.2
2026/8/2,15:54:45,296.6
2026/8/2,15:56:09,306.6
2026/8/2,15:57:33,316.3
2026/8/2,15:58:57,327.0
2026/8/2,16:00:21,336.6
2026/8/2,16:38:06,96.9
2026/8/2,16:39:30,106.9
2026/8/2,16:40:54,116.8
2026/8/2,16:42:18,126.7
2026/8/2,16:43:42,136.8
2026/8/2,16:45:06,147.0
2026/8/2,16:46:30,157.4
2026/8/2,16:47:54,167.7
2026/8/2,16:49:18,177.8
2026/8/2,16:50:42,187.3
2026/8/2,16:52:06,196.9
2026/8/2,16:53:29,207.2
2026/8/2,16:54:53,217.5
2026/8/2,16:56:16,226.7
2026/8/2,16:57:41,236.9
2026/8/2,16:59:04,247.3
2026/8/2,17:00:28,256.7
2026/8/2,17:01:53,266.6
2026/8/2,17:03:17,277.1
2026/8/2,17:04:40,286.2
2026/8/2,17:06:04,296.6
2026/8/2,17:07:29,306.6
2026/8/2,17:08:53,316.3
2026/8/2,17:45:56,296.6
2026/8/2,17:46:14,306.7
2026/8/2,17:50:01,316.3
2026/8/2,17:50:51,327.0
2026/8/2,18:35:54,96.9
2026/8/2,18:37:18,106.9
2026/8/2,18:38:42,116.8
2026/8/2,18:40:05,126.7
2026/8/2,18:41:29,136.8
2026/8/2,18:42:53,147.0
2026/8/2,18:44:17,157.4
2026/8/2,18:45:41,167.7
2026/8/2,18:47:05,177.8
2026/8/2,18:48:30,187.3
2026/8/2,18:49:54,196.9
2026/8/2,18:51:17,207.3
2026/8/2,18:52:41,217.5
2026/8/2,18:54:05,227.0
2026/8/2,18:55:28,236.8
2026/8/2,18:56:53,247.3
2026/8/2,18:58:16,256.8
2026/8/2,18:59:40,266.7
2026/8/2,19:01:04,277.1
2026/8/2,19:02:28,286.1
2026/8/2,19:03:52,296.7
2026/8/2,19:05:16,306.6
2026/8/2,19:06:40,316.4
2026/8/2,19:08:04,327.0
2026/8/2,19:09:28,336.3
2026/8/2,20:04:00,116.8
2026/8/2,20:05:24,126.7
2026/8/2,20:06:48,136.8
2026/8/2,20:08:11,146.9
2026/8/2,20:09:36,157.4
2026/8/2,20:10:59,167.7
2026/8/2,20:12:24,177.8
2026/8/2,20:13:47,187.3
2026/8/2,20:15:12,196.9
2026/8/2,20:16:36,207.3
2026/8/2,20:18:00,217.5
2026/8/2,20:19:24,227.0
2026/8/2,20:20:46,236.8
2026/8/2,20:22:10,247.3
2026/8/2,20:23:34,256.8
2026/8/2,20:24:58,266.7
2026/8/2,20:26:22,277.2
2026/8/2,20:27:46,286.2
2026/8/2,20:29:10,296.7
2026/8/2,20:30:34,306.6
2026/8/2,20:31:58,316.3
2026/8/2,20:33:21,327.0
2026/8/2,20:34:45,336.6
2026/8/2,21:46:04,96.9
2026/8/2,21:47:28,106.9
2026/8/2,21:48:52,116.8
2026/8/2,21:50:16,126.7
2026/8/2,21:51:40,136.8
2026/8/2,21:53:04,147.0
2026/8/2,21:54:28,157.4
2026/8/2,21:55:52,167.7
2026/8/2,21:57:16,177.8
2026/8/2,21:58:40,187.2
2026/8/2,22:00:04,196.9
2026/8/2,22:01:28,207.2
2026/8/2,22:03:12,217.5
2026/8/2,22:04:15,227.0
2026/8/2,22:05:39,236.8
2026/8/2,22:07:03,247.3
2026/8/2,22:08:26,256.7
2026/8/2,22:09:50,266.7
2026/8/2,22:11:14,277.2
2026/8/2,22:12:38,286.2
2026/8/2,22:14:01,296.6
2026/8/2,22:15:26,306.5
2026/8/2,22:16:50,316.3
2026/8/2,22:18:13,327.0
2026/8/2,22:19:37,336.6
2026/8/2,23:30:56,96.9
2026/8/2,23:32:20,106.9
2026/8/2,23:33:44,116.8
2026/8/2,23:35:08,126.7
2026/8/2,23:36:32,136.8
2026/8/2,23:37:56,146.9
2026/8/2,23:39:20,157.4
2026/8/2,23:40:44,177.8
2026/8/2,23:42:08,187.3
2026/8/2,23:43:31,196.9
2026/8/2,23:44:56,217.6
2026/8/2,23:46:19,227.0
2026/8/2,23:47:42,247.4
2026/8/2,23:49:06,266.7
2026/8/2,23:50:31,277.2
2026/8/2,23:51:55,286.2
2026/8/2,23:53:19,296.6
2026/8/2,23:54:43,306.5
2026/8/2,23:56:07,316.4
2026/8/2,23:57:30,327.0
2026/8/2,23:58:54,336.2
2026/8/3,01:49:24,296.7
2026/8/3,01:49:42,306.6
2026/8/3,01:53:35,316.4
2026/8/3,01:54:28,327.0
2026/8/3,02:46:56,296.7
2026/8/3,02:47:14,306.5
2026/8/3,02:50:55,316.4
2026/8/3,02:51:47,327.0
2026/8/3,03:26:02,96.9
2026/8/3,03:27:22,106.9
2026/8/3,03:28:41,116.8
2026/8/3,03:30:00,126.7
2026/8/3,03:31:18,136.8
2026/8/3,03:32:39,146.9
2026/8/3,03:34:02,157.4
2026/8/3,03:35:26,167.7
2026/8/3,03:36:51,177.8
2026/8/3,03:38:14,187.3
2026/8/3,03:39:38,196.9
2026/8/3,03:41:02,207.3
2026/8/3,03:42:24,217.5
2026/8/3,03:43:49,227.0
2026/8/3,03:45:12,236.8
2026/8/3,03:46:37,247.3
2026/8/3,03:48:00,256.7
2026/8/3,03:49:27,266.7
2026/8/3,03:50:48,277.1
2026/8/3,03:52:34,286.2
2026/8/3,03:53:36,296.6
2026/8/3,03:55:00,306.6
2026/8/3,03:56:24,316.3
2026/8/3,03:57:48,327.0
2026/8/3,03:59:12,336.6
2026/8/3,05:10:31,96.9
2026/8/3,05:11:55,106.9
2026/8/3,05:13:19,116.8
2026/8/3,05:14:42,126.7
2026/8/3,05:16:07,136.8
2026/8/3,05:17:31,146.9
2026/8/3,05:18:55,157.4
2026/8/3,05:20:19,167.7
2026/8/3,05:21:43,177.8
2026/8/3,05:23:07,187.3
2026/8/3,05:24:31,196.9
2026/8/3,05:25:55,207.3
2026/8/3,05:27:18,217.5
2026/8/3,05:28:42,226.7
2026/8/3,05:30:06,236.8
2026/8/3,05:31:30,247.3
2026/8/3,05:32:54,256.7
2026/8/3,05:34:17,266.7
2026/8/3,05:35:41,277.2
2026/8/3,05:37:05,286.2
2026/8/3,05:38:29,296.6
2026/8/3,05:39:53,306.6
2026/8/3,05:41:19,316.3
2026/8/3,05:42:41,327.1
2026/8/3,05:44:05,336.2
2026/8/3,06:55:24,96.9
2026/8/3,06:56:48,106.9
2026/8/3,06:58:12,116.8
2026/8/3,06:59:36,126.7
2026/8/3,07:01:00,136.8
2026/8/3,07:02:24,146.9
2026/8/3,07:03:48,157.4
2026/8/3,07:05:12,167.7
2026/8/3,07:06:36,177.8
2026/8/3,07:08:00,187.3
2026/8/3,07:09:24,196.9
2026/8/3,07:10:48,207.3
2026/8/3,07:12:11,217.5
2026/8/3,07:13:34,227.0
2026/8/3,07:14:58,236.9
2026/8/3,07:16:22,247.3
2026/8/3,07:17:46,256.8
2026/8/3,07:19:10,266.7
2026/8/3,07:20:34,277.2
2026/8/3,07:21:58,286.2
2026/8/3,07:23:22,296.6
2026/8/3,07:24:46,306.6
2026/8/3,07:26:09,316.4
2026/8/3,07:27:34,327.1
2026/8/3,07:28:58,336.4
2026/8/3,08:43:00,96.9
2026/8/3,08:44:33,106.9
2026/8/3,08:46:03,116.8
2026/8/3,08:47:35,126.7
2026/8/3,08:49:03,136.8
2026/8/3,08:50:22,147.0
2026/8/3,08:51:46,157.4
2026/8/3,08:53:10,167.7
2026/8/3,08:54:35,177.8
2026/8/3,08:55:59,187.3
2026/8/3,08:57:23,196.8
2026/8/3,08:58:45,207.3
2026/8/3,09:00:11,217.5
2026/8/3,09:01:53,226.9
2026/8/3,09:03:08,236.8
2026/8/3,09:04:08,247.3
2026/8/3,09:05:29,256.7
2026/8/3,09:06:48,266.7
2026/8/3,09:08:07,277.1
2026/8/3,09:09:26,286.2
2026/8/3,09:10:46,296.7
2026/8/3,09:12:05,306.6
2026/8/3,09:13:25,316.3
2026/8/3,09:14:44,327.0
2026/8/3,09:16:05,336.5
2026/8/3,10:15:50,96.9
2026/8/3,10:17:14,106.9
2026/8/3,10:18:38,116.7
2026/8/3,10:20:02,126.7
2026/8/3,10:21:26,136.8
2026/8/3,10:22:54,146.9
2026/8/3,10:24:14,157.4
2026/8/3,10:25:38,167.7
2026/8/3,10:27:02,177.8
2026/8/3,10:28:26,187.3
2026/8/3,10:29:50,196.9
2026/8/3,10:31:14,207.3
2026/8/3,10:32:37,217.5
2026/8/3,10:34:01,227.0
2026/8/3,10:35:25,236.8
2026/8/3,10:36:48,247.3
2026/8/3,10:38:12,256.7
2026/8/3,10:39:36,266.7
2026/8/3,10:41:00,277.2
2026/8/3,10:42:24,286.2
2026/8/3,10:43:48,296.7
2026/8/3,10:45:12,306.6
2026/8/3,10:46:36,316.3
2026/8/3,10:48:00,327.0
2026/8/3,10:49:24,336.3
2026/8/3,11:45:48,96.9
2026/8/3,11:47:07,106.9
2026/8/3,11:48:27,116.8
2026/8/3,11:49:46,126.7
2026/8/3,11:51:05,136.8
2026/8/3,11:52:24,147.0
2026/8/3,11:53:44,157.4
2026/8/3,11:55:07,167.7
2026/8/3,11:56:31,177.8
2026/8/3,11:57:55,187.3
2026/8/3,11:59:20,196.9
2026/8/3,12:00:43,207.3
2026/8/3,12:02:27,217.5
2026/8/3,12:03:30,227.0
2026/8/3,12:04:54,236.8
2026/8/3,12:06:18,247.3
2026/8/3,12:07:42,256.7
2026/8/3,12:09:06,266.7
2026/8/3,12:10:32,277.2
2026/8/3,12:11:54,286.2
2026/8/3,12:13:18,296.6
2026/8/3,12:14:42,306.6
2026/8/3,12:16:06,316.3
2026/8/3,12:17:30,327.0
2026/8/3,13:24:39,96.9
2026/8/3,13:26:03,106.9
2026/8/3,13:27:27,116.8
2026/8/3,13:28:51,126.7
2026/8/3,13:30:15,136.8
2026/8/3,13:31:39,146.9
2026/8/3,13:33:03,157.4
2026/8/3,13:34:29,167.7
2026/8/3,13:35:51,177.8
2026/8/3,13:37:15,187.3
2026/8/3,13:38:39,196.9
2026/8/3,13:40:03,207.3
2026/8/3,13:41:26,217.5
2026/8/3,13:42:49,227.0
2026/8/3,13:44:13,236.8
2026/8/3,13:45:37,247.3
2026/8/3,13:47:01,256.7
2026/8/3,13:48:25,266.7
2026/8/3,13:49:49,277.1
2026/8/3,13:51:13,286.2
2026/8/3,13:52:37,296.6
2026/8/3,13:54:01,306.6
2026/8/3,13:55:25,316.4
2026/8/3,13:56:49,327.0
2026/8/3,13:58:13,336.7
2026/8/3,16:03:56,266.7
2026/8/3,16:04:14,277.2
2026/8/3,16:07:26,286.1
2026/8/3,16:08:20,296.7
2026/8/3,17:41:56,266.7
2026/8/3,17:42:14,277.2
2026/8/3,17:45:43,286.2
2026/8/3,17:46:20,296.6
2026/8/3,18:35:58,96.9
2026/8/3,18:37:24,106.9
2026/8/3,18:39:29,116.9
2026/8/3,18:40:48,126.7
2026/8/3,18:42:21,136.8
2026/8/3,18:44:24,146.9
2026/8/3,18:45:42,157.4
2026/8/3,18:47:01,167.7
2026/8/3,18:49:18,177.8
2026/8/3,18:50:37,187.3
2026/8/3,18:51:57,196.9
2026/8/3,18:54:11,207.3
2026/8/3,18:55:31,217.4
2026/8/3,18:56:49,226.9
2026/8/3,18:59:06,236.8
2026/8/3,19:00:52,247.3
2026/8/3,19:02:17,256.8
2026/8/3,19:04:21,266.7
2026/8/3,19:05:40,277.2
2026/8/3,19:07:14,286.2
2026/8/3,19:09:16,296.6
2026/8/3,19:10:36,306.6
2026/8/3,19:11:54,316.4
2026/8/3,19:14:10,327.0
2026/8/3,19:15:30,336.2
2026/8/3,20:40:30,96.9
2026/8/3,20:41:56,106.9
2026/8/3,20:44:00,116.8
2026/8/3,20:45:19,126.7
2026/8/3,20:46:52,136.8
2026/8/3,20:48:56,147.0
2026/8/3,20:50:14,157.4
2026/8/3,20:51:33,167.7
2026/8/3,20:53:49,177.8
2026/8/3,20:55:08,187.1
2026/8/3,20:56:26,196.9
2026/8/3,20:58:42,207.3
2026/8/3,21:00:02,217.5
2026/8/3,21:01:20,227.0
2026/8/3,21:03:37,236.9
2026/8/3,21:05:23,247.3
2026/8/3,21:06:49,256.8
2026/8/3,21:08:53,266.8
2026/8/3,21:10:12,277.2
2026/8/3,21:11:45,286.2
2026/8/3,21:13:48,296.7
2026/8/3,21:15:07,306.5
2026/8/3,21:16:25,316.4
2026/8/3,21:18:42,327.0
2026/8/3,21:20:27,336.2
2026/8/3,22:45:50,96.9
2026/8/3,22:47:15,106.9
2026/8/3,22:49:48,116.8
2026/8/3,22:51:06,126.7
2026/8/3,22:52:25,136.7
2026/8/3,22:54:57,147.0
2026/8/3,22:56:25,157.5
2026/8/3,22:57:50,167.7
2026/8/3,23:00:08,177.8
2026/8/3,23:01:33,187.3
2026/8/3,23:02:58,196.9
2026/8/3,23:05:15,207.2
2026/8/3,23:06:45,217.5
2026/8/3,23:08:10,227.0
2026/8/3,23:10:25,236.9
2026/8/3,23:11:54,247.3
2026/8/3,23:13:20,256.7
2026/8/3,23:15:59,266.7
2026/8/3,23:17:18,277.2
2026/8/3,23:18:36,286.2
2026/8/3,23:21:09,296.6
2026/8/3,23:22:37,306.5
2026/8/3,23:24:02,316.4
2026/8/3,23:26:18,327.1
2026/8/3,23:27:47,336.6
2026/8/4,00:53:02,96.9
2026/8/4,00:54:27,106.9
2026/8/4,00:56:34,116.8
2026/8/4,01:58:45,96.9
2026/8/4,02:01:03,106.9
2026/8/4,02:02:22,117.0
2026/8/4,02:03:41,126.7
2026/8/4,02:05:58,136.8
2026/8/4,02:07:45,147.0
2026/8/4,02:09:10,157.4
2026/8/4,02:11:16,167.7
2026/8/4,02:12:35,177.8
2026/8/4,02:14:27,187.3
2026/8/4,02:16:09,196.9
2026/8/4,02:17:29,207.3
2026/8/4,02:18:47,217.5
2026/8/4,02:21:03,226.8
2026/8/4,02:22:23,236.8
2026/8/4,02:23:41,247.3
2026/8/4,02:25:58,256.8
2026/8/4,02:27:17,266.7
2026/8/4,02:28:35,277.1
2026/8/4,02:30:51,286.2
2026/8/4,02:32:40,296.6
2026/8/4,02:33:42,306.7
2026/8/4,02:36:05,316.3
2026/8/4,02:37:24,327.0
2026/8/4,02:39:01,336.3
2026/8/4,04:03:11,96.9
2026/8/4,04:05:27,106.9
2026/8/4,04:06:45,116.9
2026/8/4,04:08:05,126.7
2026/8/4,04:10:32,136.8
2026/8/4,04:12:09,146.9
2026/8/4,04:13:35,157.4
2026/8/4,04:15:59,167.7
2026/8/4,04:17:18,177.8
2026/8/4,04:18:36,187.3
2026/8/4,04:21:04,196.9
2026/8/4,04:22:36,207.3
2026/8/4,04:24:01,217.5
2026/8/4,04:26:10,226.8
2026/8/4,04:27:42,236.8
2026/8/4,04:29:07,247.3
2026/8/4,04:31:15,256.8
2026/8/4,04:32:47,266.7
2026/8/4,04:34:13,277.2
2026/8/4,04:36:21,286.2
2026/8/4,04:37:53,296.6
2026/8/4,04:39:18,306.6
2026/8/4,04:41:48,316.4
2026/8/4,04:43:07,327.0
2026/8/4,04:44:26,336.2
2026/8/4,06:11:36,96.9
2026/8/4,06:13:52,106.9
2026/8/4,06:15:10,116.9
2026/8/4,06:16:29,126.7
2026/8/4,06:19:00,136.8
2026/8/4,06:20:34,147.0
2026/8/4,06:21:59,157.4
2026/8/4,06:24:39,167.7
2026/8/4,06:25:57,177.8
2026/8/4,06:27:15,187.2
2026/8/4,06:29:51,196.9
2026/8/4,06:31:15,207.3
2026/8/4,06:32:40,217.5
2026/8/4,06:35:05,227.0
2026/8/4,06:36:29,236.9
2026/8/4,06:37:55,247.4
2026/8/4,06:40:18,256.8
2026/8/4,06:41:42,266.7
2026/8/4,06:43:08,277.2
2026/8/4,06:45:34,286.2
2026/8/4,06:47:01,296.6
2026/8/4,06:48:26,306.6
2026/8/4,06:51:08,316.3
2026/8/4,06:52:26,327.1
2026/8/4,06:53:45,336.6
2026/8/4,07:18:45,96.9
2026/8/4,07:21:11,106.9
2026/8/4,07:22:30,116.9
2026/8/4,07:23:48,126.7
2026/8/4,07:26:06,136.8
2026/8/4,07:27:24,146.9
2026/8/4,07:28:43,157.4
2026/8/4,07:31:00,167.8
2026/8/4,07:32:19,177.8
2026/8/4,07:33:38,187.4
2026/8/4,07:35:53,196.9
2026/8/4,07:37:13,207.2
2026/8/4,07:38:31,217.5
2026/8/4,07:40:47,226.9
2026/8/4,07:42:14,236.8
2026/8/4,07:44:03,247.3
2026/8/4,07:46:03,256.8
2026/8/4,07:47:22,266.7
2026/8/4,07:48:59,277.1
2026/8/4,07:50:57,286.2
2026/8/4,07:52:17,296.6
2026/8/4,07:53:35,306.6
2026/8/4,07:55:51,316.3
2026/8/4,07:57:11,327.0
2026/8/4,07:58:29,336.6
2026/8/4,08:43:06,96.9
2026/8/4,08:44:07,106.9
2026/8/4,08:46:30,116.8
2026/8/4,08:48:07,126.7
2026/8/4,08:49:07,136.8
2026/8/4,08:51:25,147.0
2026/8/4,08:52:43,157.4
2026/8/4,08:54:03,167.7
2026/8/4,08:56:19,177.8
2026/8/4,08:58:24,187.3
2026/8/4,08:59:28,196.9
2026/8/4,09:01:35,207.3
2026/8/4,09:02:53,217.5
2026/8/4,09:04:24,226.8
2026/8/4,09:06:29,236.8
2026/8/4,09:07:48,247.3
2026/8/4,09:09:06,256.7
2026/8/4,09:11:23,266.7
2026/8/4,09:12:42,277.2
2026/8/4,09:14:00,286.2
2026/8/4,09:16:17,296.7
2026/8/4,09:17:36,306.5
2026/8/4,09:18:54,316.4
2026/8/4,09:21:10,327.0
2026/8/4,09:22:59,336.2
2026/8/4,10:47:20,157.5
2026/8/4,10:48:39,167.7
2026/8/4,10:50:56,177.8
2026/8/4,10:52:14,187.3
2026/8/4,10:53:34,196.9
2026/8/4,10:55:51,207.2
2026/8/4,10:57:09,217.4
2026/8/4,10:58:28,226.8
2026/8/4,11:00:45,236.8
2026/8/4,11:02:31,247.3
2026/8/4,11:04:10,256.7
2026/8/4,11:06:00,266.7
2026/8/4,11:07:19,277.2
2026/8/4,11:08:53,286.2
2026/8/4,11:10:55,296.6
2026/8/4,11:12:15,306.5
2026/8/4,11:13:32,316.3
2026/8/4,11:15:49,327.0
2026/8/4,11:17:09,336.3
2026/8/4,11:38:29,96.9
2026/8/4,11:40:46,106.9
2026/8/4,11:42:04,116.8
2026/8/4,11:43:23,126.8
2026/8/4,11:45:40,136.8
2026/8/4,11:46:58,147.0
2026/8/4,11:48:17,157.5
2026/8/4,11:50:34,167.7
2026/8/4,11:52:00,177.8
2026/8/4,11:53:29,187.3
2026/8/4,11:55:51,196.9
2026/8/4,11:57:10,207.3
2026/8/4,11:58:47,217.5
2026/8/4,12:00:45,226.7
2026/8/4,12:02:05,236.8
2026/8/4,12:03:23,247.3
2026/8/4,12:05:39,256.7
2026/8/4,12:06:59,266.6
2026/8/4,12:08:17,277.2
2026/8/4,12:10:33,286.2
2026/8/4,12:11:53,296.6
2026/8/4,12:13:11,306.6
2026/8/4,12:15:27,316.3
2026/8/4,12:17:16,327.0
2026/8/4,12:18:41,336.2
2026/8/4,13:37:27,296.7
2026/8/4,13:37:45,306.5
2026/8/4,13:41:50,316.3
2026/8/4,13:42:43,327.0
2026/8/4,16:07:33,96.9
2026/8/4,16:08:52,106.9
2026/8/4,16:12:12,116.8
2026/8/4,20:29:57,187.2
2026/8/4,20:30:14,196.8
2026/8/4,20:33:43,207.2
2026/8/4,20:34:36,217.5
2026/8/4,22:25:56,227.0
2026/8/4,22:26:13,236.9
2026/8/4,22:29:27,247.4
2026/8/4,22:30:19,256.7
2026/8/4,23:56:03,96.9
2026/8/4,23:57:22,106.9
2026/8/4,23:59:39,116.8
2026/8/5,00:00:57,126.7
2026/8/5,00:02:17,136.8
2026/8/5,00:04:40,147.0
2026/8/5,00:06:19,157.4
2026/8/5,00:07:16,167.7
2026/8/5,00:09:41,177.8
2026/8/5,00:11:16,187.2
2026/8/5,00:12:41,196.9
2026/8/5,00:15:03,207.3
2026/8/5,00:16:21,217.5
2026/8/5,00:17:45,227.0
2026/8/5,00:20:04,236.8
2026/8/5,00:21:40,247.3
2026/8/5,00:22:42,256.7
2026/8/5,00:25:05,266.7
2026/8/5,00:26:42,277.2
2026/8/5,00:27:44,286.1
2026/8/5,00:30:07,296.6
2026/8/5,00:31:43,306.6
2026/8/5,00:32:45,316.3
2026/8/5,00:35:08,327.0
2026/8/5,00:36:44,336.2
2026/8/5,02:01:18,97.0
2026/8/5,02:02:37,106.9
2026/8/5,02:04:54,116.8
2026/8/5,02:06:13,126.7
2026/8/5,02:07:32,136.8
2026/8/5,02:09:49,146.9
2026/8/5,02:11:07,157.4
2026/8/5,02:12:26,167.7
2026/8/5,02:14:43,177.8
2026/8/5,02:16:30,187.3
2026/8/5,02:17:55,196.9
2026/8/5,02:19:59,207.3
2026/8/5,02:21:17,217.5
2026/8/5,02:22:51,226.8
2026/8/5,02:24:53,236.8
2026/8/5,02:26:13,247.3
2026/8/5,02:27:31,256.8
2026/8/5,02:29:47,266.8
2026/8/5,02:31:06,277.2
2026/8/5,02:32:24,286.2
2026/8/5,02:34:41,296.7
2026/8/5,02:36:01,306.6
2026/8/5,02:37:19,316.4
2026/8/5,02:39:35,327.1
2026/8/5,02:41:23,336.2
2026/8/5,04:05:27,266.7
2026/8/5,04:05:44,277.2
2026/8/5,04:09:57,286.2
2026/8/5,04:10:51,296.7
2026/8/5,05:24:57,266.7
2026/8/5,05:25:15,277.2
2026/8/5,05:28:31,286.2
2026/8/5,05:29:23,296.7
2026/8/5,08:29:26,96.9
2026/8/5,08:29:43,107.0
2026/8/5,08:33:49,116.9
2026/8/5,08:34:42,126.7
2026/8/5,12:05:26,256.7
2026/8/5,12:05:43,266.7
2026/8/5,12:09:01,277.2
2026/8/5,12:09:51,286.2
2026/8/5,13:54:27,256.8
2026/8/5,13:54:44,266.6
2026/8/5,13:58:57,277.1
2026/8/5,13:59:50,286.2
2026/8/5,14:45:04,96.9
2026/8/5,14:46:31,106.9
2026/8/5,14:47:57,116.8
2026/8/5,14:50:16,126.8
2026/8/5,14:51:43,136.8
2026/8/5,14:53:09,147.0
2026/8/5,14:55:43,157.4
2026/8/5,14:57:02,167.8
2026/8/5,14:58:23,177.8
2026/8/5,15:00:45,187.3
2026/8/5,15:02:19,196.9
2026/8/5,15:03:45,207.3
2026/8/5,15:05:50,217.5
2026/8/5,15:07:22,227.0
2026/8/5,15:08:48,236.9
2026/8/5,15:10:53,247.3
2026/8/5,15:12:27,256.9
2026/8/5,15:13:52,266.7
2026/8/5,15:15:57,277.2
2026/8/5,15:17:31,286.2
2026/8/5,15:18:56,296.7
2026/8/5,15:21:24,306.6
2026/8/5,15:22:43,316.4
2026/8/5,15:24:03,327.1
2026/8/5,15:26:28,336.6
2026/8/5,18:02:50,96.9
2026/8/5,18:05:07,106.9
2026/8/5,18:07:22,116.9
2026/8/5,18:09:39,126.8
2026/8/5,18:11:54,136.8
2026/8/5,18:14:11,147.0
2026/8/5,18:16:26,157.5
2026/8/5,18:18:43,167.7
2026/8/5,18:21:07,177.8
2026/8/5,18:23:34,187.3
2026/8/5,18:25:49,196.9
2026/8/5,18:28:07,207.3
2026/8/5,18:30:22,217.5
2026/8/5,18:32:39,226.9
2026/8/5,18:34:54,236.9
2026/8/5,18:37:13,247.4
2026/8/5,18:39:29,256.7
2026/8/5,18:41:46,266.7
2026/8/5,18:44:11,277.2
2026/8/5,18:46:36,286.2
2026/8/5,18:48:52,296.6
2026/8/5,18:51:09,306.6
2026/8/5,18:53:24,316.4
2026/8/5,18:55:41,327.1
2026/8/5,18:57:57,336.2
2026/8/6,03:17:28,96.9
2026/8/6,03:17:45,106.9
2026/8/6,03:22:29,126.7
2026/8/6,04:33:59,96.9
2026/8/6,04:35:18,106.9
2026/8/6,04:36:37,116.9
2026/8/6,04:38:04,126.7
2026/8/6,09:42:35,187.2
2026/8/6,09:44:01,217.4
2026/8/6,09:46:29,227.0
2026/8/6,12:01:27,96.9
2026/8/6,12:01:44,107.0
2026/8/6,12:05:51,116.9
2026/8/6,12:07:34,126.7
2026/8/6,13:27:58,177.8
2026/8/6,13:28:15,187.3
2026/8/6,13:32:24,196.9
2026/8/6,13:33:48,207.3
2026/8/6,15:31:06,96.9
2026/8/6,15:33:22,106.9
2026/8/6,15:35:39,116.8
2026/8/6,15:37:55,136.8
2026/8/6,15:40:12,147.0
2026/8/6,15:42:28,157.5
2026/8/6,15:44:46,217.5
2026/8/6,15:47:04,247.3
2026/8/6,15:49:18,277.1
2026/8/6,15:51:42,286.2
2026/8/6,15:54:06,296.6
2026/8/6,15:56:22,327.0
2026/8/6,17:35:05,96.9
2026/8/6,17:37:21,106.9
2026/8/6,17:39:38,116.8
2026/8/6,17:41:54,126.7
2026/8/6,17:44:11,136.8
2026/8/6,17:46:34,147.0
2026/8/6,17:48:57,157.5
2026/8/6,17:51:12,167.7
2026/8/6,17:53:29,177.8
2026/8/6,17:55:45,187.3
2026/8/6,17:58:02,196.9
2026/8/6,18:00:18,207.2
2026/8/6,18:02:35,217.5
2026/8/6,18:04:51,227.0
2026/8/6,18:07:08,236.8
2026/8/6,18:09:29,247.4
2026/8/6,18:11:54,256.8
2026/8/6,18:14:10,266.7
2026/8/6,18:16:27,277.1
2026/8/6,18:18:43,286.2
2026/8/6,18:21:00,296.6
2026/8/6,18:23:16,306.6
2026/8/6,18:25:33,316.4
2026/8/6,18:27:49,327.0
2026/8/6,18:30:06,336.3
2026/8/6,19:52:54,96.9
2026/8/6,20:19:02,96.9
2026/8/6,20:21:17,106.9
2026/8/6,20:23:34,117.0
2026/8/6,20:25:50,126.6
2026/8/6,20:28:07,136.8
2026/8/6,20:30:23,147.0
2026/8/6,20:32:40,157.4
2026/8/6,20:34:55,167.7
2026/8/6,20:37:12,177.8
2026/8/6,20:39:37,187.3
2026/8/6,20:42:01,196.9
2026/8/6,20:44:16,207.2
2026/8/6,20:46:34,217.5
2026/8/6,20:48:50,227.0
2026/8/6,20:51:07,236.8
2026/8/6,20:53:22,247.3
2026/8/6,20:55:38,256.7
2026/8/6,20:57:54,266.7
2026/8/6,21:00:12,277.1
2026/8/6,21:02:36,286.2
2026/8/6,21:04:59,296.6
2026/8/6,21:07:15,306.6
2026/8/6,21:09:32,316.4
2026/8/6,21:11:47,327.0
2026/8/6,21:14:05,336.3
2026/8/6,22:16:22,96.9
2026/8/6,22:18:39,106.9
2026/8/6,22:20:54,116.8
2026/8/6,22:23:12,126.7
2026/8/6,22:25:28,136.8
2026/8/6,22:27:45,147.0
2026/8/6,22:30:01,157.4
2026/8/6,22:32:18,167.7
2026/8/6,22:34:40,177.8
2026/8/6,22:37:03,187.4
2026/8/6,22:39:19,196.9
2026/8/6,22:41:36,207.3
2026/8/6,22:43:53,217.5
2026/8/6,22:46:09,226.7
2026/8/6,22:48:25,236.8
2026/8/6,22:50:42,247.4
2026/8/6,22:52:58,256.7
2026/8/6,22:55:15,266.7
2026/8/6,22:57:38,277.2
2026/8/6,23:00:02,286.2
2026/8/6,23:02:18,296.6
2026/8/6,23:04:35,306.6
2026/8/6,23:06:51,316.3
2026/8/6,23:09:08,327.1
2026/8/6,23:11:24,336.6
2026/8/7,01:08:42,96.9
2026/8/7,01:10:58,106.9
2026/8/7,01:13:15,116.8
2026/8/7,01:15:38,126.7
2026/8/7,01:18:01,136.8
2026/8/7,01:20:17,146.9
2026/8/7,01:22:34,157.5
2026/8/7,01:24:49,167.7
2026/8/7,01:27:06,177.8
2026/8/7,01:29:22,187.3
2026/8/7,01:31:39,196.9
2026/8/7,01:33:55,207.2
2026/8/7,01:36:12,217.5
2026/8/7,01:38:36,226.7
2026/8/7,01:41:00,236.9
2026/8/7,01:43:15,247.3
2026/8/7,01:45:32,256.8
2026/8/7,01:47:48,266.7
2026/8/7,01:50:05,277.1
2026/8/7,01:52:21,286.2
2026/8/7,01:54:38,296.6
2026/8/7,01:56:54,306.6
2026/8/7,01:59:11,316.4
2026/8/7,02:01:33,327.1
2026/8/7,02:03:58,336.2
2026/8/7,04:01:09,96.9
2026/8/7,04:03:26,106.9
2026/8/7,04:05:42,116.8
2026/8/7,04:07:59,126.7
2026/8/7,04:10:16,136.8
2026/8/7,04:12:33,147.0
2026/8/7,04:14:48,157.4
2026/8/7,04:17:04,167.7
2026/8/7,04:20:06,177.8
2026/8/7,04:21:52,187.3
2026/8/7,04:24:08,196.9
2026/8/7,04:26:26,207.3
2026/8/7,04:28:42,217.5
2026/8/7,04:30:59,227.0
2026/8/7,04:33:15,236.8
2026/8/7,04:35:32,247.3
2026/8/7,04:37:48,256.7
2026/8/7,04:40:05,266.7
2026/8/7,04:42:28,277.1
2026/8/7,04:44:53,286.2
2026/8/7,04:47:08,296.7
2026/8/7,04:49:26,306.6
2026/8/7,04:51:42,316.4
2026/8/7,04:53:59,327.0
2026/8/7,04:56:14,336.2
2026/8/7,06:00:40,96.9
2026/8/7,06:02:57,106.9
2026/8/7,06:05:13,116.8
2026/8/7,06:07:30,126.7
2026/8/7,06:09:46,136.8
2026/8/7,06:12:04,146.9
2026/8/7,06:14:28,157.4
2026/8/7,06:16:52,167.7
2026/8/7,06:19:08,177.8
2026/8/7,06:21:25,187.3
2026/8/7,06:23:41,196.9
2026/8/7,06:25:58,207.3
2026/8/7,06:28:14,217.5
2026/8/7,06:30:31,226.7
2026/8/7,06:32:47,236.8
2026/8/7,06:35:04,247.3
2026/8/7,06:37:29,256.7
2026/8/7,06:39:52,266.7
2026/8/7,06:42:08,277.1
2026/8/7,06:44:25,286.2
2026/8/7,06:46:41,296.6
2026/8/7,06:48:58,306.6
2026/8/7,06:51:14,316.3
2026/8/7,06:53:31,327.0
2026/8/7,06:55:47,336.3
2026/8/7,08:30:58,227.0
2026/8/7,08:31:15,236.8
2026/8/7,08:35:28,306.5
2026/8/7,08:37:13,316.4
2026/8/7,09:36:56,96.9
2026/8/7,09:39:14,106.9
2026/8/7,09:41:30,116.9
2026/8/7,09:43:47,126.7
2026/8/7,09:46:11,136.8
2026/8/7,09:48:34,147.0
2026/8/7,09:50:50,157.4
2026/8/7,09:53:06,167.8
2026/8/7,09:55:22,177.8
2026/8/7,09:57:39,187.2
2026/8/7,09:59:55,196.9
2026/8/7,10:02:12,207.3
2026/8/7,10:04:28,217.5
2026/8/7,10:06:45,226.9
2026/8/7,10:09:09,236.8
2026/8/7,10:11:32,247.4
2026/8/7,10:13:48,256.7
2026/8/7,10:16:05,266.7
2026/8/7,10:18:21,277.2
2026/8/7,10:20:39,286.2
2026/8/7,10:22:55,296.6
2026/8/7,10:25:12,306.7
2026/8/7,10:27:28,316.4
2026/8/7,10:29:45,327.1
2026/8/7,10:32:07,336.2
2026/8/7,12:53:58,177.8
2026/8/7,12:54:15,187.4
2026/8/7,12:57:36,196.8
2026/8/7,12:59:21,207.3
2026/8/7,14:19:51,96.9
2026/8/7,14:22:07,106.9
2026/8/7,14:24:24,116.8
2026/8/7,14:26:39,126.7
2026/8/7,14:28:57,136.8
2026/8/7,14:31:21,147.0
2026/8/7,14:33:45,157.4
2026/8/7,14:35:59,167.7
2026/8/7,14:38:16,177.8
2026/8/7,14:40:49,187.3
2026/8/7,14:43:06,196.8
2026/8/7,14:45:22,207.3
2026/8/7,14:47:39,217.5
2026/8/7,14:49:55,227.0
2026/8/7,14:52:12,236.8
2026/8/7,14:54:34,247.4
2026/8/7,14:56:59,256.8
2026/8/7,14:59:15,266.6
2026/8/7,15:01:32,277.1
2026/8/7,15:03:48,286.2
2026/8/7,15:06:05,296.6
2026/8/7,15:08:21,306.6
2026/8/7,15:10:38,316.3
2026/8/7,15:12:54,327.0
2026/8/7,15:15:11,336.3
2026/8/7,16:54:59,217.5
2026/8/7,16:55:16,227.0
2026/8/7,16:58:54,236.8
2026/8/7,17:00:40,247.3
2026/8/7,18:17:59,217.5
2026/8/7,18:18:16,227.0
2026/8/7,18:21:33,236.8
2026/8/7,18:23:19,247.3
2026/8/7,20:13:59,256.7
2026/8/7,20:14:17,266.7
2026/8/7,20:18:06,277.1
2026/8/7,20:19:51,286.2
2026/8/8,00:05:28,217.5
2026/8/8,00:05:45,227.1
2026/8/8,00:09:05,236.8
2026/8/8,00:10:48,247.3
2026/8/8,01:29:59,217.4
2026/8/8,01:30:16,227.0
2026/8/8,01:34:31,236.8
2026/8/8,01:36:16,247.3
2026/8/8,03:37:13,96.9
2026/8/8,03:39:37,106.9
2026/8/8,03:42:05,126.7
2026/8/8,03:44:20,136.8
2026/8/8,03:46:37,147.0
2026/8/8,03:48:53,167.7
2026/8/8,03:51:10,177.8
2026/8/8,03:53:24,196.9
2026/8/8,03:55:41,207.3
2026/8/8,03:58:04,226.7
2026/8/8,04:00:28,236.8
2026/8/8,04:02:44,247.4
2026/8/8,04:05:01,266.7
2026/8/8,04:07:17,277.2
2026/8/8,04:09:34,286.2
2026/8/8,04:11:50,296.7
2026/8/8,04:14:07,306.7
2026/8/8,04:16:23,327.0
2026/8/8,04:18:40,336.6
2026/8/8,04:48:59,256.7
2026/8/8,04:50:17,266.7
2026/8/8,04:51:37,277.2
2026/8/8,04:53:05,286.2
2026/8/8,04:54:29,296.6
2026/8/8,04:55:52,306.6
2026/8/8,04:57:16,316.4
2026/8/8,04:58:13,327.1
2026/8/8,05:23:00,277.1
2026/8/8,05:23:17,286.1
2026/8/8,05:27:19,296.6
2026/8/8,05:29:04,306.5
2026/8/8,06:43:29,256.6
2026/8/8,06:43:47,266.7
2026/8/8,06:47:00,277.1
2026/8/8,06:48:44,286.2
2026/8/8,07:48:28,96.9
2026/8/8,07:50:45,106.9
2026/8/8,07:53:01,116.9
2026/8/8,07:55:31,126.7
2026/8/8,07:58:05,136.8
2026/8/8,08:00:40,147.0
2026/8/8,08:03:06,157.4
2026/8/8,08:05:34,167.7
2026/8/8,08:08:00,177.8
2026/8/8,08:10:30,187.3
2026/8/8,08:12:55,196.9
2026/8/8,08:15:25,207.3
2026/8/8,08:17:51,217.5
2026/8/8,08:20:22,226.9
2026/8/8,08:22:54,236.8
2026/8/8,08:25:31,247.3
2026/8/8,08:27:57,256.7
2026/8/8,08:30:26,266.7
2026/8/8,08:32:52,277.1
2026/8/8,08:35:21,286.2
2026/8/8,08:37:47,296.6
2026/8/8,08:40:17,306.6
2026/8/8,08:42:42,316.4
2026/8/8,08:45:12,327.0
2026/8/8,08:47:44,336.6
2026/8/8,09:57:20,96.9
2026/8/8,10:15:18,96.9
2026/8/8,10:16:31,107.0
2026/8/8,10:19:00,116.8
2026/8/8,10:21:24,126.7
2026/8/8,12:00:14,106.8
2026/8/8,12:02:30,116.8
2026/8/8,12:04:47,126.7
2026/8/8,12:07:01,136.8
2026/8/8,12:09:19,147.0
2026/8/8,12:11:35,157.5
2026/8/8,12:13:52,167.7
2026/8/8,12:16:15,177.8
2026/8/8,12:18:38,187.3
2026/8/8,12:20:54,196.9
2026/8/8,12:23:11,207.2
2026/8/8,12:25:27,217.5
2026/8/8,12:27:44,226.8
2026/8/8,12:29:59,236.8
2026/8/8,12:32:17,247.4
2026/8/8,12:34:32,256.8
2026/8/8,12:36:49,266.7
2026/8/8,12:39:13,277.1
2026/8/8,12:41:38,286.2
2026/8/8,12:43:54,296.6
2026/8/8,12:46:11,306.6
2026/8/8,12:48:27,316.4
2026/8/8,12:50:44,327.0
2026/8/8,12:53:00,336.6
2026/8/8,13:10:29,136.8
2026/8/8,13:10:46,147.0
2026/8/8,13:14:09,157.5
2026/8/8,13:15:55,167.7
2026/8/8,14:23:58,136.9
2026/8/8,14:24:15,147.0
2026/8/8,14:27:50,157.4
2026/8/8,14:29:33,167.7
2026/8/8,14:59:29,136.8
2026/8/8,14:59:46,147.0
2026/8/8,15:02:59,157.5
2026/8/8,15:04:43,167.8
2026/8/8,17:38:29,136.8
2026/8/8,17:38:46,147.0
2026/8/8,17:42:24,157.4
2026/8/8,17:44:08,167.7
2026/8/8,19:08:33,106.9
2026/8/8,19:59:31,96.8
2026/8/8,20:00:50,106.9
2026/8/8,20:02:09,116.9
2026/8/8,20:04:23,126.7
2026/8/8,20:05:42,136.8
2026/8/8,20:07:02,147.0
2026/8/8,20:09:18,157.4
2026/8/8,20:10:36,167.7
2026/8/8,20:11:56,177.8
2026/8/8,20:14:35,187.3
2026/8/8,20:15:30,196.9
2026/8/8,20:16:49,207.3
2026/8/8,20:19:13,217.5
2026/8/8,20:20:54,226.7
2026/8/8,20:22:19,236.9
2026/8/8,20:24:23,247.4
2026/8/8,20:25:42,256.7
2026/8/8,20:27:20,266.7
2026/8/8,20:29:18,277.2
2026/8/8,20:30:37,286.2
2026/8/8,20:31:56,296.7
2026/8/8,20:34:12,306.6
2026/8/8,20:35:32,316.4
2026/8/8,20:36:50,327.1
2026/8/8,20:39:06,336.6
2026/8/8,21:02:29,177.8
2026/8/8,21:02:46,187.3
2026/8/8,21:06:04,196.8
2026/8/8,21:07:48,207.2
2026/8/8,22:32:40,96.9
2026/8/8,22:33:58,106.9
2026/8/8,22:35:19,116.8
2026/8/8,22:37:49,126.8
2026/8/8,22:39:20,136.8
2026/8/8,22:40:45,147.0
2026/8/8,22:43:03,157.4
2026/8/8,22:44:28,167.7
2026/8/8,22:45:54,177.8
2026/8/8,22:48:19,187.3
2026/8/8,22:49:44,196.9
2026/8/8,22:51:14,207.3
2026/8/8,22:53:46,217.5
2026/8/8,22:55:05,227.0
2026/8/8,22:56:27,236.8
2026/8/8,22:59:01,247.3
2026/8/8,23:00:25,256.7
2026/8/8,23:01:51,266.7
2026/8/8,23:04:15,277.2
2026/8/8,23:05:40,286.2
2026/8/8,23:07:06,296.6
2026/8/8,23:09:29,306.6
2026/8/8,23:10:54,316.3
2026/8/8,23:12:20,327.0
2026/8/8,23:14:47,336.6
2026/8/8,23:57:39,96.9
2026/8/8,23:59:55,107.0
2026/8/9,00:01:13,116.9
2026/8/9,00:02:34,126.7
2026/8/9,00:05:08,136.8
2026/8/9,00:06:36,147.0
2026/8/9,00:08:02,157.4
2026/8/9,00:10:30,167.7
2026/8/9,00:11:49,177.8
2026/8/9,00:13:13,187.3
2026/8/9,00:15:36,196.9
2026/8/9,00:17:07,207.2
2026/8/9,00:18:32,217.5
2026/8/9,00:20:44,227.0
2026/8/9,00:22:14,236.8
2026/8/9,00:23:40,247.3
2026/8/9,00:25:53,256.7
2026/8/9,00:27:22,266.7
2026/8/9,00:28:47,277.2
2026/8/9,00:31:07,286.2
2026/8/9,00:32:34,296.6
2026/8/9,00:34:02,306.5
2026/8/9,00:36:31,316.4
2026/8/9,00:37:50,327.1
2026/8/9,00:39:15,336.5
2026/8/9,01:44:58,217.5
2026/8/9,01:45:15,227.0
2026/8/9,01:48:33,236.8
2026/8/9,01:50:17,247.3
2026/8/9,02:31:01,96.9
2026/8/9,02:32:21,106.9
2026/8/9,02:34:36,116.9
2026/8/9,02:35:54,126.8
2026/8/9,02:37:14,136.8
2026/8/9,02:39:38,147.0
2026/8/9,02:41:21,157.4
2026/8/9,02:42:47,167.7
2026/8/9,02:44:47,177.7
2026/8/9,02:46:05,187.3
2026/8/9,02:47:43,196.9
2026/8/9,02:49:41,207.3
2026/8/9,02:50:59,217.4
2026/8/9,02:52:18,227.0
2026/8/9,02:54:34,236.9
2026/8/9,02:55:53,247.4
2026/8/9,02:57:12,256.7
2026/8/9,02:59:27,266.7
2026/8/9,03:00:46,277.1
2026/8/9,03:02:05,286.2
2026/8/9,03:04:27,296.7
2026/8/9,03:06:11,306.7
2026/8/9,03:07:36,316.3
2026/8/9,03:09:36,327.0
2026/8/9,03:10:54,336.4
2026/8/9,04:39:33,96.9
2026/8/9,04:40:58,106.9
2026/8/9,04:43:06,116.8
2026/8/9,04:44:40,126.7
2026/8/9,04:46:05,136.8
2026/8/9,04:48:09,147.0
2026/8/9,04:49:44,157.4
2026/8/9,04:51:09,167.7
2026/8/9,04:53:20,177.8
2026/8/9,04:54:39,187.3
2026/8/9,04:56:16,196.9
2026/8/9,04:58:13,207.3
2026/8/9,04:59:32,217.5
2026/8/9,05:00:51,227.0
2026/8/9,05:03:07,236.8
2026/8/9,05:04:26,247.3
2026/8/9,05:05:45,256.7
2026/8/9,05:08:01,266.7
2026/8/9,05:09:20,277.1
2026/8/9,05:10:39,286.2
2026/8/9,05:13:05,296.6
2026/8/9,05:14:44,306.6
2026/8/9,05:16:09,316.4
2026/8/9,05:18:15,327.1
2026/8/9,05:19:34,336.7
2026/8/9,06:11:04,96.9
2026/8/9,06:12:29,106.9
2026/8/9,07:58:23,96.9
2026/8/9,07:59:41,106.9
2026/8/9,08:01:01,116.9
2026/8/9,08:03:17,126.7
2026/8/9,08:04:36,136.8
2026/8/9,08:05:56,147.0
2026/8/9,08:08:11,157.4
2026/8/9,08:09:29,167.8
2026/8/9,08:10:49,177.8
2026/8/9,08:13:11,187.3
2026/8/9,08:15:13,196.9
2026/8/9,08:16:17,207.2
2026/8/9,08:18:24,217.5
2026/8/9,08:19:41,227.0
2026/8/9,08:21:19,236.8
2026/8/9,08:23:17,247.3
2026/8/9,08:24:36,256.7
2026/8/9,08:25:55,266.7
2026/8/9,08:28:11,277.2
2026/8/9,08:29:31,286.2
2026/8/9,08:30:50,296.6
2026/8/9,08:33:05,306.6
2026/8/9,08:34:25,316.4
2026/8/9,08:35:44,327.0
2026/8/9,08:38:07,336.2
2026/8/9,10:06:30,227.1
2026/8/9,10:06:47,236.8
2026/8/9,10:10:56,247.4
2026/8/9,10:12:41,256.7
2026/8/9,11:21:29,226.9
2026/8/9,11:21:46,236.8
2026/8/9,11:25:11,247.3
2026/8/9,11:26:56,256.7
2026/8/9,15:45:07,136.8
2026/8/9,15:46:25,146.9
2026/8/9,15:47:45,157.4
2026/8/9,15:49:04,167.7
2026/8/9,15:50:23,177.8
2026/8/9,15:51:41,187.5
2026/8/9,15:53:01,196.9
2026/8/9,15:54:27,207.3
2026/8/9,15:55:55,217.4
2026/8/9,15:57:20,226.9
2026/8/9,15:58:49,236.8
2026/8/9,16:00:07,247.4
2026/8/9,16:01:25,256.8
2026/8/9,16:02:45,266.7
2026/8/9,16:04:09,277.1
2026/8/9,16:05:33,286.2
2026/8/9,16:47:00,96.9
2026/8/9,16:47:17,106.9
2026/8/9,16:51:16,116.8
2026/8/9,16:53:01,126.7
2026/8/9,18:17:17,96.9
2026/8/9,18:18:35,107.0
2026/8/9,18:19:55,116.8
2026/8/9,18:22:11,126.7
2026/8/9,18:23:29,136.8
2026/8/9,18:24:49,146.9
2026/8/9,18:27:05,157.5
2026/8/9,18:28:23,167.8
2026/8/9,18:29:43,177.8
2026/8/9,18:32:07,187.3
2026/8/9,18:33:47,196.9
2026/8/9,18:35:12,207.2
2026/8/9,18:37:16,217.4
2026/8/9,18:38:34,227.0
2026/8/9,18:40:13,236.8
2026/8/9,18:42:10,247.3
2026/8/9,18:43:30,256.7
2026/8/9,18:44:48,266.6
2026/8/9,18:47:03,277.2
2026/8/9,18:48:23,286.2
2026/8/9,18:49:42,296.7
2026/8/9,18:51:57,306.6
2026/8/9,18:53:16,316.4
2026/8/9,18:54:35,327.0
2026/8/9,18:56:57,336.6
2026/8/9,21:26:00,217.5
2026/8/9,21:26:18,226.9
2026/8/9,21:29:35,236.8
2026/8/9,21:31:21,247.3
2026/8/9,22:13:18,96.9
2026/8/9,22:15:33,106.9
2026/8/9,22:16:51,116.9
2026/8/9,22:18:11,126.7
2026/8/9,22:20:33,136.8
2026/8/9,22:22:18,146.9
2026/8/9,22:23:43,157.4
2026/8/9,22:25:44,167.7
2026/8/9,22:27:03,177.8
2026/8/9,22:28:40,187.3
2026/8/9,22:30:37,196.9
2026/8/9,22:31:56,207.3
2026/8/9,22:33:15,217.5
2026/8/9,22:35:31,227.0
2026/8/9,22:36:50,236.8
2026/8/9,22:38:09,247.3
2026/8/9,22:40:24,256.7
2026/8/9,22:41:43,266.7
2026/8/9,22:43:02,277.2
2026/8/9,22:45:25,286.2
2026/8/9,22:47:07,296.7
2026/8/9,22:48:33,306.5
2026/8/9,22:50:35,316.3
2026/8/9,22:51:54,327.0
2026/8/9,22:53:33,336.2
2026/8/10,01:35:03,106.9
2026/8/10,03:47:30,256.6
2026/8/10,03:47:48,266.7
2026/8/10,03:51:20,277.1
2026/8/10,03:53:04,286.1
2026/8/10,05:58:55,96.9
2026/8/10,06:00:20,107.0
2026/8/10,06:02:29,116.9
2026/8/10,06:03:48,126.7
2026/8/10,06:05:28,136.8
2026/8/10,06:07:23,146.9
2026/8/10,06:08:41,157.4
2026/8/10,06:10:01,167.7
2026/8/10,06:12:17,177.8
2026/8/10,06:13:35,187.3
2026/8/10,06:14:54,196.9
2026/8/10,06:17:09,207.3
2026/8/10,06:18:28,217.5
2026/8/10,06:19:47,227.0
2026/8/10,06:22:10,236.8
2026/8/10,06:23:52,247.4
2026/8/10,06:25:18,256.7
2026/8/10,06:27:22,266.7
2026/8/10,06:28:41,277.2
2026/8/10,06:30:19,286.3
2026/8/10,06:32:16,296.7
2026/8/10,06:33:36,306.6
2026/8/10,06:34:54,316.3
2026/8/10,06:37:09,327.0
2026/8/10,06:38:28,336.2
2026/8/10,08:03:23,96.9
2026/8/10,08:04:49,106.9
2026/8/10,08:06:50,116.9
2026/8/10,08:08:09,126.7
2026/8/10,08:09:48,136.8
2026/8/10,08:11:45,147.0
2026/8/10,08:13:03,157.4
2026/8/10,08:14:23,167.7
2026/8/10,08:16:39,177.8
2026/8/10,08:17:57,187.3
2026/8/10,08:19:16,196.9
2026/8/10,08:21:31,207.3
2026/8/10,08:22:50,217.5
2026/8/10,08:24:09,226.7
2026/8/10,08:26:32,236.8
2026/8/10,08:28:13,247.3
2026/8/10,08:29:39,256.8
2026/8/10,08:31:41,266.7
2026/8/10,08:33:00,277.1
2026/8/10,08:34:39,286.2
2026/8/10,08:36:34,296.6
2026/8/10,08:37:54,306.5
2026/8/10,08:39:12,316.3
2026/8/10,08:41:28,327.0
2026/8/10,08:42:48,336.3
2026/8/10,10:07:41,96.9
2026/8/10,10:09:06,107.0
2026/8/10,10:11:10,116.9
2026/8/10,10:12:29,126.7
2026/8/10,10:14:06,136.8
2026/8/10,10:16:04,146.9
2026/8/10,10:17:22,157.4
2026/8/10,10:18:43,167.7
2026/8/10,10:20:59,177.8
2026/8/10,10:22:17,187.3
2026/8/10,10:23:36,196.9
2026/8/10,10:25:51,207.2
2026/8/10,10:27:10,217.4
2026/8/10,10:28:30,227.0
2026/8/10,10:30:52,236.9
2026/8/10,10:32:34,247.3
2026/8/10,10:33:59,256.8
2026/8/10,10:36:03,266.7
2026/8/10,10:37:22,277.1
2026/8/10,10:39:01,286.2
2026/8/10,10:40:57,296.7
2026/8/10,10:42:18,306.5
2026/8/10,10:43:36,316.3
2026/8/10,10:45:52,327.0
2026/8/10,10:47:11,336.2
2026/8/10,12:12:01,96.9
2026/8/10,12:13:26,106.9
2026/8/10,12:15:28,116.8
2026/8/10,12:16:46,126.7
2026/8/10,12:18:26,136.8
2026/8/10,12:20:36,146.9
2026/8/10,12:22:06,157.4
2026/8/10,12:23:31,167.7
2026/8/10,12:25:43,177.8
2026/8/10,12:27:53,187.3
2026/8/10,12:28:37,196.9
2026/8/10,12:30:49,207.2
2026/8/10,12:32:19,217.5
2026/8/10,12:33:44,227.0
2026/8/10,12:36:03,236.8
2026/8/10,12:37:27,247.3
2026/8/10,12:38:57,256.8
2026/8/10,12:41:25,266.7
2026/8/10,12:42:44,277.1
2026/8/10,12:44:10,286.3
2026/8/10,12:46:32,296.7
2026/8/10,12:48:03,306.5
2026/8/10,12:49:28,316.3
2026/8/10,12:51:40,327.0
2026/8/10,12:53:10,336.3
2026/8/10,13:38:01,96.9
2026/8/10,13:39:21,106.9
2026/8/10,13:41:46,116.8
2026/8/10,13:43:23,126.7
2026/8/10,13:44:23,136.8
2026/8/10,13:46:40,146.9
2026/8/10,13:47:58,157.4
2026/8/10,13:49:18,167.7
2026/8/10,13:51:40,177.7
2026/8/10,13:53:18,187.3
2026/8/10,13:54:43,196.9
2026/8/10,13:56:48,207.3
2026/8/10,13:58:06,217.5
2026/8/10,13:59:45,227.0
2026/8/10,14:01:43,236.8
2026/8/10,14:03:02,247.3
2026/8/10,14:04:21,256.7
2026/8/10,14:06:37,266.7
2026/8/10,14:07:56,277.2
2026/8/10,14:09:15,286.2
2026/8/10,14:11:29,296.7
2026/8/10,14:12:49,306.5
2026/8/10,14:14:08,316.4
2026/8/10,14:16:31,327.0
2026/8/10,14:18:13,336.2
