date,time,value
2026/4/23,00:40:10,98.7
2026/4/23,02:47:18,98.6
2026/4/23,02:50:41,108.6
2026/4/23,02:52:17,118.5
2026/4/23,02:55:28,128.5
2026/4/23,02:57:14,138.4
2026/4/23,02:59:52,148.2
2026/4/23,03:01:35,158.0
2026/4/23,03:04:09,167.9
2026/4/23,03:05:28,178.4
2026/4/23,03:08:23,188.7
2026/4/23,03:09:45,198.2
2026/4/23,03:12:40,207.4
2026/4/23,03:14:02,217.9
2026/4/23,03:17:04,228.8
2026/4/23,03:18:35,238.2
2026/4/23,03:21:31,247.6
2026/4/23,03:22:52,258.7
2026/4/23,03:25:48,267.7
2026/4/23,03:27:09,277.6
2026/4/23,03:30:04,288.4
2026/4/23,03:31:26,297.5
2026/4/23,03:34:21,308.2
2026/4/23,03:35:43,318.0
2026/4/23,03:38:47,328.2
2026/4/23,03:40:18,338.1
2026/4/23,04:06:25,118.5
2026/4/23,04:09:28,128.5
2026/4/23,04:10:48,138.4
2026/4/23,04:15:24,148.2
2026/4/23,04:16:44,158.1
2026/4/23,04:22:01,167.9
2026/4/23,04:23:24,178.4
2026/4/23,04:28:21,188.6
2026/4/23,04:29:46,198.4
2026/4/23,04:34:49,207.4
2026/4/23,04:36:15,217.9
2026/4/23,04:41:23,228.7
2026/4/23,04:42:43,238.0
2026/4/23,04:47:54,247.6
2026/4/23,04:49:19,258.6
2026/4/23,04:54:21,267.7
2026/4/23,04:55:47,277.6
2026/4/23,05:00:49,288.4
2026/4/23,05:02:15,297.5
2026/4/23,09:48:22,228.7
2026/4/23,09:48:40,238.0
2026/4/23,09:52:52,247.6
2026/4/23,09:55:26,258.7
2026/4/23,11:39:04,98.6
2026/4/23,11:40:23,108.6
2026/4/23,11:43:18,118.5
2026/4/23,11:44:37,128.5
2026/4/23,11:47:43,138.4
2026/4/23,11:49:08,148.3
2026/4/23,11:52:05,158.1
2026/4/23,11:53:25,167.9
2026/4/23,11:56:19,178.4
2026/4/23,11:57:40,188.7
2026/4/23,12:00:35,198.4
2026/4/23,12:01:56,207.6
2026/4/23,12:04:51,217.9
2026/4/23,12:06:12,228.7
2026/4/23,12:09:15,238.1
2026/4/23,12:10:44,247.6
2026/4/23,12:13:38,258.7
2026/4/23,12:15:00,267.9
2026/4/23,12:17:54,277.6
2026/4/23,12:19:16,288.4
2026/4/23,12:22:10,297.6
2026/4/23,12:23:32,308.2
2026/4/23,12:26:26,317.9
2026/4/23,12:27:48,328.2
2026/4/23,12:30:48,338.1
2026/4/23,14:28:26,98.6
2026/4/23,14:31:20,108.6
2026/4/23,14:32:39,118.5
2026/4/23,14:35:34,128.5
2026/4/23,14:36:53,138.4
2026/4/23,14:39:48,148.3
2026/4/23,14:41:08,158.0
2026/4/23,14:44:01,167.9
2026/4/23,14:45:24,178.5
2026/4/23,14:48:25,188.7
2026/4/23,14:49:55,198.2
2026/4/23,14:52:49,207.4
2026/4/23,14:54:10,217.9
2026/4/23,14:57:04,228.8
2026/4/23,14:58:25,238.1
2026/4/23,15:01:19,247.6
2026/4/23,15:02:40,258.8
2026/4/23,15:05:33,267.8
2026/4/23,15:06:55,277.6
2026/4/23,15:09:57,288.4
2026/4/23,15:11:26,297.5
2026/4/23,15:14:19,308.2
2026/4/23,15:15:41,318.0
2026/4/23,15:18:34,328.2
2026/4/23,15:19:56,338.2
2026/4/23,17:19:13,98.6
2026/4/23,17:20:43,108.6
2026/4/23,17:24:18,118.5
2026/4/23,17:25:46,128.5
2026/4/23,17:28:41,138.4
2026/4/23,17:30:07,148.3
2026/4/23,17:33:01,158.0
2026/4/23,17:34:21,167.9
2026/4/23,17:37:13,178.5
2026/4/23,17:38:34,188.7
2026/4/23,17:41:27,198.3
2026/4/23,17:42:48,207.7
2026/4/23,17:45:40,217.8
2026/4/23,17:47:02,228.7
2026/4/23,17:50:02,238.1
2026/4/23,17:51:34,247.6
2026/4/23,17:54:27,258.7
2026/4/23,17:55:48,268.0
2026/4/23,17:58:41,277.6
2026/4/23,18:00:02,288.4
2026/4/23,18:02:55,297.5
2026/4/23,18:04:17,308.2
2026/4/23,18:07:09,317.8
2026/4/23,18:08:31,328.2
2026/4/23,18:11:31,338.0
2026/4/23,19:44:05,98.7
2026/4/23,19:47:01,108.6
2026/4/23,19:48:21,118.5
2026/4/23,19:51:18,128.5
2026/4/23,19:52:37,138.4
2026/4/23,19:55:35,148.3
2026/4/23,19:56:54,158.0
2026/4/23,19:59:50,167.9
2026/4/23,20:01:11,178.4
2026/4/23,20:04:15,188.7
2026/4/23,20:05:43,198.1
2026/4/23,20:08:39,207.5
2026/4/23,20:10:00,217.9
2026/4/23,20:12:55,228.8
2026/4/23,20:14:16,238.1
2026/4/23,20:17:12,247.6
2026/4/23,20:18:33,258.7
2026/4/23,20:21:29,267.8
2026/4/23,20:22:50,277.6
2026/4/23,20:25:54,288.4
2026/4/23,20:27:26,297.5
2026/4/23,20:30:21,308.2
2026/4/23,20:31:43,318.0
2026/4/23,20:34:38,328.2
2026/4/23,20:36:00,338.1
2026/4/23,23:49:38,98.6
2026/4/24,04:21:19,167.9
2026/4/24,06:37:02,178.4
2026/4/24,06:41:39,188.7
2026/4/24,06:42:59,198.2
2026/4/24,06:47:35,207.6
2026/4/24,06:48:55,217.9
2026/4/24,06:53:30,228.7
2026/4/24,06:54:50,238.1
2026/4/24,06:59:22,247.6
2026/4/24,07:00:49,258.7
2026/4/24,07:05:24,267.9
2026/4/24,07:06:44,277.6
2026/4/24,07:11:18,288.4
2026/4/24,07:12:38,297.4
2026/4/24,11:53:31,98.6
2026/4/24,11:55:03,108.6
2026/4/24,11:58:41,118.5
2026/4/24,12:00:11,128.5
2026/4/24,12:03:05,138.4
2026/4/24,12:04:48,148.3
2026/4/24,12:07:19,158.1
2026/4/24,12:08:39,167.9
2026/4/24,12:11:31,178.4
2026/4/24,12:12:53,188.7
2026/4/24,12:15:46,198.3
2026/4/24,12:17:07,207.7
2026/4/24,12:20:10,217.8
2026/4/24,12:21:39,228.8
2026/4/24,12:24:31,238.0
2026/4/24,12:25:52,247.6
2026/4/24,12:28:44,258.7
2026/4/24,12:30:05,268.0
2026/4/24,12:32:58,277.6
2026/4/24,12:34:19,288.4
2026/4/24,12:37:12,297.5
2026/4/24,12:38:34,308.2
2026/4/24,12:41:33,317.9
2026/4/24,12:43:01,328.2
2026/4/24,12:45:52,338.0
2026/4/24,14:34:55,98.5
2026/4/24,14:37:49,108.6
2026/4/24,14:39:09,118.5
2026/4/24,14:42:02,128.5
2026/4/24,14:43:21,138.4
2026/4/24,14:46:18,148.3
2026/4/24,14:47:37,158.0
2026/4/24,14:50:41,167.9
2026/4/24,14:52:08,178.4
2026/4/24,14:55:03,188.7
2026/4/24,14:56:24,198.1
2026/4/24,14:59:19,207.4
2026/4/24,15:00:40,217.9
2026/4/24,15:03:35,228.8
2026/4/24,15:04:57,238.1
2026/4/24,15:07:51,247.6
2026/4/24,15:09:13,258.7
2026/4/24,15:12:15,267.9
2026/4/24,15:13:44,277.6
2026/4/24,15:16:38,288.4
2026/4/24,15:18:00,297.6
2026/4/24,15:20:54,308.3
2026/4/24,15:22:16,318.0
2026/4/24,15:25:10,328.2
2026/4/24,15:26:32,338.1
2026/4/24,17:08:46,98.7
2026/4/24,17:10:06,108.6
2026/4/24,17:13:01,118.5
2026/4/24,17:14:20,128.5
2026/4/24,17:17:16,138.4
2026/4/24,17:18:35,148.3
2026/4/24,17:21:40,158.0
2026/4/24,17:23:09,167.9
2026/4/24,17:26:02,178.4
2026/4/24,17:27:24,188.6
2026/4/24,17:30:18,198.3
2026/4/24,17:31:39,207.7
2026/4/24,17:34:32,217.9
2026/4/24,17:35:54,228.7
2026/4/24,17:38:47,238.1
2026/4/24,17:40:09,247.6
2026/4/24,17:43:10,258.6
2026/4/24,17:44:40,267.9
2026/4/24,17:47:34,277.6
2026/4/24,17:48:55,288.4
2026/4/24,17:51:48,297.5
2026/4/24,17:53:10,308.2
2026/4/24,17:56:03,317.9
2026/4/24,17:57:25,328.2
2026/4/24,18:00:17,338.1
2026/4/24,19:48:53,98.6
2026/4/24,19:51:57,108.6
2026/4/24,19:53:26,118.5
2026/4/24,19:56:21,128.5
2026/4/24,19:57:41,138.4
2026/4/24,20:00:36,148.3
2026/4/24,20:01:55,158.0
2026/4/24,20:04:52,167.9
2026/4/24,20:06:10,178.5
2026/4/24,20:09:03,188.7
2026/4/24,20:10:24,198.1
2026/4/24,20:13:25,207.4
2026/4/24,20:14:53,217.9
2026/4/24,20:17:45,228.7
2026/4/24,20:19:06,238.0
2026/4/24,20:21:59,247.6
2026/4/24,20:23:20,258.9
2026/4/24,20:26:12,267.8
2026/4/24,20:27:34,277.6
2026/4/24,20:30:26,288.4
2026/4/24,20:31:48,297.4
2026/4/24,20:34:49,308.2
2026/4/24,20:36:21,318.1
2026/4/24,20:39:14,328.2
2026/4/24,20:40:35,338.3
2026/4/24,22:37:30,98.6
2026/4/24,22:38:50,108.6
2026/4/24,22:41:45,118.5
2026/4/24,22:43:04,128.5
2026/4/24,22:45:58,138.5
2026/4/24,22:47:18,148.3
2026/4/24,22:50:21,158.0
2026/4/24,22:51:46,167.9
2026/4/24,22:54:39,178.5
2026/4/24,22:56:01,188.7
2026/4/24,22:58:53,198.4
2026/4/24,23:00:15,207.6
2026/4/24,23:03:08,217.8
2026/4/24,23:04:29,228.7
2026/4/24,23:07:22,238.1
2026/4/24,23:08:44,247.6
2026/4/24,23:11:45,258.6
2026/4/24,23:13:15,268.0
2026/4/24,23:16:08,277.6
2026/4/24,23:17:29,288.4
2026/4/24,23:20:22,297.5
2026/4/24,23:21:44,308.2
2026/4/24,23:24:36,317.9
2026/4/24,23:25:58,328.2
2026/4/24,23:28:51,338.0
2026/4/25,00:31:29,98.6
2026/4/25,00:32:49,108.6
2026/4/25,00:36:01,118.5
2026/4/25,00:37:30,128.5
2026/4/25,00:40:23,138.4
2026/4/25,00:41:43,148.3
2026/4/25,00:44:37,158.0
2026/4/25,00:46:08,167.9
2026/4/25,00:49:25,178.4
2026/4/25,00:50:11,188.7
2026/4/25,00:53:03,198.3
2026/4/25,00:54:24,207.6
2026/4/25,00:57:22,217.8
2026/4/25,00:58:54,228.7
2026/4/25,01:01:46,238.0
2026/4/25,01:03:07,247.6
2026/4/25,01:06:00,258.7
2026/4/25,01:07:21,267.9
2026/4/25,01:10:14,277.6
2026/4/25,01:11:35,288.4
2026/4/25,01:14:28,297.4
2026/4/25,01:15:49,308.2
2026/4/25,01:18:50,317.9
2026/4/25,01:20:18,328.2
2026/4/25,01:23:10,337.9
2026/4/25,02:27:35,98.7
2026/4/25,02:28:55,108.6
2026/4/25,02:31:59,118.5
2026/4/25,02:33:19,128.5
2026/4/25,02:36:13,138.4
2026/4/25,02:37:32,148.3
2026/4/25,02:40:27,158.0
2026/4/25,02:41:47,167.9
2026/4/25,02:44:48,178.5
2026/4/25,02:46:15,188.8
2026/4/25,02:49:08,198.3
2026/4/25,02:50:29,207.7
2026/4/25,02:53:22,217.8
2026/4/25,02:54:43,228.7
2026/4/25,02:57:36,238.0
2026/4/25,02:58:57,247.6
2026/4/25,03:01:50,258.6
2026/4/25,03:03:11,267.9
2026/4/25,03:06:12,277.6
2026/4/25,03:07:40,288.3
2026/4/25,03:10:33,297.5
2026/4/25,03:11:54,308.3
2026/4/25,03:14:47,317.9
2026/4/25,03:16:08,328.2
2026/4/25,03:19:01,338.2
2026/4/25,04:16:12,98.6
2026/4/25,04:19:06,108.6
2026/4/25,04:20:26,118.5
2026/4/25,04:23:19,128.5
2026/4/25,04:24:39,138.5
2026/4/25,04:27:35,148.3
2026/4/25,04:28:55,158.0
2026/4/25,04:31:56,167.8
2026/4/25,04:33:25,178.4
2026/4/25,04:36:18,188.7
2026/4/25,04:37:39,198.2
2026/4/25,04:40:33,207.4
2026/4/25,06:29:34,98.6
2026/4/25,08:07:11,98.5
2026/4/25,08:08:30,108.6
2026/4/25,08:13:06,118.5
2026/4/25,08:14:26,128.5
2026/4/25,08:17:27,138.4
2026/4/25,08:18:53,148.3
2026/4/25,08:21:46,158.0
2026/4/25,08:23:06,167.9
2026/4/25,08:26:14,178.4
2026/4/25,08:27:19,188.7
2026/4/25,08:30:11,198.3
2026/4/25,08:31:33,207.7
2026/4/25,08:34:25,217.9
2026/4/25,08:35:46,228.7
2026/4/25,08:38:44,238.1
2026/4/25,08:40:57,247.6
2026/4/25,08:43:04,258.6
2026/4/25,08:44:26,267.9
2026/4/25,08:47:18,277.6
2026/4/25,08:48:39,288.4
2026/4/25,08:51:31,297.5
2026/4/25,08:52:52,308.2
2026/4/25,08:55:44,317.9
2026/4/25,08:57:05,328.2
2026/4/25,09:00:04,338.0
2026/4/25,09:19:23,268.0
2026/4/25,09:19:41,277.6
2026/4/25,09:24:06,288.3
2026/4/25,09:26:32,297.5
2026/4/25,10:27:54,217.9
2026/4/25,10:58:04,98.6
2026/4/25,10:59:24,108.6
2026/4/25,11:02:28,118.5
2026/4/25,11:03:48,128.5
2026/4/25,11:06:37,138.4
2026/4/25,11:07:57,148.3
2026/4/25,11:59:05,138.4
2026/4/25,12:00:25,148.3
2026/4/25,12:03:14,158.0
2026/4/25,12:04:34,167.9
2026/4/25,14:08:42,98.6
2026/4/25,14:11:36,108.6
2026/4/25,14:12:56,118.5
2026/4/25,14:15:57,128.5
2026/4/25,14:17:27,138.4
2026/4/25,14:20:21,148.2
2026/4/25,14:21:39,158.0
2026/4/25,14:24:32,167.9
2026/4/25,14:25:53,178.4
2026/4/25,14:28:45,188.7
2026/4/25,14:30:06,198.1
2026/4/25,14:32:58,207.9
2026/4/25,14:34:20,217.8
2026/4/25,14:37:20,228.8
2026/4/25,14:38:50,238.2
2026/4/25,14:41:43,247.6
2026/4/25,14:43:04,258.7
2026/4/25,14:45:56,267.8
2026/4/25,14:47:18,277.6
2026/4/25,14:50:09,288.4
2026/4/25,14:51:31,297.3
2026/4/25,14:54:22,308.2
2026/4/25,14:55:44,318.0
2026/4/25,14:58:42,328.2
2026/4/25,15:00:13,338.3
2026/4/25,16:12:15,268.0
2026/4/25,16:13:39,277.6
2026/4/25,16:16:51,288.4
2026/4/25,16:18:10,297.5
2026/4/25,16:21:14,308.2
2026/4/25,16:22:33,318.0
2026/4/26,02:45:54,277.6
2026/4/26,02:46:13,288.4
2026/4/26,02:49:46,297.5
2026/4/26,02:50:40,308.3
2026/4/26,04:19:10,98.6
2026/4/26,04:20:35,108.6
2026/4/26,04:22:52,118.5
2026/4/26,04:24:20,128.5
2026/4/26,04:25:45,138.4
2026/4/26,04:28:04,148.3
2026/4/26,04:29:30,158.0
2026/4/26,04:30:56,167.8
2026/4/26,04:33:17,178.4
2026/4/26,04:34:43,188.7
2026/4/26,04:36:08,198.3
2026/4/26,04:38:48,207.8
2026/4/26,04:40:07,217.9
2026/4/26,04:41:25,228.8
2026/4/26,04:44:00,238.1
2026/4/26,04:45:25,247.6
2026/4/26,04:46:51,258.7
2026/4/26,04:49:13,267.9
2026/4/26,04:50:38,277.6
2026/4/26,04:52:03,288.4
2026/4/26,04:54:26,297.5
2026/4/26,04:55:50,308.3
2026/4/26,04:57:15,318.0
2026/4/26,04:59:38,328.1
2026/4/26,05:01:05,338.0
2026/4/26,06:30:08,98.6
2026/4/26,06:31:50,108.6
2026/4/26,06:33:47,118.6
2026/4/26,06:35:06,128.5
2026/4/26,06:36:24,138.4
2026/4/26,06:38:43,148.3
2026/4/26,06:40:26,158.0
2026/4/26,06:41:20,167.9
2026/4/26,06:43:39,178.4
2026/4/26,06:45:19,188.7
2026/4/26,06:46:45,198.3
2026/4/26,06:48:55,207.4
2026/4/26,06:50:14,217.9
2026/4/26,06:51:41,228.8
2026/4/26,06:53:50,238.0
2026/4/26,06:55:10,247.6
2026/4/26,06:56:29,258.7
2026/4/26,06:58:46,267.9
2026/4/26,07:00:06,277.6
2026/4/26,07:01:23,288.4
2026/4/26,07:03:42,297.4
2026/4/26,07:05:02,308.2
2026/4/26,07:06:19,317.9
2026/4/26,07:08:38,328.2
2026/4/26,07:10:20,338.1
2026/4/26,10:37:54,98.5
2026/4/26,10:38:12,108.6
2026/4/26,10:41:24,118.5
2026/4/26,10:42:15,128.5
2026/4/26,11:38:25,108.6
2026/4/26,11:40:32,118.5
2026/4/26,11:44:42,148.3
2026/4/26,11:45:26,158.1
2026/4/26,11:48:16,188.7
2026/4/26,11:49:27,198.2
2026/4/26,13:37:06,98.6
2026/4/26,13:38:24,108.6
2026/4/26,13:39:43,118.5
2026/4/26,13:42:02,128.5
2026/4/26,13:43:46,138.4
2026/4/26,13:45:11,148.3
2026/4/26,13:47:19,158.1
2026/4/26,13:48:38,167.9
2026/4/26,13:50:08,178.4
2026/4/26,13:52:13,188.7
2026/4/26,13:53:33,198.2
2026/4/26,13:54:51,207.3
2026/4/26,13:57:09,217.9
2026/4/26,13:58:29,228.7
2026/4/26,13:59:47,238.0
2026/4/26,14:02:05,247.6
2026/4/26,14:03:25,258.7
2026/4/26,14:04:42,267.8
2026/4/26,14:07:01,277.6
2026/4/26,14:08:43,288.4
2026/4/26,17:39:02,98.6
2026/4/26,17:40:31,108.6
2026/4/26,17:42:40,118.5
2026/4/26,17:44:22,128.6
2026/4/26,17:45:19,138.4
2026/4/26,17:47:37,148.2
2026/4/26,17:49:19,158.1
2026/4/26,17:50:16,167.9
2026/4/26,17:52:36,178.4
2026/4/26,17:54:15,188.6
2026/4/26,17:55:15,198.1
2026/4/26,17:57:33,207.4
2026/4/26,17:59:13,217.8
2026/4/26,18:00:38,228.7
2026/4/26,18:02:55,238.0
2026/4/26,18:04:15,247.6
2026/4/26,18:05:38,258.7
2026/4/26,18:07:53,267.8
2026/4/26,18:09:34,277.6
2026/4/26,18:10:34,288.4
2026/4/26,19:38:50,98.6
2026/4/26,19:41:09,108.6
2026/4/26,19:42:50,118.5
2026/4/26,19:44:15,128.5
2026/4/26,19:46:28,138.4
2026/4/26,19:47:46,148.2
2026/4/26,19:49:14,158.1
2026/4/26,19:51:23,167.9
2026/4/26,19:52:41,178.4
2026/4/26,19:54:00,188.6
2026/4/26,19:56:17,198.3
2026/4/26,19:57:37,207.6
2026/4/26,19:58:54,217.8
2026/4/26,20:01:13,228.8
2026/4/26,20:02:33,238.1
2026/4/26,20:03:50,247.6
2026/4/26,20:06:09,258.7
2026/4/26,20:07:51,267.9
2026/4/26,20:09:17,277.6
2026/4/26,20:11:25,288.4
2026/4/26,20:12:44,297.5
2026/4/26,20:14:13,308.2
2026/4/26,20:16:21,317.9
2026/4/26,20:17:42,327.9
2026/4/26,20:18:59,338.1
2026/4/26,21:44:24,98.6
2026/4/26,21:46:43,108.6
2026/4/26,21:48:23,118.5
2026/4/26,21:49:48,128.5
2026/4/26,21:52:02,138.4
2026/4/26,21:53:21,148.2
2026/4/26,21:54:49,158.1
2026/4/26,21:56:57,167.9
2026/4/26,21:58:16,178.4
2026/4/26,21:59:35,188.5
2026/4/26,22:01:52,198.3
2026/4/26,22:03:12,207.6
2026/4/26,22:04:29,217.8
2026/4/26,22:06:48,228.8
2026/4/26,22:08:08,238.1
2026/4/26,22:09:25,247.6
2026/4/26,22:11:44,258.7
2026/4/26,22:13:26,267.8
2026/4/26,22:14:51,277.6
2026/4/26,22:17:02,288.4
2026/4/26,22:18:21,297.5
2026/4/26,22:19:49,308.2
2026/4/26,22:21:58,317.9
2026/4/26,22:23:39,328.2
2026/4/26,22:24:37,338.1
2026/4/26,23:13:38,98.7
2026/4/26,23:14:32,108.6
2026/4/26,23:17:08,118.5
2026/4/26,23:18:34,128.5
2026/4/26,23:20:00,138.4
2026/4/26,23:22:03,148.3
2026/4/26,23:23:45,158.1
2026/4/26,23:24:40,167.9
2026/4/26,23:26:58,178.4
2026/4/26,23:28:48,188.7
2026/4/26,23:30:05,198.3
2026/4/26,23:32:17,207.4
2026/4/26,23:33:35,217.8
2026/4/26,23:35:02,228.8
2026/4/26,23:37:12,238.0
2026/4/26,23:38:33,247.6
2026/4/26,23:39:50,258.7
2026/4/26,23:42:08,267.9
2026/4/26,23:43:28,277.6
2026/4/26,23:44:45,288.4
2026/4/26,23:47:04,297.5
2026/4/26,23:48:25,308.3
2026/4/26,23:49:42,317.9
2026/4/26,23:52:00,328.2
2026/4/26,23:53:42,338.1
2026/4/27,01:14:03,98.6
2026/4/27,01:15:22,108.6
2026/4/27,01:16:49,118.5
2026/4/27,01:19:12,128.5
2026/4/27,01:20:42,138.4
2026/4/27,01:22:07,148.2
2026/4/27,01:24:22,158.0
2026/4/27,01:25:50,167.9
2026/4/27,01:27:16,178.4
2026/4/27,01:29:32,188.6
2026/4/27,01:30:58,198.3
2026/4/27,01:32:24,207.8
2026/4/27,01:34:41,217.8
2026/4/27,01:36:07,228.8
2026/4/27,01:37:33,238.0
2026/4/27,01:40:11,247.7
2026/4/27,01:41:30,258.7
2026/4/27,01:42:49,267.8
2026/4/27,01:45:22,277.6
2026/4/27,01:46:49,288.4
2026/4/27,01:48:14,297.5
2026/4/27,01:50:33,308.1
2026/4/27,01:52:00,318.0
2026/4/27,01:53:25,328.2
2026/4/27,01:55:43,338.0
2026/4/27,02:45:59,98.5
2026/4/27,02:47:42,108.6
2026/4/27,02:48:36,118.5
2026/4/27,02:50:55,128.5
2026/4/27,02:52:38,138.4
2026/4/27,02:54:03,148.3
2026/4/27,02:56:10,158.1
2026/4/27,02:57:28,167.9
2026/4/27,02:59:00,178.5
2026/4/27,03:01:05,188.6
2026/4/27,03:02:46,198.2
2026/4/27,03:03:42,207.7
2026/4/27,03:06:00,217.9
2026/4/27,03:07:41,228.8
2026/4/27,03:08:38,238.2
2026/4/27,03:10:56,247.6
2026/4/27,03:12:16,258.7
2026/4/27,03:13:33,267.9
2026/4/27,03:15:52,277.6
2026/4/27,03:17:34,288.4
2026/4/27,03:18:59,297.5
2026/4/27,03:21:09,308.2
2026/4/27,03:22:28,317.9
2026/4/27,03:23:56,328.3
2026/4/27,03:26:04,338.2
2026/4/27,04:51:00,98.6
2026/4/27,04:52:42,108.6
2026/4/27,04:53:37,118.5
2026/4/27,04:56:07,128.5
2026/4/27,04:57:38,138.4
2026/4/27,04:59:03,148.3
2026/4/27,05:01:40,158.1
2026/4/27,05:02:59,167.9
2026/4/27,05:04:17,178.4
2026/4/27,05:06:48,188.6
2026/4/27,05:08:16,198.3
2026/4/27,05:09:41,207.4
2026/4/27,05:11:55,217.9
2026/4/27,05:13:24,228.8
2026/4/27,05:14:49,238.0
2026/4/27,05:17:03,247.6
2026/4/27,05:18:32,258.6
2026/4/27,05:19:57,267.9
2026/4/27,05:22:12,277.6
2026/4/27,05:23:40,288.3
2026/4/27,05:25:06,297.5
2026/4/27,05:27:42,308.3
2026/4/27,05:29:00,318.0
2026/4/27,05:30:18,328.2
2026/4/27,05:32:49,338.0
2026/4/27,06:59:59,98.6
2026/4/27,07:01:42,108.6
2026/4/27,07:02:36,118.5
2026/4/27,07:04:54,128.5
2026/4/27,07:06:38,138.4
2026/4/27,07:08:03,148.2
2026/4/27,07:10:14,158.0
2026/4/27,07:11:33,167.9
2026/4/27,07:13:00,178.4
2026/4/27,07:15:10,188.6
2026/4/27,07:16:50,198.2
2026/4/27,07:17:47,207.7
2026/4/27,07:20:04,217.9
2026/4/27,07:21:24,228.7
2026/4/27,07:22:41,238.1
2026/4/27,07:25:00,247.6
2026/4/27,07:26:20,258.7
2026/4/27,07:27:37,267.9
2026/4/27,07:29:55,277.6
2026/4/27,07:31:37,288.4
2026/4/27,07:33:02,297.5
2026/4/27,07:35:16,308.2
2026/4/27,07:36:35,317.9
2026/4/27,07:38:01,328.2
2026/4/27,07:40:11,338.0
2026/4/27,09:05:07,98.7
2026/4/27,09:06:25,108.6
2026/4/27,09:07:43,118.5
2026/4/27,09:10:15,128.5
2026/4/27,09:11:45,138.4
2026/4/27,09:13:11,148.3
2026/4/27,09:15:49,158.0
2026/4/27,09:17:08,167.9
2026/4/27,09:18:26,178.4
2026/4/27,09:20:58,188.6
2026/4/27,09:22:26,198.3
2026/4/27,09:23:51,207.7
2026/4/27,09:26:06,217.9
2026/4/27,09:27:34,228.7
2026/4/27,09:28:59,238.0
2026/4/27,09:31:15,247.5
2026/4/27,09:32:44,258.7
2026/4/27,09:34:09,267.7
2026/4/27,09:36:24,277.7
2026/4/27,09:37:53,288.4
2026/4/27,09:39:18,297.5
2026/4/27,09:41:52,308.2
2026/4/27,09:43:12,317.8
2026/4/27,09:44:30,328.2
2026/4/27,09:47:01,338.0
2026/4/27,11:12:11,98.6
2026/4/27,11:13:53,108.6
2026/4/27,11:14:47,118.5
2026/4/27,11:17:06,128.5
2026/4/27,11:18:49,138.4
2026/4/27,11:20:15,148.3
2026/4/27,11:22:25,158.0
2026/4/27,11:23:44,167.9
2026/4/27,11:25:13,178.4
2026/4/27,11:27:21,188.6
2026/4/27,11:29:02,198.3
2026/4/27,11:29:58,207.6
2026/4/27,11:32:16,217.9
2026/4/27,11:33:36,228.7
2026/4/27,11:34:53,238.1
2026/4/27,11:37:11,247.6
2026/4/27,11:38:32,258.7
2026/4/27,11:39:49,267.9
2026/4/27,11:42:07,277.6
2026/4/27,11:43:49,288.4
2026/4/27,11:45:15,297.5
2026/4/27,11:47:27,308.2
2026/4/27,11:48:46,317.9
2026/4/27,11:50:13,328.2
2026/4/27,11:52:23,338.2
2026/4/27,12:51:03,98.5
2026/4/27,12:52:29,108.7
2026/4/27,12:54:30,118.5
2026/4/27,12:56:14,128.5
2026/4/27,12:57:07,138.4
2026/4/27,12:59:56,148.3
2026/4/27,13:01:14,158.0
2026/4/27,13:02:39,167.9
2026/4/27,13:04:45,178.4
2026/4/27,13:06:03,188.7
2026/4/27,13:07:24,198.4
2026/4/27,13:09:40,207.4
2026/4/27,13:11:00,217.8
2026/4/27,13:12:17,228.8
2026/4/27,13:14:36,238.0
2026/4/27,13:16:17,247.6
2026/4/27,13:17:15,258.7
2026/4/27,13:19:32,267.8
2026/4/27,13:21:14,277.6
2026/4/27,13:22:11,288.4
2026/4/27,13:24:28,297.5
2026/4/27,13:26:10,308.2
2026/4/27,13:27:35,317.9
2026/4/27,13:29:45,328.2
2026/4/27,13:31:04,337.9
2026/4/27,15:21:25,268.0
2026/4/27,15:21:44,318.0
2026/4/27,15:24:55,328.2
2026/4/27,15:25:47,338.1
2026/4/27,15:42:23,98.5
2026/4/27,15:42:41,108.6
2026/4/27,15:45:54,118.5
2026/4/27,15:46:46,128.5
2026/4/27,17:32:46,98.6
2026/4/27,17:34:04,118.5
2026/4/27,17:36:34,128.5
2026/4/27,17:38:06,138.4
2026/4/27,17:39:31,148.3
2026/4/27,17:41:29,158.0
2026/4/27,17:43:12,167.9
2026/4/27,17:44:05,178.4
2026/4/27,17:46:25,188.6
2026/4/27,17:48:05,198.3
2026/4/27,17:49:01,207.5
2026/4/27,17:51:19,217.9
2026/4/27,17:53:01,228.8
2026/4/27,17:54:27,238.0
2026/4/27,17:56:33,247.6
2026/4/27,17:57:52,258.7
2026/4/27,17:59:23,267.9
2026/4/27,18:01:28,277.6
2026/4/27,18:02:49,288.3
2026/4/27,18:04:06,297.5
2026/4/27,18:06:25,308.2
2026/4/27,18:08:06,318.0
2026/4/27,18:09:03,328.0
2026/4/27,18:11:20,338.0
2026/4/27,20:55:22,98.6
2026/4/27,20:56:21,108.6
2026/4/27,20:57:51,118.5
2026/4/27,20:59:09,128.5
2026/4/27,21:00:43,138.4
2026/4/27,21:02:18,148.3
2026/4/27,21:03:57,158.0
2026/4/27,21:05:47,167.9
2026/4/27,21:07:06,178.4
2026/4/27,21:08:41,188.5
2026/4/27,21:10:19,198.2
2026/4/27,21:12:05,207.6
2026/4/27,21:13:28,217.8
2026/4/27,21:15:03,228.7
2026/4/27,21:16:41,238.1
2026/4/27,21:18:17,247.6
2026/4/27,21:19:51,258.7
2026/4/27,21:21:26,267.9
2026/4/27,21:23:04,277.6
2026/4/27,21:24:40,288.4
2026/4/27,21:26:14,297.5
2026/4/27,21:27:49,308.2
2026/4/27,21:29:28,317.9
2026/4/27,21:31:03,328.2
2026/4/27,21:32:37,338.2
2026/4/27,22:13:56,98.6
2026/4/27,23:26:24,138.4
2026/4/27,23:26:55,148.3
2026/4/27,23:27:13,158.1
2026/4/27,23:28:22,167.9
2026/4/28,00:38:14,98.7
2026/4/28,00:39:39,108.6
2026/4/28,00:41:03,118.5
2026/4/28,00:42:27,128.5
2026/4/28,00:43:51,138.4
2026/4/28,00:45:15,148.3
2026/4/28,00:46:39,158.0
2026/4/28,00:48:03,167.9
2026/4/28,00:49:27,178.4
2026/4/28,00:50:51,188.6
2026/4/28,00:52:15,198.1
2026/4/28,00:53:39,207.6
2026/4/28,00:54:59,217.9
2026/4/28,00:56:27,228.8
2026/4/28,00:57:47,238.0
2026/4/28,00:59:11,247.6
2026/4/28,01:00:35,258.6
2026/4/28,01:01:59,267.8
2026/4/28,01:03:23,277.6
2026/4/28,01:04:47,288.4
2026/4/28,01:06:11,297.5
2026/4/28,01:30:19,98.6
2026/4/28,01:31:20,108.6
2026/4/28,01:32:50,118.5
2026/4/28,01:34:08,128.5
2026/4/28,01:35:27,138.4
2026/4/28,01:36:45,148.3
2026/4/28,01:38:06,158.1
2026/4/28,01:39:34,167.9
2026/4/28,01:40:58,178.5
2026/4/28,01:42:22,188.7
2026/4/28,01:43:46,198.2
2026/4/28,01:44:42,207.5
2026/4/28,01:46:00,217.8
2026/4/28,01:47:19,228.8
2026/4/28,01:48:39,238.1
2026/4/28,01:49:58,247.6
2026/4/28,01:51:17,258.7
2026/4/28,01:52:36,267.8
2026/4/28,01:53:56,277.6
2026/4/28,01:55:23,288.4
2026/4/28,01:56:49,297.4
2026/4/28,01:58:15,308.2
2026/4/28,01:59:44,317.9
2026/4/28,02:01:02,328.2
2026/4/28,02:02:21,338.2
2026/4/28,04:21:48,98.5
2026/4/28,04:23:12,108.6
2026/4/28,04:24:36,118.5
2026/4/28,04:26:00,128.5
2026/4/28,04:27:24,138.4
2026/4/28,04:28:48,148.3
2026/4/28,04:30:12,158.0
2026/4/28,04:31:37,167.9
2026/4/28,04:33:01,178.4
2026/4/28,04:34:24,188.4
2026/4/28,04:35:49,198.1
2026/4/28,04:37:13,207.6
2026/4/28,04:38:34,217.8
2026/4/28,04:39:58,228.8
2026/4/28,04:41:22,238.0
2026/4/28,04:42:46,247.6
2026/4/28,04:44:10,258.7
2026/4/28,04:45:34,267.7
2026/4/28,04:46:58,277.6
2026/4/28,04:48:22,288.4
2026/4/28,04:49:46,297.4
2026/4/28,04:51:10,308.2
2026/4/28,04:52:34,317.9
2026/4/28,04:53:58,328.2
2026/4/28,04:55:22,338.2
2026/4/28,06:06:42,98.7
2026/4/28,06:08:06,108.6
2026/4/28,06:09:30,118.5
2026/4/28,06:10:54,128.5
2026/4/28,06:12:18,138.4
2026/4/28,06:13:43,148.3
2026/4/28,06:15:06,158.1
2026/4/28,06:16:30,167.8
2026/4/28,06:17:54,178.5
2026/4/28,06:19:18,188.5
2026/4/28,06:20:42,198.2
2026/4/28,06:22:07,207.7
2026/4/28,06:23:28,217.9
2026/4/28,06:24:52,228.8
2026/4/28,06:26:16,238.1
2026/4/28,06:27:40,247.6
2026/4/28,06:29:04,258.7
2026/4/28,06:30:29,267.9
2026/4/28,06:31:52,277.6
2026/4/28,06:33:16,288.3
2026/4/28,06:34:40,297.5
2026/4/28,06:36:04,308.2
2026/4/28,06:37:28,317.9
2026/4/28,06:38:51,328.2
2026/4/28,06:40:15,338.2
2026/4/28,07:25:03,98.6
2026/4/28,07:26:27,108.6
2026/4/28,07:27:50,118.5
2026/4/28,07:29:14,128.5
2026/4/28,07:30:38,138.4
2026/4/28,07:32:02,148.3
2026/4/28,07:33:45,158.1
2026/4/28,07:34:48,167.8
2026/4/28,07:36:12,178.4
2026/4/28,07:37:36,188.6
2026/4/28,07:39:00,198.2
2026/4/28,07:40:24,207.7
2026/4/28,07:41:47,217.8
2026/4/28,07:43:11,228.8
2026/4/28,07:44:34,238.0
2026/4/28,07:45:58,247.6
2026/4/28,08:57:20,98.6
2026/4/28,08:58:44,108.6
2026/4/28,09:00:08,118.5
2026/4/28,09:01:32,128.5
2026/4/28,09:02:56,138.4
2026/4/28,09:04:20,148.3
2026/4/28,09:05:44,158.1
2026/4/28,09:07:08,167.9
2026/4/28,09:08:33,178.4
2026/4/28,09:09:56,188.6
2026/4/28,09:11:20,198.2
2026/4/28,09:12:44,207.6
2026/4/28,09:14:06,217.9
2026/4/28,09:15:30,228.8
2026/4/28,09:16:54,238.0
2026/4/28,09:18:21,247.6
2026/4/28,09:19:41,258.7
2026/4/28,09:21:05,267.9
2026/4/28,09:22:29,277.6
2026/4/28,09:23:53,288.4
2026/4/28,09:25:17,297.5
2026/4/28,09:26:41,308.2
2026/4/28,09:28:05,317.9
2026/4/28,09:29:29,328.2
2026/4/28,09:30:53,338.1
2026/4/28,11:40:23,178.4
2026/4/28,11:40:52,188.5
2026/4/28,11:41:10,198.1
2026/4/28,11:42:18,207.4
2026/4/28,12:16:38,98.6
2026/4/28,12:18:02,108.6
2026/4/28,12:19:26,118.5
2026/4/28,12:20:50,128.5
2026/4/28,12:22:14,138.4
2026/4/28,12:23:38,148.2
2026/4/28,12:25:02,158.1
2026/4/28,12:26:26,167.9
2026/4/28,12:27:50,178.4
2026/4/28,12:29:14,188.6
2026/4/28,12:30:38,198.1
2026/4/28,12:32:02,207.6
2026/4/28,12:33:24,217.8
2026/4/28,12:34:47,228.7
2026/4/28,12:36:11,238.0
2026/4/28,12:37:35,247.6
2026/4/28,12:38:59,258.7
2026/4/28,12:40:23,267.9
2026/4/28,12:41:47,277.6
2026/4/28,12:43:18,288.4
2026/4/28,12:44:35,297.5
2026/4/28,12:45:59,308.2
2026/4/28,12:47:23,317.8
2026/4/28,12:48:47,328.2
2026/4/28,12:50:11,338.0
2026/4/28,14:57:56,198.2
2026/4/28,14:58:14,207.4
2026/4/28,15:01:37,217.9
2026/4/28,15:02:27,228.7
2026/4/28,15:58:24,178.4
2026/4/28,15:58:42,188.5
2026/4/28,16:01:55,198.1
2026/4/28,16:03:22,207.6
2026/4/28,16:38:15,98.5
2026/4/28,16:39:34,108.6
2026/4/28,16:40:53,118.5
2026/4/28,16:42:13,128.5
2026/4/28,16:43:37,138.4
2026/4/28,16:45:01,148.3
2026/4/28,16:46:25,158.0
2026/4/28,16:47:49,167.9
2026/4/28,16:49:13,178.4
2026/4/28,16:50:37,188.7
2026/4/28,16:52:01,198.2
2026/4/28,16:53:44,207.6
2026/4/28,16:54:46,217.9
2026/4/28,16:56:10,228.7
2026/4/28,16:57:34,238.0
2026/4/28,16:58:58,247.6
2026/4/28,17:00:24,258.7
2026/4/28,17:01:46,267.8
2026/4/28,17:03:10,277.6
2026/4/28,17:04:34,288.4
2026/4/28,17:05:58,297.5
2026/4/28,17:07:22,308.2
2026/4/28,17:08:45,317.9
2026/4/28,17:10:10,328.2
2026/4/28,17:11:34,338.0
2026/4/28,17:49:21,98.6
2026/4/28,17:50:45,108.6
2026/4/28,17:52:08,118.5
2026/4/28,17:53:32,128.5
2026/4/28,17:54:56,138.4
2026/4/28,17:56:21,148.2
2026/4/28,17:57:44,158.1
2026/4/28,17:59:08,167.9
2026/4/28,18:00:32,178.4
2026/4/28,18:01:55,188.7
2026/4/28,18:03:20,198.1
2026/4/28,18:04:44,207.6
2026/4/28,18:06:06,217.9
2026/4/28,18:07:30,228.8
2026/4/28,18:08:53,238.1
2026/4/28,18:10:17,247.6
2026/4/28,18:11:41,258.7
2026/4/28,18:13:05,267.7
2026/4/28,18:14:29,277.6
2026/4/28,18:15:53,288.4
2026/4/28,18:17:17,297.4
2026/4/28,18:18:41,308.2
2026/4/28,18:20:05,317.9
2026/4/28,18:21:29,328.2
2026/4/28,18:23:15,338.2
2026/4/28,19:04:53,128.5
2026/4/28,19:06:17,138.4
2026/4/28,19:07:41,148.2
2026/4/28,19:09:07,158.1
2026/4/28,19:10:29,167.9
2026/4/28,19:11:53,178.4
2026/4/28,19:13:18,188.6
2026/4/28,19:14:42,198.1
2026/4/28,19:16:06,207.7
2026/4/28,19:17:30,217.9
2026/4/28,19:18:54,228.7
2026/4/28,19:20:19,238.0
2026/4/28,19:21:39,247.6
2026/4/28,19:23:03,258.7
2026/4/28,19:24:27,267.9
2026/4/28,19:25:51,277.6
2026/4/28,19:27:15,288.4
2026/4/28,19:28:39,297.5
2026/4/28,19:30:03,308.2
2026/4/28,19:31:27,317.9
2026/4/28,19:32:50,328.2
2026/4/28,19:34:15,338.0
2026/4/28,20:44:14,108.6
2026/4/28,20:45:37,118.5
2026/4/28,20:47:02,128.6
2026/4/28,20:48:25,138.4
2026/4/28,20:49:49,148.3
2026/4/28,20:51:13,158.1
2026/4/28,20:52:37,167.9
2026/4/28,20:54:01,178.4
2026/4/28,20:55:25,188.7
2026/4/28,20:56:49,198.2
2026/4/28,20:58:13,207.7
2026/4/28,20:59:37,217.9
2026/4/28,21:01:41,228.7
2026/4/28,21:02:22,238.0
2026/4/28,21:03:46,247.6
2026/4/28,21:05:10,258.7
2026/4/28,21:06:34,267.7
2026/4/28,21:07:58,277.6
2026/4/28,21:09:22,288.4
2026/4/28,21:10:46,297.5
2026/4/28,21:12:10,308.1
2026/4/28,21:13:34,317.9
2026/4/28,21:14:58,328.2
2026/4/28,21:16:22,338.1
2026/4/28,22:22:07,98.7
2026/4/28,22:23:31,108.6
2026/4/28,22:24:55,118.5
2026/4/28,22:26:19,128.5
2026/4/28,22:27:43,138.4
2026/4/28,22:29:07,148.3
2026/4/28,22:30:31,158.1
2026/4/28,22:31:55,167.9
2026/4/28,22:33:19,178.4
2026/4/28,22:34:43,188.9
2026/4/28,22:36:07,198.1
2026/4/28,23:14:05,247.6
2026/4/28,23:15:29,258.7
2026/4/28,23:16:53,267.8
2026/4/28,23:18:17,277.6
2026/4/29,00:11:10,98.6
2026/4/29,00:12:31,108.6
2026/4/29,00:13:49,118.5
2026/4/29,00:15:08,128.5
2026/4/29,00:16:27,138.4
2026/4/29,00:17:51,148.2
2026/4/29,00:19:15,158.1
2026/4/29,00:20:39,167.9
2026/4/29,00:22:03,178.5
2026/4/29,00:23:27,188.6
2026/4/29,00:24:51,198.2
2026/4/29,00:26:15,207.6
2026/4/29,00:27:36,217.8
2026/4/29,00:29:00,228.7
2026/4/29,00:30:24,238.0
2026/4/29,00:31:48,247.6
2026/4/29,00:33:12,258.7
2026/4/29,00:34:35,267.8
2026/4/29,00:35:59,277.6
2026/4/29,00:37:23,288.4
2026/4/29,00:38:47,297.5
2026/4/29,00:40:11,308.2
2026/4/29,00:41:35,317.8
2026/4/29,00:42:59,328.2
2026/4/29,00:44:23,338.2
2026/4/29,02:35:33,188.7
2026/4/29,02:37:01,198.2
2026/4/29,02:38:26,207.6
2026/4/29,02:39:54,217.9
2026/4/29,03:18:28,98.6
2026/4/29,03:19:51,108.6
2026/4/29,03:21:16,118.5
2026/4/29,03:22:40,128.5
2026/4/29,03:24:03,138.4
2026/4/29,03:25:27,148.3
2026/4/29,03:26:52,158.1
2026/4/29,03:28:16,167.9
2026/4/29,03:29:40,178.4
2026/4/29,03:31:04,188.7
2026/4/29,03:32:28,198.2
2026/4/29,03:33:52,207.6
2026/4/29,03:35:15,217.9
2026/4/29,03:36:37,228.8
2026/4/29,03:38:01,238.0
2026/4/29,03:39:25,247.6
2026/4/29,03:40:49,258.7
2026/4/29,03:42:13,267.8
2026/4/29,03:43:37,277.6
2026/4/29,03:45:01,288.4
2026/4/29,03:46:25,297.5
2026/4/29,03:47:49,308.2
2026/4/29,03:49:13,317.9
2026/4/29,03:50:37,328.2
2026/4/29,03:52:01,338.2
2026/4/29,05:03:22,98.6
2026/4/29,05:04:46,108.6
2026/4/29,05:06:11,118.5
2026/4/29,05:07:35,128.4
2026/4/29,05:08:58,138.4
2026/4/29,05:10:23,148.3
2026/4/29,05:11:47,158.1
2026/4/29,05:13:11,167.9
2026/4/29,05:14:35,178.5
2026/4/29,05:15:59,188.4
2026/4/29,05:17:23,198.2
2026/4/29,05:18:47,207.6
2026/4/29,05:20:08,217.8
2026/4/29,05:21:32,228.8
2026/4/29,05:22:55,238.0
2026/4/29,05:24:19,247.6
2026/4/29,05:25:44,258.7
2026/4/29,05:27:10,267.8
2026/4/29,05:28:32,277.6
2026/4/29,05:29:55,288.4
2026/4/29,05:31:19,297.5
2026/4/29,05:32:43,308.2
2026/4/29,05:34:08,317.9
2026/4/29,05:35:31,328.2
2026/4/29,05:36:55,338.2
2026/4/29,10:46:53,98.6
2026/4/29,10:48:14,108.6
2026/4/29,10:49:33,118.5
2026/4/29,10:50:52,128.5
2026/4/29,10:52:14,138.4
2026/4/29,10:53:37,148.2
2026/4/29,10:55:01,158.0
2026/4/29,10:56:25,167.9
2026/4/29,10:57:49,178.4
2026/4/29,10:59:13,188.6
2026/4/29,11:00:37,198.2
2026/4/29,11:02:02,207.7
2026/4/29,11:03:23,217.8
2026/4/29,11:04:47,228.8
2026/4/29,11:06:10,238.1
2026/4/29,11:07:34,247.6
2026/4/29,11:08:58,258.7
2026/4/29,11:10:23,267.9
2026/4/29,11:11:46,277.6
2026/4/29,11:13:33,288.4
2026/4/29,20:29:45,98.7
2026/4/29,20:30:03,108.6
2026/4/29,20:34:45,118.6
2026/4/29,20:35:24,128.5
2026/4/30,08:02:38,98.7
2026/4/30,08:04:02,108.7
2026/4/30,08:05:26,118.5
2026/4/30,08:06:50,128.5
2026/4/30,08:08:14,138.5
2026/4/30,08:09:38,148.3
2026/4/30,08:11:02,158.1
2026/4/30,08:12:26,167.9
2026/4/30,08:13:50,178.4
2026/4/30,08:15:14,188.7
2026/4/30,08:16:38,198.3
2026/4/30,08:18:02,207.7
2026/4/30,08:19:25,217.9
2026/4/30,08:20:47,228.8
2026/4/30,08:22:17,238.0
2026/4/30,08:23:35,247.7
2026/4/30,08:24:59,258.7
2026/4/30,08:26:22,267.9
2026/4/30,08:27:46,277.6
2026/4/30,08:29:10,288.3
2026/4/30,08:30:34,297.3
2026/4/30,08:31:58,308.2
2026/4/30,08:33:44,317.8
2026/4/30,08:34:46,328.0
2026/4/30,08:36:10,338.3
2026/4/30,09:47:29,98.7
2026/4/30,10:29:25,207.7
2026/4/30,10:29:43,217.9
2026/4/30,10:33:02,228.7
2026/4/30,10:33:53,238.0
2026/4/30,11:31:10,98.7
2026/4/30,11:32:10,108.6
2026/4/30,11:33:41,118.6
2026/4/30,11:34:59,128.5
2026/4/30,11:36:18,138.5
2026/4/30,11:37:37,148.3
2026/4/30,11:38:57,158.1
2026/4/30,11:40:44,167.9
2026/4/30,11:41:49,178.4
2026/4/30,11:43:13,188.8
2026/4/30,11:44:37,198.4
2026/4/30,11:45:33,207.7
2026/4/30,11:46:51,217.9
2026/4/30,11:48:12,228.7
2026/4/30,11:49:30,238.1
2026/4/30,11:50:49,247.7
2026/4/30,11:52:08,258.7
2026/4/30,11:53:27,267.9
2026/4/30,11:54:48,277.6
2026/4/30,11:56:15,288.4
2026/4/30,11:57:40,297.3
2026/4/30,11:59:05,308.2
2026/4/30,12:00:34,317.9
2026/4/30,12:01:53,328.1
2026/4/30,12:03:12,338.4
2026/4/30,13:14:06,98.7
2026/4/30,13:15:30,108.7
2026/4/30,13:16:54,118.6
2026/4/30,13:18:18,128.5
2026/4/30,13:19:41,138.5
2026/4/30,13:21:06,148.3
2026/4/30,13:22:30,158.1
2026/4/30,13:23:53,167.9
2026/4/30,13:25:18,178.5
2026/4/30,13:26:42,188.8
2026/4/30,13:28:06,198.2
2026/4/30,13:29:30,207.7
2026/4/30,13:30:51,217.8
2026/4/30,13:32:15,228.8
2026/4/30,13:33:39,238.1
2026/4/30,13:35:03,247.7
2026/4/30,13:36:27,258.7
2026/4/30,13:37:50,267.8
2026/4/30,13:39:14,277.6
2026/4/30,13:40:39,288.3
2026/4/30,13:42:02,297.3
2026/4/30,13:43:26,308.2
2026/4/30,13:44:50,317.7
2026/4/30,13:46:14,328.0
2026/4/30,13:47:38,338.4
2026/4/30,14:58:59,98.7
2026/4/30,15:00:23,108.7
2026/4/30,15:01:47,118.5
2026/4/30,15:03:11,128.5
2026/4/30,15:04:35,138.5
2026/4/30,15:05:59,148.3
2026/4/30,15:07:23,158.1
2026/4/30,15:08:46,167.9
2026/4/30,15:10:11,178.4
2026/4/30,15:11:35,188.7
2026/4/30,15:12:59,198.5
2026/4/30,15:14:23,207.7
2026/4/30,15:15:44,217.9
2026/4/30,15:17:07,228.8
2026/4/30,15:18:32,238.1
2026/4/30,15:19:56,247.6
2026/4/30,15:21:20,258.7
2026/4/30,15:22:44,267.8
2026/4/30,15:24:08,277.6
2026/4/30,15:25:32,288.3
2026/4/30,15:26:55,297.3
2026/4/30,15:28:20,308.2
2026/4/30,15:29:44,317.8
2026/4/30,15:31:07,328.0
2026/4/30,15:32:31,338.3
2026/4/30,17:33:58,228.6
2026/4/30,17:34:32,247.7
2026/4/30,17:38:05,258.7
2026/4/30,17:38:56,267.9
2026/4/30,18:28:17,228.6
2026/4/30,18:28:35,247.6
2026/4/30,18:32:20,258.7
2026/4/30,18:33:11,267.8
2026/4/30,19:42:03,98.7
2026/4/30,19:43:27,108.7
2026/4/30,19:44:51,118.5
2026/4/30,19:46:15,128.5
2026/4/30,19:47:39,138.5
2026/4/30,19:49:03,148.3
2026/4/30,19:50:28,158.1
2026/4/30,19:51:52,167.9
2026/4/30,19:53:16,178.4
2026/4/30,19:54:40,188.7
2026/4/30,19:56:04,198.3
2026/4/30,19:57:28,207.7
2026/4/30,19:58:49,217.9
2026/4/30,20:00:13,228.8
2026/4/30,20:01:38,238.1
2026/4/30,20:03:01,247.7
2026/4/30,20:04:25,258.7
2026/4/30,20:05:49,267.9
2026/4/30,20:07:13,277.6
2026/4/30,20:08:37,288.4
2026/4/30,20:10:01,297.3
2026/4/30,20:11:25,308.2
2026/4/30,20:12:49,317.8
2026/4/30,20:14:13,328.1
2026/4/30,20:15:37,338.4
2026/4/30,21:27:17,98.7
2026/4/30,21:28:21,108.6
2026/4/30,21:29:45,118.5
2026/4/30,21:31:09,128.5
2026/4/30,21:32:33,138.5
2026/4/30,21:33:57,148.3
2026/4/30,21:35:21,158.1
2026/4/30,21:36:45,167.9
2026/4/30,21:38:08,178.4
2026/4/30,21:39:33,188.7
2026/4/30,21:40:56,198.3
2026/4/30,21:42:20,207.6
2026/4/30,21:43:42,217.9
2026/4/30,21:45:05,228.8
2026/4/30,21:46:29,238.1
2026/4/30,21:47:53,247.7
2026/4/30,21:49:17,258.7
2026/4/30,21:50:41,267.8
2026/4/30,21:52:05,277.6
2026/4/30,21:53:29,288.3
2026/4/30,21:54:53,297.3
2026/4/30,21:56:17,308.2
2026/4/30,21:57:41,317.8
2026/4/30,21:59:05,328.0
2026/4/30,22:00:29,338.3
2026/4/30,23:11:50,108.6
2026/4/30,23:13:14,138.5
2026/4/30,23:14:38,148.3
2026/4/30,23:16:02,158.1
2026/4/30,23:17:26,167.9
2026/4/30,23:18:50,178.4
2026/4/30,23:20:14,188.7
2026/4/30,23:21:38,198.3
2026/4/30,23:23:03,217.9
2026/4/30,23:24:27,228.7
2026/4/30,23:25:51,238.1
2026/4/30,23:27:15,247.7
2026/4/30,23:29:17,258.7
2026/4/30,23:30:00,267.9
2026/4/30,23:31:24,277.6
2026/4/30,23:32:48,288.3
2026/4/30,23:34:12,297.3
2026/4/30,23:35:36,308.2
2026/4/30,23:37:00,317.7
2026/4/30,23:38:24,328.1
2026/4/30,23:39:48,338.1
2026/5/1,00:30:58,297.3
2026/5/1,00:31:17,308.2
2026/5/1,00:34:59,317.8
2026/5/1,00:35:19,328.0
2026/5/1,01:12:08,98.7
2026/5/1,01:13:27,108.6
2026/5/1,01:14:47,118.5
2026/5/1,01:16:12,128.6
2026/5/1,01:17:36,138.5
2026/5/1,01:19:00,148.3
2026/5/1,01:20:24,158.1
2026/5/1,01:21:48,167.9
2026/5/1,01:23:12,178.4
2026/5/1,01:24:36,188.8
2026/5/1,01:26:18,198.3
2026/5/1,01:27:22,207.7
2026/5/1,01:29:25,217.8
2026/5/1,01:30:08,228.8
2026/5/1,01:31:32,238.1
2026/5/1,01:33:01,247.7
2026/5/1,01:34:20,258.7
2026/5/1,01:35:44,267.8
2026/5/1,01:37:08,277.6
2026/5/1,01:38:32,288.2
2026/5/1,01:39:56,297.3
2026/5/1,01:41:20,308.2
2026/5/1,01:42:44,317.7
2026/5/1,01:44:08,328.1
2026/5/1,01:45:32,338.0
2026/5/1,02:24:42,98.7
2026/5/1,02:26:06,108.6
2026/5/1,02:27:30,118.5
2026/5/1,02:28:55,128.6
2026/5/1,02:30:18,138.5
2026/5/1,02:31:42,148.3
2026/5/1,02:33:06,158.1
2026/5/1,02:34:30,167.9
2026/5/1,02:35:54,178.4
2026/5/1,02:37:18,188.8
2026/5/1,02:39:21,198.3
2026/5/1,02:40:04,207.7
2026/5/1,02:41:27,217.9
2026/5/1,02:43:12,228.7
2026/5/1,02:44:15,238.1
2026/5/1,02:45:45,247.7
2026/5/1,02:47:02,258.7
2026/5/1,02:48:27,267.9
2026/5/1,02:49:50,277.6
2026/5/1,02:51:14,288.3
2026/5/1,02:52:38,297.3
2026/5/1,02:54:02,308.2
2026/5/1,02:55:26,317.8
2026/5/1,02:56:50,328.0
2026/5/1,02:58:14,338.0
2026/5/1,03:40:12,98.7
2026/5/1,03:41:36,108.7
2026/5/1,03:43:00,118.6
2026/5/1,03:44:24,128.6
2026/5/1,03:45:48,138.5
2026/5/1,03:47:11,148.3
2026/5/1,03:48:36,158.1
2026/5/1,03:50:00,167.9
2026/5/1,03:51:24,178.5
2026/5/1,03:52:48,188.7
2026/5/1,03:54:12,198.2
2026/5/1,03:55:36,207.6
2026/5/1,03:57:19,217.9
2026/5/1,03:58:22,228.8
2026/5/1,03:59:45,238.1
2026/5/1,04:01:09,247.7
2026/5/1,04:02:33,258.7
2026/5/1,04:03:57,267.8
2026/5/1,04:05:21,277.6
2026/5/1,04:06:45,288.3
2026/5/1,04:08:09,297.3
2026/5/1,04:09:33,308.2
2026/5/1,04:10:57,317.7
2026/5/1,04:12:21,328.1
2026/5/1,04:13:45,337.9
2026/5/1,04:51:31,98.7
2026/5/1,04:52:56,108.6
2026/5/1,04:54:20,118.6
2026/5/1,04:55:44,128.5
2026/5/1,04:57:08,138.4
2026/5/1,04:58:32,148.3
2026/5/1,04:59:56,158.1
2026/5/1,05:01:20,167.9
2026/5/1,05:02:44,178.5
2026/5/1,05:04:08,188.7
2026/5/1,05:05:32,198.3
2026/5/1,05:06:56,207.6
2026/5/1,05:08:17,217.9
2026/5/1,05:09:41,228.8
2026/5/1,05:11:16,238.1
2026/5/1,05:12:31,247.7
2026/5/1,05:13:55,258.7
2026/5/1,05:15:19,267.8
2026/5/1,05:16:43,277.6
2026/5/1,05:18:07,288.3
2026/5/1,05:19:31,297.3
2026/5/1,05:20:55,308.2
2026/5/1,05:22:19,317.7
2026/5/1,05:23:43,328.0
2026/5/1,05:25:07,338.0
2026/5/1,06:36:29,98.7
2026/5/1,06:37:54,108.6
2026/5/1,06:39:17,118.5
2026/5/1,06:40:44,128.5
2026/5/1,06:42:06,138.5
2026/5/1,06:43:30,148.3
2026/5/1,06:44:53,158.1
2026/5/1,06:46:18,167.9
2026/5/1,06:47:42,178.4
2026/5/1,06:49:06,188.7
2026/5/1,06:50:30,198.4
2026/5/1,06:51:54,207.7
2026/5/1,06:53:15,217.9
2026/5/1,06:54:39,228.8
2026/5/1,06:56:03,238.1
2026/5/1,06:57:27,247.7
2026/5/1,06:58:51,258.7
2026/5/1,07:00:15,267.9
2026/5/1,07:01:39,277.6
2026/5/1,07:03:03,288.4
2026/5/1,07:04:27,297.3
2026/5/1,07:05:51,308.2
2026/5/1,07:07:15,317.7
2026/5/1,07:08:39,328.1
2026/5/1,07:10:03,338.1
2026/5/1,08:21:38,98.7
2026/5/1,08:23:02,108.6
2026/5/1,08:24:27,118.6
2026/5/1,08:25:51,128.5
2026/5/1,08:27:15,138.5
2026/5/1,08:28:39,148.3
2026/5/1,08:30:03,158.1
2026/5/1,08:31:26,167.9
2026/5/1,08:32:50,178.4
2026/5/1,08:34:14,188.7
2026/5/1,08:35:38,198.3
2026/5/1,08:37:02,207.6
2026/5/1,08:38:46,217.9
2026/5/1,08:39:48,228.8
2026/5/1,08:41:12,238.1
2026/5/1,08:42:36,247.7
2026/5/1,08:44:00,258.7
2026/5/1,08:45:24,267.8
2026/5/1,08:46:47,277.6
2026/5/1,08:48:11,288.3
2026/5/1,08:49:35,297.3
2026/5/1,08:50:59,308.2
2026/5/1,08:52:23,317.8
2026/5/1,08:53:47,328.0
2026/5/1,08:55:11,338.3
2026/5/1,09:38:34,98.7
2026/5/1,09:39:58,108.6
2026/5/1,09:41:22,118.5
2026/5/1,09:42:46,128.5
2026/5/1,09:44:11,138.5
2026/5/1,09:45:34,148.3
2026/5/1,09:46:58,158.1
2026/5/1,09:48:22,167.9
2026/5/1,09:49:46,178.4
2026/5/1,09:51:10,188.7
2026/5/1,09:52:34,198.2
2026/5/1,09:53:58,207.7
2026/5/1,09:55:41,217.8
2026/5/1,09:56:44,228.8
2026/5/1,09:58:08,238.0
2026/5/1,09:59:32,247.7
2026/5/1,10:00:56,258.7
2026/5/1,10:02:20,267.8
2026/5/1,10:03:44,277.6
2026/5/1,10:05:07,288.3
2026/5/1,10:06:32,297.3
2026/5/1,10:07:56,308.2
2026/5/1,10:09:20,317.7
2026/5/1,10:10:43,328.0
2026/5/1,10:12:07,338.3
2026/5/1,11:23:28,98.7
2026/5/1,11:24:52,108.6
2026/5/1,11:26:16,118.5
2026/5/1,11:27:40,128.5
2026/5/1,11:29:04,138.5
2026/5/1,11:30:28,148.3
2026/5/1,11:31:52,158.1
2026/5/1,11:33:16,167.9
2026/5/1,11:34:40,178.5
2026/5/1,11:36:05,188.8
2026/5/1,11:37:29,198.4
2026/5/1,11:38:53,207.6
2026/5/1,11:40:36,217.9
2026/5/1,11:41:38,228.8
2026/5/1,11:43:02,238.1
2026/5/1,11:44:26,247.7
2026/5/1,11:45:50,258.7
2026/5/1,11:47:14,267.8
2026/5/1,11:48:41,277.6
2026/5/1,11:50:02,288.2
2026/5/1,11:51:26,297.3
2026/5/1,11:52:50,308.2
2026/5/1,11:54:14,317.7
2026/5/1,11:55:38,328.1
2026/5/1,11:57:02,338.0
2026/5/1,13:09:53,98.7
2026/5/1,13:11:18,108.7
2026/5/1,13:12:44,118.5
2026/5/1,13:14:13,128.5
2026/5/1,13:15:32,138.5
2026/5/1,14:20:57,98.7
2026/5/1,14:22:21,108.7
2026/5/1,14:23:45,118.6
2026/5/1,14:25:09,128.5
2026/5/1,14:26:33,138.5
2026/5/1,14:27:57,148.3
2026/5/1,14:29:21,158.1
2026/5/1,14:30:45,167.9
2026/5/1,14:32:09,178.4
2026/5/1,14:33:33,188.6
2026/5/1,14:34:57,198.1
2026/5/1,14:36:21,207.7
2026/5/1,14:38:03,217.8
2026/5/1,14:39:06,228.8
2026/5/1,14:40:30,238.1
2026/5/1,14:41:53,247.7
2026/5/1,14:43:18,258.7
2026/5/1,14:44:41,267.8
2026/5/1,14:46:06,277.6
2026/5/1,14:47:30,288.3
2026/5/1,14:48:54,297.3
2026/5/1,14:50:17,308.2
2026/5/1,14:51:42,317.8
2026/5/1,14:53:06,328.1
2026/5/1,14:54:30,338.3
2026/5/1,16:05:50,98.7
2026/5/1,16:07:14,108.7
2026/5/1,16:08:38,118.5
2026/5/1,16:10:02,128.5
2026/5/1,16:11:27,138.5
2026/5/1,16:12:51,148.3
2026/5/1,16:14:32,158.1
2026/5/1,16:15:48,167.9
2026/5/1,16:17:12,178.4
2026/5/1,16:18:36,188.7
2026/5/1,16:20:00,198.3
2026/5/1,16:21:25,207.7
2026/5/1,16:23:27,217.8
2026/5/1,16:24:10,228.8
2026/5/1,16:25:34,238.1
2026/5/1,16:26:58,247.6
2026/5/1,16:28:21,258.7
2026/5/1,16:29:45,267.8
2026/5/1,16:31:10,277.6
2026/5/1,16:32:33,288.3
2026/5/1,16:33:57,297.3
2026/5/1,16:35:21,308.2
2026/5/1,16:36:45,317.7
2026/5/1,16:38:09,328.1
2026/5/1,16:39:33,338.0
2026/5/1,17:08:58,98.7
2026/5/1,17:10:21,108.6
2026/5/1,17:11:46,118.5
2026/5/1,17:13:08,128.6
2026/5/1,17:14:32,138.5
2026/5/1,17:15:56,148.3
2026/5/1,17:17:20,158.1
2026/5/1,17:18:44,168.0
2026/5/1,17:20:09,178.4
2026/5/1,17:21:32,188.7
2026/5/1,17:22:56,198.3
2026/5/1,17:24:20,207.7
2026/5/1,17:25:47,217.9
2026/5/1,17:27:06,228.8
2026/5/1,17:28:30,238.1
2026/5/1,17:29:54,247.7
2026/5/1,17:31:18,258.7
2026/5/1,17:32:42,267.9
2026/5/1,17:34:06,277.6
2026/5/1,17:35:30,288.3
2026/5/1,17:36:54,297.3
2026/5/1,17:38:18,308.1
2026/5/1,17:39:42,317.7
2026/5/1,17:41:06,328.1
2026/5/1,17:42:30,338.4
2026/5/1,18:12:18,98.7
2026/5/1,18:13:18,108.6
2026/5/1,18:14:49,118.5
2026/5/1,18:16:07,128.5
2026/5/1,18:17:26,138.5
2026/5/1,18:18:44,148.3
2026/5/1,18:20:05,158.1
2026/5/1,18:21:31,167.9
2026/5/1,18:22:55,178.4
2026/5/1,18:24:19,188.7
2026/5/1,18:25:43,198.3
2026/5/1,18:26:41,207.7
2026/5/1,18:27:59,217.9
2026/5/1,18:29:18,228.8
2026/5/1,18:30:39,238.1
2026/5/1,18:31:58,247.7
2026/5/1,18:33:16,258.7
2026/5/1,18:34:34,267.8
2026/5/1,18:35:55,277.6
2026/5/1,18:37:41,288.3
2026/5/1,18:38:47,297.3
2026/5/1,18:40:12,308.2
2026/5/1,18:41:42,317.7
2026/5/1,18:43:01,328.1
2026/5/1,18:44:20,338.3
2026/5/1,21:21:39,98.7
2026/5/1,21:23:00,108.7
2026/5/1,21:24:18,118.5
2026/5/1,21:25:37,128.5
2026/5/1,21:26:56,138.4
2026/5/1,21:28:17,148.3
2026/5/1,21:29:41,158.1
2026/5/1,21:31:05,167.9
2026/5/1,21:32:29,178.5
2026/5/1,21:33:53,188.7
2026/5/1,21:35:17,198.3
2026/5/1,21:36:41,207.7
2026/5/1,21:38:02,217.9
2026/5/1,21:39:26,228.8
2026/5/1,21:40:50,238.1
2026/5/1,21:42:14,247.7
2026/5/1,21:43:37,258.7
2026/5/1,21:45:02,267.8
2026/5/1,21:46:26,277.6
2026/5/1,21:47:49,288.3
2026/5/1,21:49:14,297.3
2026/5/1,21:50:38,308.1
2026/5/1,21:52:01,317.8
2026/5/1,21:53:26,328.1
2026/5/1,21:54:49,338.0
2026/5/1,23:06:13,98.7
2026/5/1,23:07:37,108.7
2026/5/1,23:09:01,118.6
2026/5/1,23:10:25,128.5
2026/5/1,23:11:49,138.5
2026/5/1,23:13:12,148.3
2026/5/1,23:14:37,158.1
2026/5/1,23:16:01,167.9
2026/5/1,23:17:24,178.5
2026/5/1,23:18:48,188.7
2026/5/1,23:20:13,198.2
2026/5/1,23:21:37,207.6
2026/5/1,23:22:58,217.9
2026/5/1,23:24:22,228.8
2026/5/1,23:25:46,238.1
2026/5/1,23:27:10,247.6
2026/5/1,23:28:34,258.7
2026/5/1,23:29:57,267.8
2026/5/1,23:31:21,277.6
2026/5/1,23:32:45,288.2
2026/5/1,23:34:09,297.3
2026/5/1,23:35:33,308.2
2026/5/1,23:36:57,317.7
2026/5/1,23:38:21,328.0
2026/5/1,23:39:45,338.4
2026/5/2,00:51:04,98.7
2026/5/2,00:52:28,108.6
2026/5/2,00:53:53,118.6
2026/5/2,00:55:16,128.6
2026/5/2,00:56:40,138.5
2026/5/2,00:58:04,148.3
2026/5/2,00:59:29,158.1
2026/5/2,01:00:53,167.9
2026/5/2,01:02:17,178.4
2026/5/2,01:03:41,188.8
2026/5/2,01:05:05,198.1
2026/5/2,01:06:30,207.7
2026/5/2,01:07:50,217.9
2026/5/2,01:09:14,228.8
2026/5/2,01:10:38,238.1
2026/5/2,01:12:02,247.7
2026/5/2,01:13:26,258.7
2026/5/2,01:14:50,267.8
2026/5/2,01:16:14,277.6
2026/5/2,01:17:38,288.3
2026/5/2,01:19:02,297.3
2026/5/2,01:20:26,308.2
2026/5/2,01:21:50,317.8
2026/5/2,01:23:14,328.1
2026/5/2,01:24:37,338.0
2026/5/2,02:16:28,98.7
2026/5/2,02:17:08,108.6
2026/5/2,02:18:39,118.5
2026/5/2,02:19:57,128.5
2026/5/2,02:21:16,138.5
2026/5/2,02:22:34,148.3
2026/5/2,02:23:54,158.1
2026/5/2,02:25:22,167.9
2026/5/2,02:26:45,178.4
2026/5/2,02:28:10,188.7
2026/5/2,02:29:33,198.3
2026/5/2,02:30:30,207.7
2026/5/2,02:31:48,217.9
2026/5/2,02:33:06,228.8
2026/5/2,02:34:27,238.1
2026/5/2,02:35:46,247.7
2026/5/2,02:37:05,258.7
2026/5/2,02:38:24,267.8
2026/5/2,02:39:45,277.6
2026/5/2,02:41:11,288.4
2026/5/2,02:42:37,297.3
2026/5/2,02:44:03,308.2
2026/5/2,02:45:30,317.7
2026/5/2,02:46:49,328.1
2026/5/2,02:48:08,338.4
2026/5/2,03:06:56,228.6
2026/5/2,03:07:15,238.1
2026/5/2,03:10:32,247.7
2026/5/2,03:11:23,258.7
2026/5/2,08:12:58,267.9
2026/5/2,08:13:17,277.6
2026/5/2,08:17:41,288.3
2026/5/2,08:18:50,297.3
2026/5/2,09:27:20,98.7
2026/5/2,09:28:44,108.6
2026/5/2,09:30:08,118.5
2026/5/2,09:31:32,128.5
2026/5/2,09:32:56,138.5
2026/5/2,09:34:20,148.3
2026/5/2,09:35:44,158.1
2026/5/2,09:37:08,167.9
2026/5/2,09:38:32,178.5
2026/5/2,09:39:55,188.8
2026/5/2,09:41:19,198.2
2026/5/2,09:42:44,207.7
2026/5/2,09:44:05,217.9
2026/5/2,09:45:28,228.8
2026/5/2,09:46:52,238.0
2026/5/2,09:48:16,247.7
2026/5/2,09:49:40,258.7
2026/5/2,09:51:04,267.8
2026/5/2,09:52:28,277.5
2026/5/2,09:53:52,288.4
2026/5/2,09:55:16,297.3
2026/5/2,09:56:40,308.2
2026/5/2,09:58:04,317.7
2026/5/2,09:59:28,328.0
2026/5/2,10:00:52,338.2
2026/5/2,11:12:12,98.7
2026/5/2,11:13:36,108.7
2026/5/2,11:15:00,118.5
2026/5/2,11:16:24,128.5
2026/5/2,11:17:48,138.5
2026/5/2,11:19:12,148.3
2026/5/2,11:20:36,158.1
2026/5/2,11:22:00,167.9
2026/5/2,11:23:24,178.5
2026/5/2,11:24:48,188.7
2026/5/2,11:26:12,198.2
2026/5/2,11:27:36,207.7
2026/5/2,11:28:57,217.9
2026/5/2,11:30:21,228.8
2026/5/2,11:31:45,238.1
2026/5/2,11:33:09,247.7
2026/5/2,11:34:33,258.7
2026/5/2,11:36:01,267.8
2026/5/2,11:37:20,277.6
2026/5/2,11:38:44,288.3
2026/5/2,11:40:08,297.2
2026/5/2,11:41:32,308.2
2026/5/2,11:42:56,317.7
2026/5/2,11:44:20,328.1
2026/5/2,11:45:44,338.1
2026/5/2,16:09:43,98.6
2026/5/2,16:11:04,108.7
2026/5/2,16:12:22,118.6
2026/5/2,16:13:57,128.5
2026/5/2,16:15:01,138.5
2026/5/2,16:16:25,148.3
2026/5/2,16:17:49,158.1
2026/5/2,16:19:13,167.9
2026/5/2,16:20:38,178.4
2026/5/2,16:22:02,188.7
2026/5/2,16:23:26,198.4
2026/5/2,16:24:50,207.6
2026/5/2,16:26:11,217.9
2026/5/2,16:27:35,228.8
2026/5/2,16:28:59,238.1
2026/5/2,16:30:23,247.6
2026/5/2,16:31:47,258.7
2026/5/2,16:33:11,267.8
2026/5/2,16:34:35,277.6
2026/5/2,16:35:59,288.3
2026/5/2,16:37:23,297.3
2026/5/2,16:38:47,308.2
2026/5/2,16:40:11,317.8
2026/5/2,16:41:35,328.0
2026/5/2,16:42:59,338.3
2026/5/2,17:40:42,98.7
2026/5/2,17:41:40,108.7
2026/5/2,17:43:11,118.5
2026/5/2,17:44:29,128.5
2026/5/2,17:45:48,138.5
2026/5/2,17:47:08,148.3
2026/5/2,17:48:28,158.1
2026/5/2,17:49:55,168.0
2026/5/2,17:51:19,178.4
2026/5/2,17:52:43,188.7
2026/5/2,17:54:07,198.3
2026/5/2,17:55:28,207.7
2026/5/2,17:56:52,217.9
2026/5/2,17:57:52,228.7
2026/5/2,17:59:12,238.1
2026/5/2,18:00:31,247.7
2026/5/2,18:01:51,258.7
2026/5/2,18:03:12,267.8
2026/5/2,18:04:34,277.6
2026/5/2,18:06:00,288.3
2026/5/2,18:07:27,297.3
2026/5/2,18:08:53,308.2
2026/5/2,18:10:20,317.7
2026/5/2,18:11:40,328.0
2026/5/2,18:13:00,338.4
2026/5/2,19:03:42,98.7
2026/5/2,19:05:02,108.7
2026/5/2,19:06:20,118.6
2026/5/2,19:07:39,128.5
2026/5/2,19:09:01,138.5
2026/5/2,19:10:25,148.3
2026/5/2,19:11:48,158.1
2026/5/2,19:13:12,167.9
2026/5/2,19:14:37,178.4
2026/5/2,19:16:01,188.7
2026/5/2,19:17:25,198.3
2026/5/2,19:18:49,207.7
2026/5/2,19:20:10,217.9
2026/5/2,19:21:34,228.8
2026/5/2,19:22:57,238.1
2026/5/2,19:24:21,247.7
2026/5/2,19:25:45,258.7
2026/5/2,19:27:12,267.9
2026/5/2,19:28:33,277.6
2026/5/2,19:29:57,288.3
2026/5/2,19:31:21,297.3
2026/5/2,19:32:45,308.2
2026/5/2,19:34:09,317.8
2026/5/2,19:35:32,328.1
2026/5/2,19:36:57,338.0
2026/5/2,22:39:45,98.7
2026/5/2,22:41:06,108.7
2026/5/2,22:42:25,118.5
2026/5/2,22:43:44,128.5
2026/5/2,22:45:03,138.5
2026/5/2,22:46:26,148.3
2026/5/2,22:47:50,158.1
2026/5/2,22:49:13,167.9
2026/5/2,22:50:38,178.4
2026/5/2,22:52:02,188.7
2026/5/2,22:53:26,198.3
2026/5/2,22:54:50,207.6
2026/5/2,22:56:11,217.9
2026/5/2,22:57:35,228.8
2026/5/2,22:58:59,238.1
2026/5/2,23:00:23,247.7
2026/5/2,23:01:46,258.7
2026/5/2,23:03:12,267.8
2026/5/2,23:04:34,277.6
2026/5/2,23:05:58,288.3
2026/5/2,23:07:22,297.3
2026/5/2,23:08:46,308.2
2026/5/2,23:10:10,317.8
2026/5/2,23:11:34,328.0
2026/5/2,23:12:58,338.3
2026/5/3,00:24:19,98.7
2026/5/3,00:25:43,108.7
2026/5/3,00:27:07,118.6
2026/5/3,00:28:31,128.5
2026/5/3,00:29:55,138.5
2026/5/3,00:31:19,148.3
2026/5/3,00:32:43,158.1
2026/5/3,00:34:07,167.9
2026/5/3,00:35:31,178.5
2026/5/3,00:36:55,188.7
2026/5/3,00:38:19,198.2
2026/5/3,00:39:43,207.6
2026/5/3,00:41:04,217.9
2026/5/3,00:42:27,228.8
2026/5/3,00:43:52,238.1
2026/5/3,00:45:15,247.6
2026/5/3,00:46:39,258.7
2026/5/3,00:48:03,267.9
2026/5/3,00:49:27,277.6
2026/5/3,00:50:52,288.3
2026/5/3,00:52:15,297.3
2026/5/3,02:03:37,98.6
2026/5/3,02:05:01,108.6
2026/5/3,02:06:25,118.5
2026/5/3,02:07:49,128.5
2026/5/3,02:09:13,138.5
2026/5/3,02:10:37,148.3
2026/5/3,02:12:01,158.1
2026/5/3,02:13:24,167.9
2026/5/3,02:14:48,178.4
2026/5/3,02:16:13,188.7
2026/5/3,02:17:37,198.2
2026/5/3,02:19:01,207.6
2026/5/3,02:20:22,217.9
2026/5/3,02:21:46,228.8
2026/5/3,02:23:10,238.0
2026/5/3,02:24:34,247.7
2026/5/3,02:25:58,258.7
2026/5/3,02:27:21,267.8
2026/5/3,02:28:45,277.6
2026/5/3,02:30:09,288.4
2026/5/3,02:31:33,297.3
2026/5/3,02:32:57,308.2
2026/5/3,02:34:21,317.7
2026/5/3,02:35:45,328.1
2026/5/3,02:37:09,338.4
2026/5/3,05:50:42,98.7
2026/5/3,05:52:06,108.7
2026/5/3,05:53:30,118.5
2026/5/3,05:55:14,128.6
2026/5/3,05:56:18,138.5
2026/5/3,05:57:42,148.3
2026/5/3,05:59:06,158.1
2026/5/3,06:00:30,167.9
2026/5/3,06:01:54,178.4
2026/5/3,06:03:18,188.7
2026/5/3,06:04:42,198.2
2026/5/3,06:06:06,207.7
2026/5/3,06:07:29,217.9
2026/5/3,06:08:51,228.8
2026/5/3,06:10:16,238.1
2026/5/3,06:11:39,247.7
2026/5/3,06:13:03,258.7
2026/5/3,06:14:27,267.9
2026/5/3,06:15:51,277.6
2026/5/3,06:17:15,288.3
2026/5/3,06:18:39,297.3
2026/5/3,06:20:03,308.2
2026/5/3,06:21:27,317.7
2026/5/3,06:22:51,328.1
2026/5/3,06:24:15,338.0
2026/5/3,07:35:34,138.5
2026/5/3,07:36:58,148.3
2026/5/3,07:38:22,158.1
2026/5/3,07:39:46,167.9
2026/5/3,07:41:10,178.4
2026/5/3,07:42:34,188.7
2026/5/3,07:43:58,198.3
2026/5/3,07:45:22,207.7
2026/5/3,07:46:46,217.9
2026/5/3,07:48:10,228.7
2026/5/3,07:49:34,238.1
2026/5/3,07:50:58,247.6
2026/5/3,07:52:40,258.7
2026/5/3,07:53:43,267.9
2026/5/3,07:55:07,277.6
2026/5/3,07:56:31,288.3
2026/5/3,07:57:55,297.3
2026/5/3,07:59:20,308.2
2026/5/3,08:00:43,317.7
2026/5/3,08:02:07,328.0
2026/5/3,08:03:30,338.3
2026/5/3,09:09:14,98.7
2026/5/3,09:10:38,108.6
2026/5/3,09:12:02,138.5
2026/5/3,09:13:25,148.3
2026/5/3,09:14:50,178.4
2026/5/3,09:16:14,188.7
2026/5/3,09:17:38,217.9
2026/5/3,09:19:02,258.7
2026/5/3,09:20:26,297.3
2026/5/3,09:21:50,308.2
2026/5/3,09:23:14,338.0
2026/5/3,10:17:45,98.7
2026/5/3,10:19:05,108.6
2026/5/3,10:20:23,118.6
2026/5/3,10:21:43,128.5
2026/5/3,10:23:02,138.5
2026/5/3,10:24:22,148.3
2026/5/3,10:25:44,158.1
2026/5/3,10:27:08,167.9
2026/5/3,10:28:32,178.5
2026/5/3,10:29:56,188.7
2026/5/3,10:31:20,198.3
2026/5/3,10:32:44,207.7
2026/5/3,10:34:05,217.9
2026/5/3,10:35:29,228.8
2026/5/3,10:36:53,238.1
2026/5/3,10:38:17,247.7
2026/5/3,10:39:41,258.7
2026/5/3,10:41:08,267.8
2026/5/3,10:42:28,277.6
2026/5/3,10:43:52,288.3
2026/5/3,10:45:16,297.3
2026/5/3,10:46:40,308.2
2026/5/3,10:48:04,317.7
2026/5/3,10:49:28,328.1
2026/5/3,10:50:52,338.4
2026/5/3,16:30:21,108.6
2026/5/3,16:30:39,118.5
2026/5/3,16:31:45,128.5
2026/5/3,16:32:17,138.5
2026/5/3,17:15:25,98.6
2026/5/3,17:16:18,108.6
2026/5/3,17:17:46,118.5
2026/5/3,17:19:03,128.5
2026/5/3,17:20:32,138.5
2026/5/3,17:21:57,148.3
2026/5/3,17:23:27,158.1
2026/5/3,17:24:46,167.9
2026/5/3,17:26:05,178.4
2026/5/3,17:27:23,188.7
2026/5/3,17:28:45,198.3
2026/5/3,17:30:04,207.7
2026/5/3,17:31:24,217.9
2026/5/3,17:32:41,228.7
2026/5/3,17:34:02,238.0
2026/5/3,17:35:29,247.7
2026/5/3,17:36:48,258.7
2026/5/3,17:38:06,267.8
2026/5/3,17:39:27,277.6
2026/5/3,17:40:46,288.3
2026/5/3,17:42:05,297.3
2026/5/3,17:43:23,308.2
2026/5/3,17:44:45,317.8
2026/5/3,17:46:04,328.0
2026/5/3,17:47:31,338.3
2026/5/5,02:06:32,98.7
2026/5/5,02:08:52,108.6
2026/5/5,02:10:38,118.5
2026/5/5,02:12:04,128.5
2026/5/5,02:14:11,138.5
2026/5/5,02:15:30,148.3
2026/5/5,02:17:01,158.1
2026/5/5,02:19:07,167.9
2026/5/5,02:20:50,178.4
2026/5/5,02:21:43,188.8
2026/5/5,03:13:33,98.7
2026/5/5,03:15:46,108.6
2026/5/5,03:17:17,118.5
2026/5/5,03:18:42,128.5
2026/5/5,03:20:43,138.5
2026/5/5,03:22:25,148.3
2026/5/5,03:23:19,158.1
2026/5/5,03:25:38,167.9
2026/5/5,03:27:21,178.4
2026/5/5,03:28:44,188.7
2026/5/5,03:30:58,198.4
2026/5/5,03:32:16,207.6
2026/5/5,03:33:41,217.9
2026/5/5,03:35:53,228.8
2026/5/5,03:37:35,238.0
2026/5/5,03:38:32,247.7
2026/5/5,03:40:50,258.7
2026/5/5,03:42:10,267.8
2026/5/5,03:43:27,277.6
2026/5/5,03:45:46,288.2
2026/5/5,03:47:06,297.3
2026/5/5,03:48:23,308.2
2026/5/5,03:50:41,317.7
2026/5/5,03:52:23,328.1
2026/5/5,03:53:48,338.0
2026/5/5,04:43:53,98.7
2026/5/5,04:46:05,108.7
2026/5/5,04:47:24,118.5
2026/5/5,04:48:51,128.5
2026/5/5,04:51:01,138.5
2026/5/5,04:52:43,148.3
2026/5/5,04:53:37,158.1
2026/5/5,04:55:57,168.0
2026/5/5,04:57:39,178.4
2026/5/5,04:58:33,188.8
2026/5/5,05:00:51,198.4
2026/5/5,05:02:11,207.7
2026/5/5,05:03:28,217.9
2026/5/5,05:05:47,228.8
2026/5/5,05:07:29,238.0
2026/5/5,05:08:54,247.7
2026/5/5,05:11:08,258.7
2026/5/5,05:12:27,267.8
2026/5/5,05:13:52,277.6
2026/5/5,05:16:03,288.3
2026/5/5,05:17:24,297.2
2026/5/5,05:18:40,308.1
2026/5/5,05:20:59,317.7
2026/5/5,05:22:20,328.0
2026/5/5,05:23:36,338.4
2026/5/5,06:12:44,98.7
2026/5/5,06:13:39,108.6
2026/5/5,06:15:59,118.5
2026/5/5,06:17:41,128.5
2026/5/5,06:18:37,138.4
2026/5/5,06:20:55,148.3
2026/5/5,06:22:38,158.1
2026/5/5,06:24:03,167.9
2026/5/5,06:26:14,178.4
2026/5/5,06:27:42,188.7
2026/5/5,06:28:58,198.4
2026/5/5,06:31:09,207.7
2026/5/5,06:32:50,217.9
2026/5/5,06:33:48,228.6
2026/5/5,06:36:05,238.0
2026/5/5,06:37:47,247.6
2026/5/5,06:38:45,258.7
2026/5/5,06:41:02,267.8
2026/5/5,06:42:44,277.6
2026/5/5,06:43:42,288.2
2026/5/5,06:45:59,297.3
2026/5/5,06:47:40,308.2
2026/5/5,06:49:06,317.7
2026/5/5,06:51:21,328.1
2026/5/5,06:52:40,338.2
2026/5/5,07:51:59,188.8
2026/5/5,07:52:17,198.3
2026/5/5,07:53:06,207.7
2026/5/5,07:54:00,217.8
2026/5/5,10:29:02,98.7
2026/5/5,10:30:45,108.6
2026/5/5,10:31:38,118.5
2026/5/5,10:33:58,128.5
2026/5/5,10:35:40,138.5
2026/5/5,10:37:06,148.3
2026/5/5,10:39:14,158.1
2026/5/5,10:40:32,167.9
2026/5/5,10:42:04,178.4
2026/5/5,10:44:07,188.8
2026/5/5,10:45:27,198.2
2026/5/5,10:46:44,207.7
2026/5/5,10:49:04,217.9
2026/5/5,10:50:24,228.7
2026/5/5,10:51:41,238.1
2026/5/5,10:53:59,247.6
2026/5/5,10:55:19,258.7
2026/5/5,10:56:36,267.8
2026/5/5,10:58:55,277.6
2026/5/5,11:00:36,288.3
2026/5/5,11:02:02,297.3
2026/5/5,11:04:15,308.2
2026/5/5,11:05:34,317.7
2026/5/5,11:06:59,328.0
2026/5/5,11:09:11,338.3
2026/5/5,12:34:16,98.7
2026/5/5,12:35:59,108.6
2026/5/5,12:36:54,118.6
2026/5/5,12:39:13,128.5
2026/5/5,12:40:56,138.5
2026/5/5,12:42:21,148.3
2026/5/5,12:44:33,158.1
2026/5/5,12:45:51,167.9
2026/5/5,12:47:19,178.4
2026/5/5,12:49:28,188.7
2026/5/5,12:51:09,198.1
2026/5/5,12:52:04,207.7
2026/5/5,12:54:22,217.8
2026/5/5,12:55:42,228.7
2026/5/5,12:56:59,238.0
2026/5/5,12:59:17,247.6
2026/5/5,13:00:38,258.7
2026/5/5,13:01:55,267.9
2026/5/5,13:04:14,277.6
2026/5/5,13:05:56,288.3
2026/5/5,13:07:21,297.3
2026/5/5,13:09:32,308.2
2026/5/5,13:10:51,317.7
2026/5/5,13:12:18,328.1
2026/5/5,13:14:28,338.0
2026/5/5,14:39:25,98.7
2026/5/5,14:41:08,108.7
2026/5/5,14:42:02,118.6
2026/5/5,14:44:21,128.5
2026/5/5,14:46:04,138.5
2026/5/5,14:47:29,148.3
2026/5/5,14:49:40,158.1
2026/5/5,14:50:59,167.9
2026/5/5,14:52:26,178.4
2026/5/5,14:54:36,188.7
2026/5/5,14:56:16,198.1
2026/5/5,14:57:13,207.7
2026/5/5,14:59:30,217.9
2026/5/5,15:00:50,228.7
2026/5/5,15:02:07,238.0
2026/5/5,15:04:26,247.7
2026/5/5,15:05:46,258.7
2026/5/5,15:07:03,267.8
2026/5/5,15:09:21,277.6
2026/5/5,15:11:04,288.3
2026/5/5,15:12:29,297.3
2026/5/5,15:14:41,308.2
2026/5/5,15:15:59,317.7
2026/5/5,15:17:25,328.0
2026/5/5,15:19:36,338.1
2026/5/5,16:44:33,98.7
2026/5/5,16:46:16,108.6
2026/5/5,16:47:09,118.5
2026/5/5,16:49:29,128.5
2026/5/5,16:51:12,138.5
2026/5/5,16:52:37,148.3
2026/5/5,16:54:46,158.1
2026/5/5,16:56:05,167.9
2026/5/5,16:57:34,178.4
2026/5/5,16:59:40,188.7
2026/5/5,17:01:00,198.2
2026/5/5,17:02:18,207.7
2026/5/5,17:04:36,217.9
2026/5/5,17:05:56,228.7
2026/5/5,17:07:13,238.0
2026/5/5,17:09:32,247.7
2026/5/5,17:10:52,258.7
2026/5/5,17:12:09,267.8
2026/5/5,17:14:28,277.6
2026/5/5,17:16:09,288.3
2026/5/5,17:17:35,297.3
2026/5/5,17:19:50,308.1
2026/5/5,17:21:09,317.7
2026/5/5,17:22:34,328.0
2026/5/5,17:24:46,338.4
2026/5/5,18:07:46,98.6
2026/5/5,18:09:56,108.6
2026/5/5,18:11:15,118.6
2026/5/5,18:13:05,128.5
2026/5/5,18:14:52,138.4
2026/5/5,18:16:34,148.3
2026/5/5,18:17:29,158.1
2026/5/5,18:19:48,167.9
2026/5/5,18:21:31,178.4
2026/5/5,18:22:25,188.7
2026/5/5,18:24:43,198.4
2026/5/5,18:26:02,207.6
2026/5/5,18:27:19,217.9
2026/5/5,18:29:37,228.8
2026/5/5,18:31:20,238.0
2026/5/5,18:32:45,247.7
2026/5/5,18:34:55,258.7
2026/5/5,18:36:14,267.8
2026/5/5,18:37:41,277.6
2026/5/5,18:39:51,288.3
2026/5/5,18:41:12,297.3
2026/5/5,18:42:28,308.1
2026/5/5,18:44:47,317.7
2026/5/5,18:46:07,328.1
2026/5/5,18:47:24,338.1
2026/5/5,20:12:49,98.6
2026/5/5,20:15:00,108.6
2026/5/5,20:16:19,118.5
2026/5/5,20:17:47,128.5
2026/5/5,20:19:56,138.5
2026/5/5,20:21:38,148.3
2026/5/5,20:22:32,158.1
2026/5/5,20:24:51,167.9
2026/5/5,20:26:09,178.4
2026/5/5,20:27:28,188.7
2026/5/5,20:29:47,198.1
2026/5/5,20:31:05,207.7
2026/5/5,20:32:23,217.9
2026/5/5,20:34:41,228.8
2026/5/5,20:36:23,238.1
2026/5/5,20:37:49,247.7
2026/5/5,20:40:04,258.7
2026/5/5,20:41:23,267.9
2026/5/5,20:42:46,277.6
2026/5/5,20:45:00,288.3
2026/5/5,20:46:20,297.2
2026/5/5,20:47:37,308.1
2026/5/5,20:49:55,317.7
2026/5/5,20:51:16,328.0
2026/5/5,20:52:33,338.4
2026/5/5,22:17:59,98.7
2026/5/5,22:20:07,108.7
2026/5/5,22:21:26,118.5
2026/5/5,22:22:56,128.5
2026/5/5,22:25:02,138.5
2026/5/5,22:26:21,148.3
2026/5/5,22:27:40,158.1
2026/5/5,22:29:58,167.9
2026/5/5,22:31:17,178.5
2026/5/5,22:32:36,188.7
2026/5/5,22:34:54,198.4
2026/5/5,22:36:35,207.7
2026/5/5,22:37:32,217.8
2026/5/5,22:39:50,228.8
2026/5/5,22:41:32,238.1
2026/5/5,22:42:57,247.7
2026/5/5,22:45:07,258.7
2026/5/5,22:46:26,267.9
2026/5/5,22:47:54,277.6
2026/5/5,22:50:03,288.3
2026/5/5,22:51:44,297.3
2026/5/5,22:52:42,308.2
2026/5/5,22:54:59,317.7
2026/5/5,22:56:19,328.0
2026/5/5,22:57:36,338.0
2026/5/6,00:23:07,98.7
2026/5/6,00:25:16,108.6
2026/5/6,00:26:35,118.5
2026/5/6,00:28:04,128.5
2026/5/6,00:30:12,138.5
2026/5/6,00:31:54,148.3
2026/5/6,00:32:48,158.1
2026/5/6,00:35:08,167.9
2026/5/6,00:36:50,178.5
2026/5/6,00:37:45,188.7
2026/5/6,00:40:02,198.5
2026/5/6,00:41:22,207.7
2026/5/6,00:42:39,217.9
2026/5/6,00:44:58,228.8
2026/5/6,00:46:39,238.0
2026/5/6,00:48:05,247.7
2026/5/6,00:50:16,258.7
2026/5/6,00:51:35,267.9
2026/5/6,00:53:03,277.6
2026/5/6,00:55:12,288.3
2026/5/6,00:56:54,297.3
2026/5/6,00:57:51,308.2
2026/5/6,01:00:09,317.7
2026/5/6,01:01:50,328.1
2026/5/6,01:02:48,338.1
2026/5/6,02:15:33,98.6
2026/5/6,02:17:15,108.6
2026/5/6,02:18:13,118.6
2026/5/6,02:20:33,128.5
2026/5/6,02:22:13,138.5
2026/5/6,02:23:09,148.3
2026/5/6,02:25:28,158.1
2026/5/6,02:27:12,167.9
2026/5/6,02:28:37,178.4
2026/5/6,02:30:50,188.7
2026/5/6,02:32:08,198.1
2026/5/6,04:01:15,98.7
2026/5/6,04:02:41,108.6
2026/5/6,04:04:55,118.5
2026/5/6,04:06:26,128.5
2026/5/6,04:07:51,138.5
2026/5/6,04:09:54,148.3
2026/5/6,04:11:36,158.1
2026/5/6,04:13:01,167.9
2026/5/6,04:15:19,188.7
2026/5/6,04:16:38,198.4
2026/5/6,04:18:01,207.6
2026/5/6,04:20:16,217.9
2026/5/6,04:21:56,228.8
2026/5/6,04:22:57,258.7
2026/5/6,04:25:14,277.6
2026/5/6,04:26:55,288.3
2026/5/6,04:27:55,297.3
2026/5/6,04:30:13,308.2
2026/5/6,04:31:53,317.7
2026/5/6,04:32:54,328.0
2026/5/6,04:35:11,338.3
2026/5/6,05:11:30,98.7
2026/5/6,05:14:35,108.6
2026/5/6,05:15:54,118.5
2026/5/6,05:19:13,128.5
2026/5/6,05:20:32,138.5
2026/5/6,05:23:29,148.3
2026/5/6,05:25:06,158.1
2026/5/6,05:27:44,167.9
2026/5/6,05:29:11,178.5
2026/5/6,05:32:14,188.7
2026/5/6,05:33:33,198.3
2026/5/6,05:36:30,207.7
2026/5/6,05:37:50,217.9
2026/5/6,05:40:46,228.8
2026/5/6,05:42:06,238.1
2026/5/6,05:45:02,247.6
2026/5/6,05:46:22,258.7
2026/5/6,05:49:18,267.8
2026/5/6,05:50:46,277.6
2026/5/6,05:53:49,288.3
2026/5/6,05:55:23,297.3
2026/5/6,05:58:05,308.2
2026/5/6,05:59:25,317.7
2026/5/6,06:02:21,328.1
2026/5/6,06:03:41,338.1
2026/5/6,07:12:51,98.7
2026/5/6,07:14:09,108.6
2026/5/6,07:17:07,118.5
2026/5/6,07:18:31,128.6
2026/5/6,09:24:19,98.7
2026/5/6,09:25:38,108.6
2026/5/6,09:29:10,118.5
2026/5/6,09:30:51,128.5
2026/5/6,09:33:58,138.5
2026/5/6,09:35:16,148.3
2026/5/6,09:38:44,158.1
2026/5/6,09:40:03,167.9
2026/5/6,09:43:28,178.5
2026/5/6,09:45:13,188.7
2026/5/6,09:48:29,198.3
2026/5/6,09:49:48,207.7
2026/5/6,09:53:15,217.9
2026/5/6,09:54:36,228.7
2026/5/6,09:58:02,238.0
2026/5/6,09:59:22,247.7
2026/5/6,10:02:47,258.7
2026/5/6,10:04:08,267.9
2026/5/6,10:07:32,277.6
2026/5/6,10:09:19,288.3
2026/5/6,10:12:31,297.3
2026/5/6,10:13:51,308.2
2026/5/6,10:17:18,317.7
2026/5/6,10:18:39,328.0
2026/5/6,10:22:02,338.3
2026/5/6,12:23:53,98.7
2026/5/6,12:25:31,108.7
2026/5/6,12:28:46,118.5
2026/5/6,12:30:24,128.5
2026/5/6,12:33:43,138.5
2026/5/6,12:35:17,148.3
2026/5/6,12:39:01,158.1
2026/5/6,12:40:13,167.9
2026/5/6,12:43:50,178.5
2026/5/6,12:45:25,188.7
2026/5/6,12:48:47,198.2
2026/5/6,12:50:20,207.7
2026/5/6,12:53:44,217.7
2026/5/6,12:55:17,228.9
2026/5/6,12:58:41,238.1
2026/5/6,13:00:15,247.7
2026/5/6,13:03:54,258.7
2026/5/6,13:05:13,267.8
2026/5/6,13:08:51,277.6
2026/5/6,13:10:24,288.3
2026/5/6,13:13:46,297.3
2026/5/6,13:15:22,308.2
2026/5/6,13:18:43,317.8
2026/5/6,13:20:15,328.0
2026/5/6,13:23:39,338.3
2026/5/6,13:45:01,258.7
2026/5/6,13:45:19,267.9
2026/5/6,13:48:36,277.6
2026/5/6,13:49:26,288.3
2026/5/6,15:26:23,98.7
2026/5/6,15:27:42,108.6
2026/5/6,15:31:18,118.5
2026/5/6,15:32:55,128.5
2026/5/6,15:36:07,138.5
2026/5/6,15:37:50,148.3
2026/5/6,15:40:56,158.1
2026/5/6,15:42:36,167.9
2026/5/6,15:45:43,178.5
2026/5/6,15:47:26,188.7
2026/5/6,15:50:46,198.1
2026/5/6,15:52:05,207.5
2026/5/6,15:55:33,217.9
2026/5/6,15:56:54,228.7
2026/5/6,16:00:23,238.0
2026/5/6,16:02:04,247.7
2026/5/6,16:05:10,258.7
2026/5/6,16:06:31,267.9
2026/5/6,16:09:58,277.6
2026/5/6,16:11:41,288.3
2026/5/6,16:15:00,297.3
2026/5/6,16:16:19,308.2
2026/5/6,16:19:49,317.7
2026/5/6,16:21:10,328.0
2026/5/6,16:24:38,338.4
2026/5/6,19:56:11,98.7
2026/5/6,19:59:42,108.6
2026/5/6,20:01:25,118.5
2026/5/6,20:04:35,128.5
2026/5/6,20:06:14,138.5
2026/5/6,20:09:47,148.3
2026/5/6,20:11:06,158.1
2026/5/6,20:14:40,167.9
2026/5/6,20:16:15,178.5
2026/5/6,20:19:35,188.7
2026/5/6,20:21:11,198.4
2026/5/6,20:24:29,207.7
2026/5/6,20:26:05,217.9
2026/5/6,20:29:21,228.8
2026/5/6,20:31:00,238.0
2026/5/6,20:34:32,247.7
2026/5/6,20:35:51,258.7
2026/5/6,20:39:26,267.8
2026/5/6,20:41:02,277.6
2026/5/6,20:44:21,288.3
2026/5/6,20:45:56,297.3
2026/5/6,20:49:13,308.2
2026/5/6,20:50:51,317.7
2026/5/6,20:54:09,328.1
2026/5/6,20:55:43,338.3
2026/5/6,21:59:31,98.7
2026/5/6,22:01:45,108.6
2026/5/6,22:03:15,118.6
2026/5/6,22:04:41,128.5
2026/5/6,22:06:55,138.5
2026/5/6,22:08:24,148.3
2026/5/6,22:09:49,158.1
2026/5/6,22:12:05,168.0
2026/5/6,22:13:34,178.4
2026/5/6,22:14:57,188.7
2026/5/6,22:17:40,198.3
2026/5/6,22:18:59,207.5
2026/5/6,22:20:17,217.9
2026/5/6,22:22:49,228.8
2026/5/6,22:24:17,238.0
2026/5/6,22:25:42,247.7
2026/5/6,22:27:59,258.7
2026/5/6,22:29:27,267.9
2026/5/6,22:30:52,277.6
2026/5/6,22:33:09,288.3
2026/5/6,22:34:36,297.3
2026/5/6,22:36:01,308.2
2026/5/6,22:38:20,317.7
2026/5/6,22:39:46,328.1
2026/5/6,22:41:12,338.3
2026/5/7,00:10:30,98.7
2026/5/7,00:12:39,108.7
2026/5/7,00:14:11,118.5
2026/5/7,00:15:37,128.5
2026/5/7,00:17:36,138.5
2026/5/7,00:19:18,148.3
2026/5/7,00:20:12,158.1
2026/5/7,00:22:32,167.9
2026/5/7,00:24:15,178.4
2026/5/7,00:25:37,188.7
2026/5/7,00:27:49,198.2
2026/5/7,00:29:08,207.5
2026/5/7,00:30:34,217.9
2026/5/7,00:32:45,228.8
2026/5/7,00:34:26,238.1
2026/5/7,00:35:23,247.7
2026/5/7,00:37:41,258.7
2026/5/7,00:39:01,267.9
2026/5/7,00:40:18,277.6
2026/5/7,00:42:37,288.3
2026/5/7,00:43:57,297.3
2026/5/7,00:45:14,308.2
2026/5/7,00:47:33,317.7
2026/5/7,00:49:15,328.0
2026/5/7,00:50:40,338.0
2026/5/7,01:15:27,277.6
2026/5/7,01:17:55,288.3
2026/5/7,01:19:14,297.3
2026/5/7,01:20:48,308.2
2026/5/7,02:19:38,277.6
2026/5/7,02:19:57,288.3
2026/5/7,02:20:20,297.2
2026/5/7,02:22:00,308.2
2026/5/7,03:55:48,108.6
2026/5/7,05:21:53,98.7
2026/5/7,05:23:36,108.6
2026/5/7,05:24:30,118.5
2026/5/7,05:26:50,128.5
2026/5/7,05:28:32,138.5
2026/5/7,05:29:26,148.3
2026/5/7,05:31:58,158.1
2026/5/7,05:33:28,167.9
2026/5/7,05:34:54,178.4
2026/5/7,05:37:15,188.7
2026/5/7,05:38:42,198.4
2026/5/7,05:40:07,207.4
2026/5/7,05:42:37,217.9
2026/5/7,05:43:56,228.8
2026/5/7,05:45:19,238.1
2026/5/7,05:47:44,247.7
2026/5/7,05:49:15,258.7
2026/5/7,05:50:40,267.8
2026/5/7,05:52:53,277.6
2026/5/7,05:54:22,288.3
2026/5/7,05:55:48,297.3
2026/5/7,05:58:03,308.1
2026/5/7,05:59:31,317.7
2026/5/7,06:00:57,328.0
2026/5/7,06:03:20,338.0
2026/5/7,07:28:47,98.6
2026/5/7,07:30:30,108.6
2026/5/7,07:31:24,118.5
2026/5/7,07:33:43,128.6
2026/5/7,07:35:26,138.5
2026/5/7,07:36:20,148.3
2026/5/7,07:38:39,158.1
2026/5/7,07:40:22,167.9
2026/5/7,07:41:16,178.4
2026/5/7,07:43:41,188.7
2026/5/7,07:45:15,198.3
2026/5/7,07:46:41,207.5
2026/5/7,07:48:51,217.9
2026/5/7,07:50:11,228.8
2026/5/7,07:51:44,238.0
2026/5/7,07:53:48,247.7
2026/5/7,07:55:07,258.7
2026/5/7,07:56:25,267.8
2026/5/7,07:58:42,277.6
2026/5/7,08:00:02,288.3
2026/5/7,08:01:20,297.3
2026/5/7,08:03:38,308.2
2026/5/7,08:04:59,317.7
2026/5/7,08:06:16,328.0
2026/5/7,08:08:41,338.3
2026/5/7,09:33:47,98.7
2026/5/7,09:35:30,108.6
2026/5/7,09:36:24,118.5
2026/5/7,09:38:43,128.5
2026/5/7,09:40:26,138.5
2026/5/7,09:41:20,148.3
2026/5/7,09:43:40,158.1
2026/5/7,09:45:22,168.0
2026/5/7,09:46:16,178.4
2026/5/7,09:48:42,188.7
2026/5/7,09:50:16,198.5
2026/5/7,09:51:41,207.7
2026/5/7,09:53:49,217.9
2026/5/7,09:55:08,228.7
2026/5/7,09:56:44,238.0
2026/5/7,09:58:45,247.6
2026/5/7,10:00:04,258.7
2026/5/7,10:01:22,267.8
2026/5/7,10:03:40,277.6
2026/5/7,10:05:00,288.3
2026/5/7,10:06:18,297.3
2026/5/7,10:08:36,308.2
2026/5/7,10:09:57,317.7
2026/5/7,10:11:14,328.1
2026/5/7,10:13:39,338.4
2026/5/7,11:39:11,98.7
2026/5/7,11:40:53,108.6
2026/5/7,11:41:47,118.5
2026/5/7,11:44:18,128.5
2026/5/7,11:45:50,138.5
2026/5/7,11:47:15,148.3
2026/5/7,11:49:29,158.1
2026/5/7,11:50:57,167.9
2026/5/7,11:52:23,178.4
2026/5/7,11:54:58,188.7
2026/5/7,11:56:12,198.2
2026/5/7,11:57:38,207.7
2026/5/7,12:00:10,217.9
2026/5/7,12:01:29,228.8
2026/5/7,12:02:50,238.0
2026/5/7,12:05:20,247.7
2026/5/7,12:06:47,258.6
2026/5/7,12:08:13,267.8
2026/5/7,12:10:29,277.6
2026/5/7,12:11:57,288.3
2026/5/7,12:13:23,297.3
2026/5/7,12:15:39,308.1
2026/5/7,12:17:07,317.7
2026/5/7,12:18:33,328.0
2026/5/7,12:20:59,338.4
2026/5/7,14:11:01,98.6
2026/5/7,14:11:52,108.6
2026/5/7,14:13:17,118.5
2026/5/7,14:15:31,128.5
2026/5/7,15:42:06,98.7
2026/5/7,15:43:37,108.6
2026/5/7,15:45:02,118.5
2026/5/7,15:47:16,128.5
2026/5/7,15:48:45,138.5
2026/5/7,15:50:10,148.3
2026/5/7,15:52:17,158.1
2026/5/7,15:53:55,167.9
2026/5/7,15:55:20,178.4
2026/5/7,15:57:26,188.7
2026/5/7,15:58:45,198.2
2026/5/7,16:00:20,207.8
2026/5/7,16:02:20,217.8
2026/5/7,16:03:40,228.7
2026/5/7,16:04:57,238.0
2026/5/7,16:07:15,247.6
2026/5/7,16:08:35,258.8
2026/5/7,16:09:52,267.8
2026/5/7,16:12:09,277.6
2026/5/7,16:13:29,288.3
2026/5/7,16:14:46,297.3
2026/5/7,16:17:13,308.2
2026/5/7,16:18:50,317.7
2026/5/7,16:20:16,328.1
2026/5/7,16:22:23,338.0
2026/5/8,02:47:25,98.7
2026/5/8,02:48:23,108.6
2026/5/8,02:49:55,118.5
2026/5/8,02:51:12,128.5
2026/5/11,02:09:21,98.7
2026/5/11,02:11:04,108.6
2026/5/11,02:11:58,118.5
2026/5/11,02:14:17,128.5
2026/5/11,02:16:00,138.5
2026/5/11,02:17:25,148.3
2026/5/11,02:19:39,158.0
2026/5/11,02:20:58,167.9
2026/5/11,02:22:24,178.4
2026/5/11,02:24:35,188.7
2026/5/11,02:26:15,198.4
2026/5/11,02:27:11,207.6
2026/5/11,02:29:28,217.9
2026/5/11,02:30:48,228.6
2026/5/11,02:32:06,238.0
2026/5/11,02:34:24,247.7
2026/5/11,02:35:45,258.7
2026/5/11,02:37:02,267.8
2026/5/11,02:39:20,277.6
2026/5/11,02:41:02,288.2
2026/5/11,02:42:27,297.2
2026/5/11,02:44:36,308.1
2026/5/11,02:45:55,317.7
2026/5/11,02:47:25,328.0
2026/5/11,02:49:32,338.0
2026/5/11,04:08:12,98.6
2026/5/11,04:10:31,108.6
2026/5/11,04:12:13,118.5
2026/5/11,04:13:10,128.5
2026/5/11,04:15:29,138.5
2026/5/11,04:17:12,148.3
2026/5/11,04:18:06,158.1
2026/5/11,04:20:25,167.9
2026/5/11,04:22:08,178.4
2026/5/11,04:24:12,188.7
2026/5/11,04:25:42,198.4
2026/5/11,04:27:02,207.7
2026/5/11,04:28:29,217.9
2026/5/11,04:30:39,228.7
2026/5/11,04:32:20,238.0
2026/5/11,04:33:19,247.7
2026/5/11,04:35:36,258.7
2026/5/11,04:37:18,267.8
2026/5/11,04:38:15,277.6
2026/5/11,04:40:33,288.3
2026/5/11,04:42:14,297.3
2026/5/11,04:43:12,308.2
2026/5/11,04:45:29,317.8
2026/5/11,04:47:11,328.1
2026/5/11,04:48:36,338.1
2026/5/11,05:14:24,308.2
2026/5/11,05:16:54,317.7
2026/5/11,05:18:12,328.0
2026/5/11,05:19:31,338.1
2026/5/11,05:37:02,217.9
2026/5/11,05:37:20,228.6
2026/5/11,05:40:42,238.0
2026/5/11,05:42:04,247.7
2026/5/11,06:03:33,98.7
2026/5/11,06:03:51,108.6
2026/5/11,06:07:16,118.5
2026/5/11,06:08:07,128.5
2026/5/11,07:38:35,98.7
2026/5/11,07:39:30,108.6
2026/5/11,07:41:48,118.5
2026/5/11,07:43:07,128.5
2026/5/11,07:44:26,138.5
2026/5/11,07:46:45,148.3
2026/5/11,07:48:27,158.1
2026/5/11,07:49:21,167.9
2026/5/11,07:51:41,178.4
2026/5/11,07:53:21,188.7
2026/5/11,07:54:47,198.1
2026/5/11,07:56:58,207.7
2026/5/11,07:58:17,217.9
2026/5/11,07:59:44,228.8
2026/5/11,08:01:54,238.0
2026/5/11,08:03:14,247.7
2026/5/11,08:04:31,258.7
2026/5/11,08:06:50,267.8
2026/5/11,08:08:10,277.6
2026/5/11,08:09:27,288.3
2026/5/11,08:11:46,297.3
2026/5/11,08:13:06,308.2
2026/5/11,08:14:23,317.7
2026/5/11,08:16:42,328.1
2026/5/11,08:18:24,338.2
2026/5/11,09:14:52,178.4
2026/5/11,09:17:04,188.6
2026/5/11,09:18:46,198.2
2026/5/11,09:19:42,207.7
2026/5/11,09:22:00,217.9
2026/5/11,09:23:43,228.7
2026/5/11,09:24:37,238.0
2026/5/11,09:26:57,247.8
2026/5/11,10:54:08,98.7
2026/5/11,10:55:27,108.6
2026/5/11,10:56:54,118.5
2026/5/11,10:59:04,128.5
2026/5/11,11:00:47,138.4
2026/5/11,11:01:41,148.3
2026/5/11,11:04:00,158.1
2026/5/11,11:05:43,167.9
2026/5/11,11:06:37,178.4
2026/5/11,11:08:56,188.7
2026/5/11,11:10:36,198.4
2026/5/11,11:11:34,207.7
2026/5/11,11:13:51,217.9
2026/5/11,11:15:32,228.8
2026/5/11,11:16:58,238.0
2026/5/11,11:19:11,247.7
2026/5/11,11:20:30,258.7
2026/5/11,11:21:56,267.8
2026/5/11,11:24:07,277.5
2026/5/11,11:25:27,288.3
2026/5/11,11:26:44,297.3
2026/5/11,11:29:03,308.2
2026/5/11,11:30:23,317.7
2026/5/11,11:31:40,328.0
2026/5/11,11:33:59,338.0
2026/5/11,12:26:11,98.6
2026/5/11,12:27:40,108.6
2026/5/11,12:29:05,118.5
2026/5/11,12:31:19,128.5
2026/5/11,12:32:49,138.4
2026/5/11,12:34:15,148.3
2026/5/11,12:36:36,158.1
2026/5/11,12:37:56,167.9
2026/5/11,12:39:25,178.5
2026/5/11,12:41:31,188.7
2026/5/11,12:42:51,198.3
2026/5/11,12:44:08,207.7
2026/5/11,12:46:27,217.9
2026/5/11,12:47:47,228.6
2026/5/11,12:49:04,238.0
2026/5/11,12:51:22,247.7
2026/5/11,12:52:42,258.6
2026/5/11,12:53:59,267.8
2026/5/11,12:56:18,277.6
2026/5/11,12:58:01,288.3
2026/5/11,12:59:26,297.3
2026/5/11,13:01:38,308.2
2026/5/11,13:02:57,317.7
2026/5/11,13:04:23,328.0
2026/5/11,13:06:34,338.0
2026/5/11,13:28:50,98.7
2026/5/11,13:31:19,108.6
2026/5/11,13:32:37,118.5
2026/5/11,13:33:56,128.5
2026/5/11,13:36:14,138.4
2026/5/11,13:37:33,148.3
2026/5/11,13:38:51,158.1
2026/5/11,13:41:10,167.9
2026/5/11,13:42:29,178.4
2026/5/11,13:43:47,188.8
2026/5/11,13:46:05,198.1
2026/5/11,13:47:25,207.7
2026/5/11,13:48:42,217.9
2026/5/11,13:51:01,228.8
2026/5/11,13:52:46,238.0
2026/5/11,13:54:11,247.6
2026/5/11,13:56:22,258.7
2026/5/11,13:57:41,267.8
2026/5/11,13:59:08,277.6
2026/5/11,14:01:18,288.3
2026/5/11,14:02:59,297.2
2026/5/11,14:03:57,308.1
2026/5/11,14:06:14,317.7
2026/5/11,14:07:34,328.0
2026/5/11,14:08:51,338.2
2026/5/11,17:19:12,118.5
2026/5/11,18:23:12,98.7
2026/5/11,18:24:54,108.7
2026/5/12,02:19:07,98.7
2026/5/12,02:20:26,108.6
2026/5/12,02:21:45,118.6
2026/5/12,02:24:14,128.5
2026/5/12,02:25:47,138.5
2026/5/12,02:27:13,148.3
2026/5/12,02:29:45,158.1
2026/5/12,02:31:04,167.9
2026/5/12,02:32:22,178.4
2026/5/12,02:34:51,188.7
2026/5/12,02:36:20,198.4
2026/5/12,02:37:46,207.6
2026/5/12,02:39:56,217.9
2026/5/12,02:41:28,228.8
2026/5/12,02:42:53,238.0
2026/5/12,02:45:02,247.7
2026/5/12,02:46:34,258.7
2026/5/12,02:47:59,267.8
2026/5/12,02:50:07,277.6
2026/5/12,02:51:39,288.3
2026/5/12,02:53:05,297.2
2026/5/12,02:55:36,308.1
2026/5/12,02:56:55,317.7
2026/5/12,02:58:13,328.1
2026/5/12,03:00:43,338.0
2026/5/12,08:17:41,98.6
2026/5/12,08:19:32,108.7
2026/5/12,08:20:38,118.5
2026/5/12,08:22:47,128.5
2026/5/12,08:24:21,138.5
2026/5/12,08:25:46,148.3
2026/5/12,08:28:09,158.1
2026/5/12,08:29:28,167.9
2026/5/12,08:30:54,178.5
2026/5/12,08:33:03,188.7
2026/5/12,08:34:44,198.4
2026/5/12,08:35:42,207.7
2026/5/12,08:37:59,217.9
2026/5/12,08:39:20,228.6
2026/5/12,08:40:37,238.0
2026/5/12,08:42:55,247.7
2026/5/12,08:44:15,258.7
2026/5/12,08:45:32,267.7
2026/5/12,08:47:51,277.6
2026/5/12,08:49:33,288.3
2026/5/12,08:50:58,297.3
2026/5/12,08:53:12,308.2
2026/5/12,08:54:31,317.7
2026/5/12,08:55:56,328.0
2026/5/12,08:58:08,338.3
2026/5/12,15:39:58,98.7
2026/5/12,15:41:31,108.6
2026/5/12,15:42:57,118.5
2026/5/12,15:45:04,128.5
2026/5/12,15:46:39,138.4
2026/5/12,15:48:04,148.3
2026/5/12,15:50:31,158.0
2026/5/12,15:51:52,167.9
2026/5/12,15:53:14,178.4
2026/5/12,15:55:35,188.8
2026/5/12,15:57:09,198.4
2026/5/12,15:58:35,207.7
2026/5/12,16:00:37,217.9
2026/5/12,16:02:13,228.7
2026/5/12,16:03:38,238.0
2026/5/12,16:05:41,247.7
2026/5/12,16:07:16,258.7
2026/5/12,16:08:41,267.8
2026/5/12,16:10:46,277.6
2026/5/12,16:12:21,288.3
2026/5/12,16:13:46,297.3
2026/5/12,16:16:11,308.1
2026/5/12,16:17:31,317.7
2026/5/12,16:18:52,328.0
2026/5/12,16:21:17,338.3
2026/5/12,17:47:37,98.7
2026/5/12,17:49:12,108.6
2026/5/12,17:50:38,118.5
2026/5/12,17:52:47,128.5
2026/5/12,17:54:17,138.5
2026/5/12,17:55:43,148.3
2026/5/12,17:58:18,158.1
2026/5/12,17:59:37,167.9
2026/5/12,18:00:55,178.4
2026/5/12,18:03:27,188.8
2026/5/12,18:04:54,198.2
2026/5/12,18:06:19,207.7
2026/5/12,18:08:33,217.9
2026/5/12,18:10:03,228.8
2026/5/12,18:11:28,238.1
2026/5/12,18:13:42,247.6
2026/5/12,18:15:11,258.7
2026/5/12,18:16:36,267.9
2026/5/12,18:18:50,277.6
2026/5/12,18:20:19,288.3
2026/5/12,18:21:45,297.3
2026/5/12,18:24:23,308.2
2026/5/12,18:25:42,317.7
2026/5/12,18:27:00,328.1
2026/5/12,18:29:32,338.2
2026/5/12,21:12:42,98.7
2026/5/12,21:14:14,108.6
2026/5/12,21:15:40,118.6
2026/5/12,21:17:49,128.5
2026/5/12,21:19:23,138.5
2026/5/12,21:20:48,148.3
2026/5/12,21:23:09,158.1
2026/5/12,21:24:28,167.9
2026/5/12,21:25:56,178.4
2026/5/12,21:28:05,188.7
2026/5/12,21:29:45,198.2
2026/5/12,21:30:41,207.7
2026/5/12,21:32:59,217.9
2026/5/12,21:34:18,228.7
2026/5/12,21:35:36,238.0
2026/5/12,21:37:54,247.7
2026/5/12,21:39:35,258.7
2026/5/12,21:40:33,267.8
2026/5/12,21:42:50,277.6
2026/5/12,21:44:32,288.3
2026/5/12,21:45:58,297.3
2026/5/12,21:48:06,308.2
2026/5/12,21:49:25,317.7
2026/5/12,21:50:54,328.0
2026/5/12,21:53:02,338.4
2026/5/12,23:19:25,98.6
2026/5/12,23:20:43,108.6
2026/5/12,23:22:02,118.6
2026/5/12,23:24:21,128.5
2026/5/12,23:26:05,138.5
2026/5/12,23:27:30,148.3
2026/5/12,23:29:38,158.1
2026/5/12,23:30:57,167.9
2026/5/12,23:32:27,178.4
2026/5/12,23:34:35,188.7
2026/5/12,23:36:14,198.1
2026/5/12,23:37:11,207.5
2026/5/12,23:39:27,217.9
2026/5/12,23:40:48,228.6
2026/5/12,23:42:05,238.0
2026/5/12,23:44:25,247.7
2026/5/12,23:46:06,258.7
2026/5/12,23:47:03,267.8
2026/5/12,23:49:21,277.6
2026/5/12,23:51:02,288.3
2026/5/12,23:52:27,297.3
2026/5/12,23:54:37,308.1
2026/5/12,23:55:56,317.7
2026/5/12,23:57:25,328.1
2026/5/12,23:59:33,338.0
2026/5/13,01:25:13,258.7
2026/5/13,01:27:25,267.8
2026/5/13,01:28:56,277.6
2026/5/13,01:30:22,288.3
2026/5/13,04:03:39,98.7
2026/5/13,04:05:14,108.6
2026/5/13,04:06:39,118.5
2026/5/13,04:08:45,128.5
2026/5/13,04:25:41,258.7
2026/5/13,04:26:00,267.8
2026/5/13,04:29:26,277.6
2026/5/13,04:30:18,288.3
2026/5/13,05:47:08,98.7
2026/5/13,05:48:26,108.6
2026/5/13,05:49:46,118.5
2026/5/13,05:52:03,128.5
2026/5/13,05:53:50,138.4
2026/5/13,05:55:15,148.3
2026/5/13,05:57:23,158.1
2026/5/13,05:58:42,167.9
2026/5/13,06:00:12,178.4
2026/5/13,06:02:17,188.7
2026/5/13,06:03:37,198.2
2026/5/13,06:04:54,207.4
2026/5/13,06:07:12,217.9
2026/5/13,06:08:31,228.7
2026/5/13,06:09:48,238.0
2026/5/13,06:12:06,247.6
2026/5/13,06:13:26,258.7
2026/5/13,06:14:43,267.8
2026/5/13,06:17:02,277.6
2026/5/13,06:18:46,288.3
2026/5/13,06:20:11,297.3
2026/5/13,06:22:22,308.2
2026/5/13,06:23:41,317.7
2026/5/13,06:25:08,328.0
2026/5/13,06:27:17,337.9
2026/5/13,08:53:06,297.3
2026/5/13,08:54:25,308.1
2026/5/13,08:55:54,317.7
2026/5/13,08:58:02,328.0
2026/5/13,10:31:00,98.7
2026/5/13,10:32:20,108.6
2026/5/13,10:33:52,118.5
2026/5/13,10:36:46,128.5
2026/5/13,10:38:13,138.4
2026/5/13,10:39:38,148.3
2026/5/13,10:42:02,158.1
2026/5/13,10:43:21,167.9
2026/5/13,10:44:51,178.4
2026/5/13,10:46:57,188.7
2026/5/13,10:48:39,198.1
2026/5/13,10:49:36,207.6
2026/5/13,10:51:52,217.8
2026/5/13,10:53:13,228.7
2026/5/13,10:54:30,238.0
2026/5/13,10:56:47,247.7
2026/5/13,10:58:08,258.7
2026/5/13,10:59:25,267.9
2026/5/13,11:01:43,277.6
2026/5/13,11:03:26,288.3
2026/5/13,11:04:51,297.3
2026/5/13,11:07:00,308.2
2026/5/13,11:08:19,317.7
2026/5/13,11:09:48,328.0
2026/5/13,11:11:56,338.4
2026/5/13,16:50:21,98.7
2026/5/13,16:51:52,108.6
2026/5/13,16:53:17,118.5
2026/5/13,16:55:25,128.5
2026/5/13,16:57:00,138.4
2026/5/13,16:58:25,148.3
2026/5/13,17:00:45,158.0
2026/5/13,17:02:04,167.9
2026/5/13,17:03:30,178.5
2026/5/13,17:05:40,188.7
2026/5/13,17:07:20,198.4
2026/5/13,17:08:16,207.6
2026/5/13,17:10:33,217.9
2026/5/13,17:11:53,228.7
2026/5/13,17:13:10,238.0
2026/5/13,17:15:28,247.6
2026/5/13,17:16:48,258.7
2026/5/13,17:18:05,267.8
2026/5/13,17:20:23,277.6
2026/5/13,17:22:07,288.3
2026/5/13,17:23:33,297.2
2026/5/13,17:25:41,308.2
2026/5/13,17:27:00,317.7
2026/5/13,17:28:29,328.1
2026/5/13,17:30:36,338.0
2026/5/13,18:53:20,98.7
2026/5/13,18:54:52,108.6
2026/5/13,18:56:17,118.5
2026/5/13,18:58:27,128.5
2026/5/13,18:59:58,138.5
2026/5/13,19:01:24,148.3
2026/5/13,19:03:33,158.1
2026/5/13,19:05:06,167.9
2026/5/13,19:06:32,178.4
2026/5/13,19:09:04,188.7
2026/5/13,19:10:21,198.1
2026/5/13,19:11:39,207.7
2026/5/13,19:14:08,217.9
2026/5/13,19:15:40,228.8
2026/5/13,19:17:05,238.0
2026/5/13,19:19:14,247.6
2026/5/13,19:20:44,258.7
2026/5/13,19:22:10,267.8
2026/5/13,19:24:20,277.5
2026/5/13,19:25:52,288.2
2026/5/13,19:27:17,297.3
2026/5/13,19:29:25,308.1
2026/5/13,19:30:58,317.7
2026/5/13,19:32:23,328.0
2026/5/13,19:34:56,338.0
2026/5/13,20:59:25,98.7
2026/5/13,21:01:42,128.5
2026/5/13,21:03:00,138.5
2026/5/13,21:04:19,167.9
2026/5/13,21:06:37,178.4
2026/5/13,21:07:55,207.7
2026/5/13,21:09:14,238.1
2026/5/13,21:11:32,247.8
2026/5/13,21:13:19,258.7
2026/5/13,21:14:42,277.6
2026/5/13,21:16:47,288.3
2026/5/13,21:18:07,317.7
2026/5/13,21:19:38,328.1
2026/5/13,21:21:42,337.9
2026/5/13,22:56:42,98.7
2026/5/13,22:58:07,108.6
2026/5/13,23:00:45,118.5
2026/5/13,23:02:04,128.5
2026/5/13,23:03:22,138.4
2026/5/13,23:05:40,148.3
2026/5/13,23:06:58,158.0
2026/5/13,23:08:17,167.9
2026/5/13,23:10:34,178.4
2026/5/13,23:11:53,188.7
2026/5/13,23:13:12,198.2
2026/5/13,23:15:28,207.7
2026/5/13,23:16:48,217.8
2026/5/13,23:18:05,228.8
2026/5/13,23:20:23,238.0
2026/5/13,23:22:08,247.7
2026/5/13,23:23:34,258.7
2026/5/13,23:25:44,267.9
2026/5/13,23:27:03,277.6
2026/5/13,23:28:31,288.3
2026/5/13,23:30:38,297.3
2026/5/13,23:31:59,308.2
2026/5/13,23:33:15,317.7
2026/5/13,23:35:33,328.0
2026/5/13,23:36:54,338.0
2026/5/14,03:03:04,98.6
2026/5/14,03:04:23,108.6
2026/5/14,03:06:41,118.5
2026/5/14,03:07:59,128.5
2026/5/14,03:09:18,138.4
2026/5/14,03:11:35,148.3
2026/5/14,03:12:54,158.1
2026/5/14,03:14:12,167.9
2026/5/14,03:16:30,178.4
2026/5/14,03:18:15,188.7
2026/5/14,03:19:40,198.5
2026/5/14,03:21:46,207.6
2026/5/14,03:23:05,217.9
2026/5/14,03:24:37,228.8
2026/5/14,03:26:40,238.0
2026/5/14,03:28:00,247.7
2026/5/14,03:29:17,258.7
2026/5/14,03:31:35,267.7
2026/5/14,03:32:55,277.6
2026/5/14,03:34:12,288.3
2026/5/14,03:36:30,297.3
2026/5/14,03:37:50,308.2
2026/5/14,03:39:07,317.7
2026/5/14,03:41:25,328.1
2026/5/14,03:43:10,338.0
2026/5/14,04:35:17,98.6
2026/5/14,04:37:44,108.6
2026/5/14,04:39:03,118.5
2026/5/14,04:40:27,128.5
2026/5/14,04:42:45,138.5
2026/5/14,04:44:25,148.3
2026/5/14,04:45:21,158.1
2026/5/14,04:47:39,167.9
2026/5/14,04:48:57,178.4
2026/5/14,04:50:17,188.7
2026/5/14,04:52:32,198.4
2026/5/14,04:53:53,207.7
2026/5/14,04:55:09,217.9
2026/5/14,04:57:27,228.8
2026/5/14,04:59:12,238.0
2026/5/14,05:00:15,247.7
2026/5/14,05:02:40,258.7
2026/5/14,05:04:00,267.9
2026/5/14,05:05:34,277.6
2026/5/14,05:07:42,288.3
2026/5/14,05:09:22,297.3
2026/5/14,05:10:20,308.1
2026/5/14,05:12:36,317.7
2026/5/14,05:13:57,328.0
2026/5/14,05:15:14,338.0
2026/5/14,06:39:57,98.7
2026/5/14,06:42:26,108.6
2026/5/14,06:43:45,118.5
2026/5/14,06:45:20,128.5
2026/5/14,06:47:27,138.4
2026/5/14,06:49:08,148.3
2026/5/14,06:50:03,158.1
2026/5/14,06:52:22,167.9
2026/5/14,06:53:40,178.4
2026/5/14,06:54:59,188.7
2026/5/14,06:57:15,198.4
2026/5/14,06:58:35,207.7
2026/5/14,06:59:52,217.9
2026/5/14,07:02:10,228.8
2026/5/14,07:03:54,238.0
2026/5/14,07:04:56,247.7
2026/5/14,07:07:21,258.7
2026/5/14,07:08:40,267.7
2026/5/14,07:10:16,277.6
2026/5/14,07:12:23,288.3
2026/5/14,07:14:03,297.2
2026/5/14,07:15:02,308.2
2026/5/14,07:17:18,317.7
2026/5/14,07:18:38,328.0
2026/5/14,07:19:55,338.2
2026/5/14,09:18:24,98.7
2026/5/14,09:20:27,108.6
2026/5/14,09:22:07,118.5
2026/5/14,09:23:05,128.5
2026/5/14,13:45:35,98.7
2026/5/14,13:46:54,108.7
2026/5/14,13:48:12,118.5
2026/5/14,13:50:30,128.5
2026/5/14,13:52:17,138.5
2026/5/14,13:53:42,148.3
2026/5/14,13:55:48,158.1
2026/5/14,13:57:07,167.9
2026/5/14,13:58:39,178.4
2026/5/14,14:00:42,188.7
2026/5/14,14:02:01,198.2
2026/5/14,14:03:17,207.7
2026/5/14,14:05:35,217.9
2026/5/14,14:06:55,228.7
2026/5/14,14:08:12,238.0
2026/5/14,14:10:30,247.7
2026/5/14,14:11:51,258.7
2026/5/14,14:13:08,267.9
2026/5/14,14:15:25,277.6
2026/5/14,14:17:11,288.3
2026/5/14,14:18:36,297.3
2026/5/14,14:20:44,308.2
2026/5/14,14:22:03,317.6
2026/5/14,14:23:33,328.1
2026/5/14,14:25:39,338.3
2026/5/14,15:50:28,98.7
2026/5/14,15:51:47,108.6
2026/5/14,15:53:06,118.5
2026/5/14,15:55:23,128.5
2026/5/14,15:57:09,138.4
2026/5/14,15:58:35,148.3
2026/5/14,16:00:44,158.1
2026/5/14,16:02:03,167.9
2026/5/14,16:03:32,178.4
2026/5/14,16:05:39,188.7
2026/5/14,16:07:20,198.3
2026/5/14,16:08:16,207.7
2026/5/14,16:10:33,217.8
2026/5/14,16:11:53,228.7
2026/5/14,16:13:10,238.0
2026/5/14,16:15:27,247.7
2026/5/14,16:16:47,258.7
2026/5/14,16:18:04,267.8
2026/5/14,16:20:22,277.6
2026/5/14,16:22:07,288.3
2026/5/14,16:23:32,297.3
2026/5/14,16:25:41,308.1
2026/5/14,16:27:00,317.7
2026/5/14,16:28:29,328.0
2026/5/14,16:30:36,338.4
2026/5/14,17:59:17,167.9
2026/5/14,19:26:21,98.6
2026/5/14,19:27:40,108.6
2026/5/14,19:29:14,118.5
2026/5/14,19:31:16,128.5
2026/5/14,19:32:59,138.5
2026/5/14,19:33:53,148.3
2026/5/14,19:36:21,158.1
2026/5/14,19:37:55,167.9
2026/5/14,19:39:21,178.5
2026/5/14,19:41:27,188.8
2026/5/14,19:42:58,198.4
2026/5/14,19:44:23,207.4
2026/5/14,19:46:31,217.9
2026/5/14,19:48:03,228.8
2026/5/14,19:49:29,238.1
2026/5/14,19:52:01,247.6
2026/5/14,19:53:21,258.7
2026/5/14,19:54:39,267.8
2026/5/14,19:57:07,277.6
2026/5/14,19:58:39,288.3
2026/5/14,20:00:05,297.3
2026/5/14,20:02:13,308.1
2026/5/14,20:03:46,317.7
2026/5/14,20:05:11,328.1
2026/5/14,20:07:19,337.9
2026/5/14,21:32:43,98.7
2026/5/14,21:34:02,108.6
2026/5/14,21:35:30,118.6
2026/5/14,21:37:38,128.5
2026/5/14,21:38:56,138.4
2026/5/14,21:40:15,148.3
2026/5/14,21:42:33,158.1
2026/5/14,21:43:51,167.9
2026/5/14,21:45:10,178.4
2026/5/14,21:47:48,188.8
2026/5/14,21:48:47,198.2
2026/5/14,21:50:04,207.6
2026/5/14,21:52:21,217.9
2026/5/14,21:54:06,228.8
2026/5/14,21:55:31,238.0
2026/5/14,21:57:39,247.7
2026/5/14,21:58:58,258.7
2026/5/14,22:00:28,267.8
2026/5/14,22:02:34,277.6
2026/5/14,22:03:54,288.3
2026/5/14,22:05:11,297.2
2026/5/14,22:07:29,308.1
2026/5/14,22:08:50,317.7
2026/5/14,22:10:07,328.0
2026/5/14,22:12:25,338.0
2026/5/14,23:07:27,167.9
2026/5/14,23:53:11,238.1
2026/5/14,23:54:37,247.7
2026/5/14,23:57:08,258.7
2026/5/14,23:58:28,267.9
2026/5/14,23:59:47,277.6
2026/5/15,00:02:12,288.3
2026/5/15,00:03:47,297.3
2026/5/15,00:05:13,308.1
2026/5/15,00:07:16,317.7
2026/5/15,00:09:32,328.0
2026/5/15,00:10:14,338.0
2026/5/15,01:30:06,98.7
2026/5/15,01:31:32,108.6
2026/5/15,01:33:39,118.6
2026/5/15,01:35:12,128.5
2026/5/15,01:36:38,138.5
2026/5/15,01:39:11,148.3
2026/5/15,01:40:30,158.1
2026/5/15,01:41:49,167.9
2026/5/15,01:44:20,178.4
2026/5/15,01:45:47,188.7
2026/5/15,01:47:13,198.1
2026/5/15,01:49:27,207.7
2026/5/15,01:50:56,217.9
2026/5/15,01:52:22,228.8
2026/5/15,01:54:35,238.0
2026/5/15,01:56:05,247.6
2026/5/15,01:57:30,258.7
2026/5/15,01:59:43,267.9
2026/5/15,02:01:13,277.6
2026/5/15,02:02:39,288.3
2026/5/15,02:05:18,297.3
2026/5/15,02:06:37,308.1
2026/5/15,02:07:55,317.7
2026/5/15,02:10:25,328.0
2026/5/15,02:11:55,338.0
2026/5/15,03:36:52,98.6
2026/5/15,03:38:12,108.6
2026/5/15,03:40:29,118.5
2026/5/15,03:42:15,128.5
2026/5/15,03:43:40,138.5
2026/5/15,03:45:47,148.3
2026/5/15,03:47:06,158.1
2026/5/15,03:48:37,167.9
2026/5/15,03:50:43,178.4
2026/5/15,03:52:23,188.7
2026/5/15,03:53:20,198.3
2026/5/15,03:55:36,207.7
2026/5/15,03:56:57,217.9
2026/5/15,03:58:14,228.8
2026/5/15,04:00:32,238.1
2026/5/15,04:01:52,247.6
2026/5/15,04:03:09,258.7
2026/5/15,04:05:27,267.8
2026/5/15,04:07:10,277.6
2026/5/15,04:08:35,288.3
2026/5/15,04:10:48,297.3
2026/5/15,04:12:06,308.1
2026/5/15,04:13:32,317.7
2026/5/15,04:15:43,328.0
2026/5/15,04:17:03,338.2
2026/5/15,05:42:20,98.7
2026/5/15,05:43:14,108.6
2026/5/15,05:45:33,118.5
2026/5/15,05:47:16,128.5
2026/5/15,05:48:42,138.4
2026/5/15,05:50:51,148.3
2026/5/15,05:52:10,158.1
2026/5/15,05:53:39,167.9
2026/5/15,05:55:47,178.4
2026/5/15,05:57:27,188.7
2026/5/15,05:58:24,198.2
2026/5/15,06:00:41,207.5
2026/5/15,06:02:01,217.8
2026/5/15,06:03:18,228.8
2026/5/15,06:05:35,238.0
2026/5/15,06:06:55,247.7
2026/5/15,06:08:12,258.6
2026/5/15,06:10:30,267.8
2026/5/15,06:12:14,277.6
2026/5/15,06:13:40,288.3
2026/5/15,06:15:47,297.3
2026/5/15,06:17:06,308.1
2026/5/15,06:18:37,317.7
2026/5/15,06:20:43,328.0
2026/5/15,06:22:04,338.4
2026/5/15,07:47:15,98.7
2026/5/15,07:48:08,108.6
2026/5/15,07:50:27,118.5
2026/5/15,07:52:11,128.5
2026/5/15,07:53:36,138.4
2026/5/15,07:55:48,148.3
2026/5/15,07:57:07,158.1
2026/5/15,07:58:34,167.9
2026/5/15,08:00:44,178.4
2026/5/15,08:02:24,188.7
2026/5/15,08:03:21,198.2
2026/5/15,08:05:37,207.5
2026/5/15,08:06:57,217.9
2026/5/15,08:08:15,228.8
2026/5/15,08:10:32,238.1
2026/5/15,08:11:53,247.7
2026/5/15,08:13:10,258.7
2026/5/15,08:15:28,267.8
2026/5/15,08:17:11,277.6
2026/5/15,08:18:36,288.2
2026/5/15,08:20:44,297.3
2026/5/15,08:22:04,308.2
2026/5/15,08:23:33,317.7
2026/5/15,08:25:40,328.0
2026/5/15,08:27:22,338.3
2026/5/15,20:18:43,98.7
2026/5/16,06:27:00,98.7
2026/5/16,06:27:53,108.6
2026/5/16,06:29:21,118.5
2026/5/16,06:30:40,128.5
2026/5/16,06:32:05,138.5
2026/5/16,06:33:29,148.3
2026/5/16,06:34:52,158.1
2026/5/16,06:36:15,167.9
2026/5/16,06:37:39,178.4
2026/5/16,06:39:03,188.7
2026/5/16,06:40:01,198.2
2026/5/16,06:42:10,207.7
2026/5/16,06:43:12,217.9
2026/5/16,06:44:36,228.7
2026/5/16,06:46:00,238.0
2026/5/16,06:47:02,247.7
2026/5/16,06:48:20,258.7
2026/5/16,06:49:38,267.8
2026/5/16,06:50:57,277.6
2026/5/16,06:52:18,288.3
2026/5/16,06:53:37,297.3
2026/5/16,06:54:56,308.2
2026/5/16,06:56:14,317.7
2026/5/16,06:57:35,328.0
2026/5/16,06:58:53,337.9
2026/5/16,08:09:56,98.6
2026/5/16,08:11:20,108.6
2026/5/16,08:12:43,118.5
2026/5/16,08:14:08,128.5
2026/5/16,08:15:31,138.4
2026/5/16,08:16:55,148.3
2026/5/16,08:18:19,158.0
2026/5/16,08:19:43,167.8
2026/5/16,08:21:07,178.4
2026/5/16,08:22:31,188.5
2026/5/16,08:23:55,198.2
2026/5/16,08:25:19,207.7
2026/5/16,08:26:41,217.9
2026/5/16,08:28:04,228.8
2026/5/16,08:29:28,238.0
2026/5/16,08:30:52,247.6
2026/5/16,08:32:16,258.7
2026/5/16,08:33:40,267.8
2026/5/16,08:35:04,277.6
2026/5/16,08:36:28,288.2
2026/5/16,08:37:52,297.2
2026/5/16,08:39:16,308.1
2026/5/16,08:40:40,317.7
2026/5/16,08:42:04,328.1
2026/5/16,08:43:28,338.0
2026/5/16,09:54:48,98.7
2026/5/16,09:56:12,108.6
2026/5/16,09:57:36,118.5
2026/5/16,09:59:00,128.5
2026/5/16,10:00:24,138.5
2026/5/16,10:01:48,148.3
2026/5/16,10:03:12,158.1
2026/5/16,10:04:36,167.9
2026/5/16,10:06:00,178.4
2026/5/16,10:07:24,188.7
2026/5/16,10:08:48,198.2
2026/5/16,10:10:12,207.6
2026/5/16,10:11:33,217.9
2026/5/16,10:12:57,228.8
2026/5/16,10:14:21,238.0
2026/5/16,10:15:45,247.7
2026/5/16,10:17:09,258.6
2026/5/16,10:18:33,267.7
2026/5/16,10:19:57,277.6
2026/5/16,10:21:21,288.3
2026/5/16,10:22:45,297.3
2026/5/16,10:24:09,308.2
2026/5/16,10:25:33,317.7
2026/5/16,10:26:57,328.1
2026/5/16,10:28:21,338.0
2026/5/16,11:34:04,98.7
2026/5/16,11:35:28,108.7
2026/5/16,11:36:52,118.5
2026/5/16,11:38:16,128.5
2026/5/16,12:44:00,98.6
2026/5/16,12:45:24,108.6
2026/5/16,12:46:48,118.5
2026/5/16,12:48:12,128.5
2026/5/16,12:49:36,138.4
2026/5/16,12:51:00,148.3
2026/5/16,12:52:24,158.1
2026/5/16,12:53:48,167.9
2026/5/16,12:55:12,178.4
2026/5/16,12:56:36,188.7
2026/5/16,12:58:41,198.1
2026/5/16,12:59:24,207.7
2026/5/16,13:00:45,217.9
2026/5/16,13:02:09,228.8
2026/5/16,13:03:33,238.0
2026/5/16,13:04:57,247.6
2026/5/16,13:06:21,258.7
2026/5/16,13:07:45,267.8
2026/5/16,13:09:09,277.6
2026/5/16,13:10:32,288.3
2026/5/16,13:11:57,297.3
2026/5/16,13:13:20,308.1
2026/5/16,13:14:44,317.7
2026/5/16,13:16:08,328.1
2026/5/16,13:17:32,337.9
2026/5/16,14:04:20,98.6
2026/5/16,14:05:49,108.7
2026/5/16,14:07:08,118.5
2026/5/16,14:08:32,128.5
2026/5/16,14:09:56,138.4
2026/5/16,14:11:20,148.3
2026/5/16,14:12:44,158.1
2026/5/16,14:14:08,167.9
2026/5/16,14:15:32,178.4
2026/5/16,14:16:56,188.7
2026/5/16,14:18:20,198.5
2026/5/16,14:19:44,207.7
2026/5/16,14:21:06,217.9
2026/5/16,14:22:30,228.7
2026/5/16,14:23:54,238.0
2026/5/16,14:25:18,247.7
2026/5/16,14:26:41,258.6
2026/5/16,14:28:06,267.7
2026/5/16,14:29:30,277.5
2026/5/16,14:30:54,288.3
2026/5/16,14:32:18,297.3
2026/5/16,14:33:42,308.2
2026/5/16,14:35:06,317.7
2026/5/16,14:36:30,328.0
2026/5/16,14:37:54,338.3
2026/5/16,15:49:12,98.7
2026/5/16,15:50:36,108.6
2026/5/16,15:52:00,118.5
2026/5/16,15:53:24,128.5
2026/5/16,15:54:48,138.4
2026/5/16,15:56:12,148.3
2026/5/16,15:57:36,158.1
2026/5/16,15:59:00,167.9
2026/5/16,16:00:24,178.5
2026/5/16,16:01:48,188.7
2026/5/16,16:03:12,198.4
2026/5/16,16:04:36,207.6
2026/5/16,16:05:58,217.9
2026/5/16,16:07:21,228.8
2026/5/16,16:08:45,238.0
2026/5/16,16:10:09,247.7
2026/5/16,16:11:33,258.7
2026/5/16,16:12:57,267.8
2026/5/16,16:14:21,277.6
2026/5/16,16:15:45,288.3
2026/5/16,16:17:09,297.3
2026/5/16,16:18:33,308.2
2026/5/16,16:19:57,317.7
2026/5/16,16:21:21,328.1
2026/5/16,16:22:45,338.4
2026/5/16,17:34:04,98.6
2026/5/16,17:35:28,108.6
2026/5/16,17:36:52,118.5
2026/5/16,17:38:16,128.5
2026/5/16,17:39:40,138.5
2026/5/16,17:41:04,148.3
2026/5/16,17:42:28,158.1
2026/5/16,17:43:52,167.9
2026/5/16,17:45:16,178.4
2026/5/16,17:46:41,188.7
2026/5/16,17:48:05,198.3
2026/5/16,17:49:29,207.6
2026/5/16,17:50:50,217.9
2026/5/16,17:52:14,228.8
2026/5/16,17:53:38,238.0
2026/5/16,17:55:02,247.7
2026/5/16,17:56:25,258.7
2026/5/16,17:57:49,267.9
2026/5/16,17:59:14,277.6
2026/5/16,18:00:37,288.3
2026/5/16,18:02:01,297.3
2026/5/16,18:03:25,308.1
2026/5/16,18:04:49,317.7
2026/5/16,18:06:13,328.0
2026/5/16,18:07:37,338.0
2026/5/16,19:18:58,98.7
2026/5/16,19:20:22,108.6
2026/5/16,19:21:46,118.5
2026/5/16,19:23:10,128.5
2026/5/16,19:24:34,138.4
2026/5/16,19:25:58,148.3
2026/5/16,19:27:22,158.0
2026/5/16,19:28:46,167.9
2026/5/16,19:30:10,178.4
2026/5/16,19:31:34,188.8
2026/5/16,19:32:59,198.4
2026/5/16,19:34:22,207.7
2026/5/16,19:35:44,217.9
2026/5/16,19:37:08,228.8
2026/5/16,19:38:32,238.0
2026/5/16,19:39:55,247.6
2026/5/16,19:41:20,258.7
2026/5/16,19:42:43,267.8
2026/5/16,19:44:07,277.6
2026/5/16,19:45:31,288.3
2026/5/16,19:46:55,297.3
2026/5/16,19:48:19,308.1
2026/5/16,19:49:43,317.7
2026/5/16,19:51:07,328.1
2026/5/16,19:52:31,338.0
2026/5/17,02:43:17,98.7
2026/5/17,02:44:38,108.6
2026/5/17,02:45:56,118.5
2026/5/17,02:47:15,128.5
2026/5/17,02:48:34,138.4
2026/5/17,02:49:56,148.3
2026/5/17,02:51:19,158.1
2026/5/17,02:52:43,167.9
2026/5/17,02:54:07,178.4
2026/5/17,02:55:32,188.7
2026/5/17,02:56:56,198.5
2026/5/17,02:58:20,207.7
2026/5/17,02:59:41,217.9
2026/5/17,03:01:05,228.8
2026/5/17,03:02:29,238.1
2026/5/17,03:03:53,247.6
2026/5/17,03:05:17,258.7
2026/5/17,03:06:44,267.8
2026/5/17,03:08:05,277.6
2026/5/17,03:09:29,288.2
2026/5/17,03:10:52,297.3
2026/5/17,03:12:16,308.1
2026/5/17,03:13:40,317.7
2026/5/17,03:15:04,328.1
2026/5/17,03:16:51,338.4
2026/5/17,04:45:58,98.7
2026/5/17,04:46:58,108.6
2026/5/17,04:48:30,118.5
2026/5/17,04:49:48,128.5
2026/5/17,04:51:07,138.4
2026/5/17,04:52:25,148.3
2026/5/17,04:53:46,158.1
2026/5/17,04:55:13,167.9
2026/5/17,04:56:37,178.4
2026/5/17,04:58:01,188.7
2026/5/17,04:59:25,198.2
2026/5/17,05:00:21,207.6
2026/5/17,05:01:38,217.9
2026/5/17,05:02:57,228.8
2026/5/17,05:04:17,238.0
2026/5/17,05:05:36,247.6
2026/5/17,05:06:55,258.7
2026/5/17,05:08:14,267.8
2026/5/17,05:09:35,277.6
2026/5/17,05:11:00,288.3
2026/5/17,05:12:29,297.3
2026/5/17,05:13:53,308.2
2026/5/17,05:15:23,317.7
2026/5/17,05:16:42,328.1
2026/5/17,05:18:02,338.0
2026/5/17,10:17:48,98.7
2026/5/17,10:19:12,108.6
2026/5/17,10:20:36,118.5
2026/5/17,10:22:00,128.5
2026/5/17,10:23:24,138.5
2026/5/17,10:24:48,148.3
2026/5/17,10:26:12,158.1
2026/5/17,10:27:36,167.9
2026/5/17,10:29:00,178.5
2026/5/17,10:30:23,188.7
2026/5/17,10:31:48,198.3
2026/5/17,10:33:12,207.5
2026/5/17,10:34:33,217.9
2026/5/17,10:35:57,228.8
2026/5/17,10:37:21,238.0
2026/5/17,10:38:45,247.7
2026/5/17,10:40:12,258.7
2026/5/17,10:41:32,267.7
2026/5/17,10:42:56,277.6
2026/5/17,10:44:20,288.2
2026/5/17,10:45:44,297.3
2026/5/17,10:47:08,308.2
2026/5/17,10:48:32,317.7
2026/5/17,10:49:56,328.1
2026/5/17,10:51:20,338.0
2026/5/17,11:46:06,108.6
2026/5/17,11:46:24,118.5
2026/5/17,11:50:29,128.5
2026/5/17,11:51:20,138.4
2026/5/17,13:13:06,178.4
2026/5/17,13:13:24,188.7
2026/5/17,13:16:38,198.3
2026/5/17,13:17:28,207.6
2026/5/17,15:39:37,217.8
2026/5/17,15:39:55,228.7
2026/5/17,15:40:18,238.1
2026/5/17,15:41:04,247.6
2026/5/17,16:50:12,98.6
2026/5/17,16:51:36,108.6
2026/5/17,16:53:00,118.5
2026/5/17,16:54:24,128.5
2026/5/17,16:55:48,138.4
2026/5/17,16:57:12,148.3
2026/5/17,16:58:36,158.1
2026/5/17,17:00:00,167.9
2026/5/17,17:01:24,178.4
2026/5/17,17:02:48,188.7
2026/5/17,17:04:11,198.3
2026/5/17,17:05:35,207.6
2026/5/17,17:06:56,217.9
2026/5/17,17:08:20,228.8
2026/5/17,17:09:44,238.0
2026/5/17,17:11:08,247.6
2026/5/17,17:12:32,258.7
2026/5/17,17:13:55,267.7
2026/5/17,17:15:19,277.6
2026/5/17,17:16:44,288.2
2026/5/17,17:18:07,297.3
2026/5/17,17:19:31,308.1
2026/5/17,17:20:55,317.7
2026/5/17,17:22:19,328.1
2026/5/17,17:23:43,338.0
2026/5/17,18:05:45,98.6
2026/5/17,18:07:09,108.6
2026/5/17,18:08:33,118.5
2026/5/17,18:09:57,128.5
2026/5/17,18:11:21,138.5
2026/5/17,18:31:36,217.8
2026/5/17,18:31:54,228.7
2026/5/17,18:35:29,238.0
2026/5/17,18:36:22,247.7
2026/5/17,19:45:13,98.7
2026/5/17,19:46:37,108.6
2026/5/17,19:48:01,118.5
2026/5/17,19:49:25,128.5
2026/5/17,19:50:48,138.5
2026/5/17,19:52:12,148.3
2026/5/17,19:53:36,158.1
2026/5/17,19:55:00,167.9
2026/5/17,19:56:24,178.5
2026/5/17,19:57:48,188.5
2026/5/17,19:59:12,198.5
2026/5/17,20:00:36,207.7
2026/5/17,20:02:02,217.9
2026/5/17,20:03:26,228.8
2026/5/17,20:04:49,238.0
2026/5/17,20:06:11,247.6
2026/5/17,20:07:35,258.7
2026/5/17,20:08:58,267.7
2026/5/17,20:10:22,277.6
2026/5/17,20:11:45,288.3
2026/5/17,20:13:09,297.3
2026/5/17,20:14:33,308.1
2026/5/17,20:15:57,317.7
2026/5/17,20:18:03,328.0
2026/5/17,20:18:45,338.0
2026/5/17,20:59:21,98.7
2026/5/17,21:00:45,108.6
2026/5/17,21:02:09,118.5
2026/5/17,21:03:33,128.5
2026/5/17,21:04:57,138.4
2026/5/17,21:06:21,148.3
2026/5/17,21:07:45,158.1
2026/5/17,21:09:09,167.9
2026/5/17,21:10:33,178.4
2026/5/17,21:11:55,188.7
2026/5/17,21:13:19,198.4
2026/5/17,21:14:43,207.6
2026/5/17,21:16:05,217.9
2026/5/17,21:17:29,228.8
2026/5/17,21:18:53,238.0
2026/5/17,21:20:17,247.6
2026/5/17,21:21:41,258.7
2026/5/17,21:23:05,267.8
2026/5/17,21:25:11,277.6
2026/5/17,21:25:57,288.2
2026/5/17,21:27:17,297.2
2026/5/17,21:28:41,308.1
2026/5/17,21:30:05,317.7
2026/5/17,21:31:29,328.0
2026/5/17,21:32:53,338.0
2026/5/18,02:14:01,98.6
2026/5/18,02:15:24,108.6
2026/5/18,02:16:48,118.5
2026/5/18,02:18:12,128.5
2026/5/18,02:19:36,138.5
2026/5/18,02:21:00,148.3
2026/5/18,02:22:24,158.1
2026/5/18,02:23:48,167.9
2026/5/18,02:25:12,178.4
2026/5/18,02:26:36,188.7
2026/5/18,02:28:00,198.5
2026/5/18,02:29:24,207.6
2026/5/18,02:30:49,217.9
2026/5/18,02:32:09,228.8
2026/5/18,02:33:33,238.0
2026/5/18,02:34:57,247.7
2026/5/18,02:36:21,258.7
2026/5/18,02:37:45,267.8
2026/5/18,02:39:09,277.6
2026/5/18,02:40:32,288.3
2026/5/18,02:41:56,297.3
2026/5/18,02:43:20,308.1
2026/5/18,02:44:44,317.7
2026/5/18,02:46:08,328.1
2026/5/18,02:47:32,338.0
2026/5/18,04:33:51,98.7
2026/5/18,04:35:15,108.7
2026/5/18,04:36:39,118.5
2026/5/18,04:38:03,128.5
2026/5/18,04:39:27,138.5
2026/5/18,04:40:51,148.3
2026/5/18,04:42:15,158.1
2026/5/18,04:43:38,167.9
2026/5/18,04:45:02,178.4
2026/5/18,04:46:26,188.7
2026/5/18,04:47:50,198.4
2026/5/18,04:49:14,207.6
2026/5/18,04:50:35,217.9
2026/5/18,04:51:59,228.7
2026/5/18,04:53:23,238.0
2026/5/18,04:54:46,247.7
2026/5/18,04:56:10,258.7
2026/5/18,04:57:34,267.8
2026/5/18,04:58:58,277.6
2026/5/18,05:00:22,288.2
2026/5/18,05:01:46,297.2
2026/5/18,05:03:10,308.1
2026/5/18,05:04:34,317.7
2026/5/18,05:05:58,328.1
2026/5/18,05:07:22,338.2
2026/5/18,05:49:22,98.7
2026/5/18,05:50:45,108.6
2026/5/18,05:52:09,118.5
2026/5/18,05:53:33,128.5
2026/5/18,05:54:57,138.4
2026/5/18,05:56:22,148.3
2026/5/18,05:57:46,158.1
2026/5/18,05:59:10,167.9
2026/5/18,06:00:34,178.4
2026/5/18,06:01:58,188.6
2026/5/18,06:03:22,198.1
2026/5/18,06:04:46,207.6
2026/5/18,06:06:07,217.9
2026/5/18,06:07:30,228.8
2026/5/18,06:08:54,238.0
2026/5/18,06:10:18,247.6
2026/5/18,06:11:42,258.7
2026/5/18,06:13:06,267.8
2026/5/18,06:14:32,277.5
2026/5/18,06:15:54,288.3
2026/5/18,06:17:18,297.3
2026/5/18,06:18:42,308.2
2026/5/18,06:20:06,317.7
2026/5/18,06:21:30,328.1
2026/5/18,06:22:53,338.3
2026/5/18,06:59:17,98.7
2026/5/18,07:00:41,108.6
2026/5/18,07:02:04,118.5
2026/5/18,07:03:28,128.5
2026/5/18,07:04:52,138.4
2026/5/18,07:06:16,148.3
2026/5/18,07:07:40,158.1
2026/5/18,07:09:04,167.9
2026/5/18,07:10:29,178.4
2026/5/18,07:11:52,188.7
2026/5/18,07:13:16,198.3
2026/5/18,07:14:40,207.6
2026/5/18,07:16:01,217.9
2026/5/18,07:17:25,228.8
2026/5/18,07:18:49,238.0
2026/5/18,07:20:13,247.7
2026/5/18,07:21:37,258.7
2026/5/18,07:23:01,267.8
2026/5/18,07:24:25,277.6
2026/5/18,07:25:49,288.3
2026/5/18,07:27:13,297.3
2026/5/18,07:28:36,308.2
2026/5/18,07:30:01,317.7
2026/5/18,07:32:06,328.0
2026/5/18,07:32:48,338.0
2026/5/18,08:14:47,98.7
2026/5/18,08:16:11,108.6
2026/5/18,08:17:35,118.5
2026/5/18,08:18:59,128.5
2026/5/18,08:20:23,138.4
2026/5/18,08:21:47,148.3
2026/5/18,08:23:11,158.1
2026/5/18,08:24:35,167.9
2026/5/18,08:25:58,178.4
2026/5/18,08:27:22,188.7
2026/5/18,08:28:46,198.2
2026/5/18,08:30:10,207.6
2026/5/18,08:31:32,217.9
2026/5/18,08:32:56,228.7
2026/5/18,08:34:25,238.0
2026/5/18,08:35:44,247.7
2026/5/18,08:37:07,258.7
2026/5/18,08:38:31,267.8
2026/5/18,08:39:55,277.5
2026/5/18,08:41:19,288.3
2026/5/18,08:42:43,297.3
2026/5/18,08:44:07,308.1
2026/5/18,08:45:31,317.7
2026/5/18,08:46:55,328.0
2026/5/18,08:48:19,338.3
2026/5/18,10:27:42,98.6
2026/5/18,10:28:00,108.6
2026/5/18,10:31:19,118.5
2026/5/18,10:32:11,128.5
2026/5/18,12:59:07,98.7
2026/5/18,13:00:32,108.6
2026/5/18,13:01:55,118.5
2026/5/18,13:03:20,128.5
2026/5/18,13:04:43,138.5
2026/5/18,13:06:08,148.3
2026/5/18,13:07:32,158.1
2026/5/18,13:08:56,167.9
2026/5/18,13:10:20,178.4
2026/5/18,13:11:44,188.7
2026/5/18,13:13:08,198.3
2026/5/18,13:14:32,207.7
2026/5/18,13:15:54,217.9
2026/5/18,13:17:17,228.8
2026/5/18,13:18:41,238.0
2026/5/18,13:20:05,247.6
2026/5/18,13:21:29,258.7
2026/5/18,13:22:53,267.9
2026/5/18,13:24:17,277.6
2026/5/18,13:25:40,288.3
2026/5/18,13:27:04,297.3
2026/5/18,13:28:28,308.1
2026/5/18,13:29:52,317.7
2026/5/18,13:31:16,328.1
2026/5/18,13:32:40,338.1
2026/5/18,14:44:02,98.7
2026/5/18,14:45:26,108.6
2026/5/18,14:46:49,118.5
2026/5/18,14:48:14,128.5
2026/5/18,14:49:38,138.4
2026/5/18,14:51:02,148.3
2026/5/18,14:52:26,158.1
2026/5/18,14:53:49,167.9
2026/5/18,14:55:13,178.4
2026/5/18,14:56:37,188.7
2026/5/18,14:58:02,198.2
2026/5/18,14:59:26,207.5
2026/5/18,15:00:47,217.9
2026/5/18,15:02:11,228.8
2026/5/18,15:03:35,238.0
2026/5/18,15:04:59,247.7
2026/5/18,15:06:23,258.6
2026/5/18,15:07:49,267.8
2026/5/18,15:09:11,277.6
2026/5/18,15:10:34,288.2
2026/5/18,15:11:58,297.3
2026/5/18,15:13:22,308.2
2026/5/18,15:14:46,317.7
2026/5/18,15:16:10,328.0
2026/5/18,15:17:34,338.4
2026/5/18,16:28:54,98.7
2026/5/18,16:30:18,108.6
2026/5/18,16:31:42,118.5
2026/5/18,16:33:06,128.5
2026/5/18,16:34:29,138.4
2026/5/18,16:35:54,148.3
2026/5/18,16:37:17,158.1
2026/5/18,16:38:41,167.9
2026/5/18,16:40:05,178.5
2026/5/18,16:41:29,188.8
2026/5/18,16:42:53,198.2
2026/5/18,16:44:18,207.7
2026/5/18,16:45:39,217.9
2026/5/18,16:47:12,228.8
2026/5/18,16:48:28,238.0
2026/5/18,16:49:51,247.6
2026/5/18,16:51:15,258.7
2026/5/18,16:52:39,267.9
2026/5/18,16:54:03,277.6
2026/5/18,16:55:28,288.3
2026/5/18,16:56:51,297.3
2026/5/18,16:58:15,308.2
2026/5/18,16:59:42,317.7
2026/5/18,17:01:03,328.0
2026/5/18,17:02:27,338.3
2026/5/18,18:13:49,98.7
2026/5/18,18:15:13,108.6
2026/5/18,18:16:37,118.5
2026/5/18,18:18:00,128.5
2026/5/18,18:19:25,138.4
2026/5/18,18:20:49,148.3
2026/5/18,18:22:13,158.1
2026/5/18,18:23:37,167.9
2026/5/18,18:25:01,178.4
2026/5/18,18:26:24,188.7
2026/5/18,18:27:49,198.3
2026/5/18,18:29:13,207.5
2026/5/18,18:30:55,217.9
2026/5/18,18:31:58,228.8
2026/5/18,18:33:21,238.0
2026/5/18,18:34:45,247.7
2026/5/18,18:36:09,258.7
2026/5/18,18:37:33,267.9
2026/5/18,18:38:57,277.6
2026/5/18,18:40:21,288.3
2026/5/18,18:41:45,297.3
2026/5/18,18:43:09,308.1
2026/5/18,18:44:32,317.7
2026/5/18,18:45:56,328.0
2026/5/18,18:47:20,338.3
2026/5/18,19:58:40,98.6
2026/5/18,20:00:04,108.6
2026/5/18,20:01:28,118.5
2026/5/18,20:02:52,128.5
2026/5/18,20:04:16,138.4
2026/5/18,20:05:40,148.3
2026/5/18,20:07:04,158.1
2026/5/18,20:08:27,167.9
2026/5/18,20:09:52,178.4
2026/5/18,20:11:15,188.7
2026/5/18,20:12:40,198.4
2026/5/18,20:14:04,207.7
2026/5/18,20:15:30,217.9
2026/5/18,20:16:49,228.8
2026/5/18,20:18:13,238.0
2026/5/18,20:19:37,247.7
2026/5/18,20:21:00,258.7
2026/5/18,20:22:24,267.8
2026/5/18,20:24:09,277.6
2026/5/18,20:25:12,288.3
2026/5/18,20:26:36,297.2
2026/5/18,20:28:00,308.1
2026/5/18,20:29:24,317.6
2026/5/18,20:30:48,328.1
2026/5/18,20:32:11,338.1
2026/5/18,23:54:08,188.6
2026/5/18,23:54:35,198.2
2026/5/18,23:58:37,207.7
2026/5/18,23:59:28,217.8
2026/5/19,01:08:18,98.7
2026/5/19,01:09:42,108.6
2026/5/19,01:11:05,118.5
2026/5/19,01:12:29,128.5
2026/5/19,01:13:54,138.4
2026/5/19,01:15:18,148.3
2026/5/19,01:16:42,158.1
2026/5/19,01:18:06,167.9
2026/5/19,01:19:30,178.4
2026/5/19,01:20:54,188.7
2026/5/19,01:22:19,198.2
2026/5/19,01:23:42,207.7
2026/5/19,01:25:03,217.9
2026/5/19,01:26:27,228.8
2026/5/19,01:27:51,238.0
2026/5/19,01:29:15,247.7
2026/5/19,01:30:39,258.7
2026/5/19,01:32:03,267.8
2026/5/19,01:33:27,277.6
2026/5/19,01:34:51,288.3
2026/5/19,01:36:15,297.2
2026/5/19,01:37:39,308.1
2026/5/19,01:39:03,317.7
2026/5/19,01:40:27,328.1
2026/5/19,01:41:51,338.2
2026/5/19,02:44:28,98.7
2026/5/19,02:45:49,108.7
2026/5/19,02:47:08,118.5
2026/5/19,02:48:28,128.5
2026/5/19,02:49:47,138.4
2026/5/19,02:51:08,148.3
2026/5/19,02:52:27,158.1
2026/5/19,02:53:46,167.9
2026/5/19,02:55:08,178.5
2026/5/19,02:56:32,188.7
2026/5/19,02:57:56,198.4
2026/5/19,02:59:20,207.7
2026/5/19,03:00:41,217.8
2026/5/19,03:02:05,228.8
2026/5/19,03:03:29,238.0
2026/5/19,03:04:53,247.7
2026/5/19,03:06:17,258.6
2026/5/19,03:07:47,267.9
2026/5/19,03:09:06,277.6
2026/5/19,03:10:28,288.3
2026/5/19,03:11:52,297.3
2026/5/19,03:13:16,308.2
2026/5/19,03:14:40,317.8
2026/5/19,03:16:04,328.0
2026/5/19,03:17:28,338.0
2026/5/19,07:16:48,98.6
2026/5/19,07:18:08,108.7
2026/5/19,07:19:27,118.5
2026/5/19,07:20:47,128.5
2026/5/19,07:22:06,138.5
2026/5/19,07:23:30,148.3
2026/5/19,07:24:54,158.0
2026/5/19,07:26:18,167.9
2026/5/19,07:27:42,178.4
2026/5/19,07:29:06,188.7
2026/5/19,07:30:30,198.3
2026/5/19,07:31:54,207.6
2026/5/19,07:33:15,217.9
2026/5/19,07:34:39,228.8
2026/5/19,07:36:03,238.0
2026/5/19,07:37:26,247.6
2026/5/19,07:38:50,258.6
2026/5/19,07:40:15,267.8
2026/5/19,07:41:38,277.6
2026/5/19,07:43:02,288.3
2026/5/19,07:44:25,297.3
2026/5/19,07:45:49,308.1
2026/5/19,07:47:14,317.7
2026/5/19,07:48:37,328.0
2026/5/19,07:50:01,338.0
2026/5/19,09:01:22,98.7
2026/5/19,09:02:46,108.6
2026/5/19,09:04:10,118.5
2026/5/19,09:05:34,128.5
2026/5/19,09:06:58,138.4
2026/5/19,09:08:22,148.3
2026/5/19,09:09:46,158.1
2026/5/19,09:11:09,167.9
2026/5/19,09:12:33,178.4
2026/5/19,09:13:57,188.7
2026/5/19,09:15:22,198.4
2026/5/19,09:16:46,207.6
2026/5/19,09:18:06,217.9
2026/5/19,09:19:30,228.7
2026/5/19,09:20:54,238.0
2026/5/19,09:22:18,247.6
2026/5/19,09:23:42,258.7
2026/5/19,09:25:06,267.8
2026/5/19,09:26:30,277.5
2026/5/19,09:27:54,288.3
2026/5/19,09:29:18,297.3
2026/5/19,09:30:42,308.1
2026/5/19,09:32:06,317.7
2026/5/19,09:33:29,328.0
2026/5/19,09:34:53,338.0
2026/5/19,11:44:01,98.6
2026/5/19,11:45:22,108.6
2026/5/19,11:46:41,118.5
2026/5/19,11:48:00,128.5
2026/5/19,11:49:18,138.4
2026/5/19,11:50:39,148.3
2026/5/19,11:51:58,158.0
2026/5/19,11:53:18,167.9
2026/5/19,11:54:42,178.5
2026/5/19,11:56:07,188.5
2026/5/19,11:57:31,207.7
2026/5/19,11:58:55,217.9
2026/5/19,12:00:16,238.0
2026/5/19,12:01:39,247.6
2026/5/19,12:03:03,258.7
2026/5/19,12:04:27,277.6
2026/5/19,12:05:51,288.3
2026/5/19,12:07:18,297.3
2026/5/19,12:08:39,308.1
2026/5/19,12:10:03,328.1
2026/5/19,12:11:27,338.4
2026/5/19,13:22:49,98.6
2026/5/19,13:24:13,108.6
2026/5/19,13:25:36,118.5
2026/5/19,13:27:00,128.5
2026/5/19,13:28:24,138.5
2026/5/19,13:29:48,148.3
2026/5/19,13:31:13,158.0
2026/5/19,13:32:35,167.9
2026/5/19,13:34:00,178.4
2026/5/19,13:35:24,188.7
2026/5/19,13:36:48,198.2
2026/5/19,13:38:12,207.7
2026/5/19,13:39:32,217.9
2026/5/19,13:40:56,228.8
2026/5/19,13:42:20,238.0
2026/5/19,13:43:44,247.6
2026/5/19,13:45:08,258.7
2026/5/19,13:46:33,267.8
2026/5/19,13:47:56,277.6
2026/5/19,13:49:20,288.3
2026/5/19,13:50:44,297.3
2026/5/19,13:52:08,308.1
2026/5/19,13:53:32,317.7
2026/5/19,13:54:56,328.1
2026/5/19,13:56:20,338.0
2026/5/19,15:12:08,108.6
2026/5/19,15:12:26,118.5
2026/5/19,15:13:15,128.5
2026/5/19,15:14:39,138.4
2026/5/19,20:18:07,98.7
2026/5/19,20:19:28,108.6
2026/5/19,20:20:47,118.5
2026/5/19,20:22:06,128.5
2026/5/19,20:23:25,138.4
2026/5/19,20:24:47,148.3
2026/5/19,20:26:07,158.1
2026/5/19,20:27:31,167.9
2026/5/19,20:28:56,178.4
2026/5/19,20:30:19,188.7
2026/5/19,20:31:44,198.2
2026/5/19,20:33:08,207.5
2026/5/19,20:34:51,217.8
2026/5/19,20:35:52,228.8
2026/5/19,20:37:16,238.0
2026/5/19,20:38:40,247.6
2026/5/19,20:40:04,258.7
2026/5/19,20:41:31,267.8
2026/5/19,20:42:52,277.6
2026/5/19,20:44:16,288.2
2026/5/19,20:45:40,297.3
2026/5/19,20:47:04,308.1
2026/5/19,20:48:28,317.7
2026/5/19,20:49:52,328.0
2026/5/19,20:51:16,338.1
2026/5/19,22:11:04,98.6
2026/5/19,22:11:58,108.6
2026/5/19,22:13:25,118.5
2026/5/19,22:14:44,128.5
2026/5/19,22:16:03,138.4
2026/5/19,22:17:22,148.3
2026/5/19,22:18:41,158.1
2026/5/19,22:20:18,167.9
2026/5/19,22:21:39,178.4
2026/5/19,22:22:38,188.7
2026/5/19,22:23:56,198.3
2026/5/19,22:25:17,207.6
2026/5/19,22:26:37,217.9
2026/5/19,22:27:54,228.8
2026/5/19,22:29:12,238.0
2026/5/19,22:30:43,247.6
2026/5/19,22:32:08,258.6
2026/5/19,22:33:37,267.8
2026/5/19,22:35:02,277.6
2026/5/19,22:36:22,288.3
2026/5/19,22:37:41,297.3
2026/5/19,22:38:59,308.2
2026/5/19,22:40:18,317.7
2026/5/19,22:41:38,328.1
2026/5/19,22:42:57,338.0
2026/5/19,23:53:56,98.7
2026/5/19,23:55:20,108.6
2026/5/19,23:56:44,118.5
2026/5/19,23:58:08,128.5
2026/5/19,23:59:32,138.5
2026/5/20,00:00:56,148.3
2026/5/20,00:02:20,158.1
2026/5/20,00:03:43,167.8
2026/5/20,00:05:08,178.4
2026/5/20,00:06:32,188.7
2026/5/20,00:07:56,198.3
2026/5/20,00:09:20,207.7
2026/5/20,00:10:41,217.9
2026/5/20,00:12:05,228.8
2026/5/20,00:13:29,238.0
2026/5/20,00:14:53,247.7
2026/5/20,00:16:17,258.7
2026/5/20,00:17:41,267.8
2026/5/20,00:19:04,277.6
2026/5/20,00:20:28,288.3
2026/5/20,00:21:52,297.2
2026/5/20,00:23:16,308.1
2026/5/20,00:24:40,317.8
2026/5/20,00:26:04,328.0
2026/5/20,00:27:28,338.0
2026/5/20,01:31:49,98.7
2026/5/20,01:33:13,108.6
2026/5/20,01:34:37,118.5
2026/5/20,01:36:01,128.5
2026/5/20,01:37:25,138.5
2026/5/20,01:38:49,148.3
2026/5/20,01:40:13,158.1
2026/5/20,01:41:37,167.9
2026/5/20,01:43:02,178.4
2026/5/20,01:44:26,188.7
2026/5/20,01:45:50,198.2
2026/5/20,01:47:14,207.6
2026/5/20,01:48:56,217.9
2026/5/20,01:50:00,228.8
2026/5/20,01:51:23,238.0
2026/5/20,01:52:47,247.7
2026/5/20,01:54:10,258.7
2026/5/20,01:55:34,267.9
2026/5/20,01:56:58,277.6
2026/5/20,01:58:22,288.3
2026/5/20,01:59:46,297.3
2026/5/20,02:01:10,308.1
2026/5/20,02:02:34,317.7
2026/5/20,02:03:58,328.0
2026/5/20,02:05:22,338.3
2026/5/20,03:16:42,98.7
2026/5/20,03:18:06,108.7
2026/5/20,03:19:30,118.5
2026/5/20,03:20:54,128.5
2026/5/20,03:22:18,138.4
2026/5/20,03:23:42,148.3
2026/5/20,03:25:06,158.1
2026/5/20,03:26:30,167.9
2026/5/20,03:27:54,178.5
2026/5/20,03:29:18,188.7
2026/5/20,03:30:42,198.3
2026/5/20,03:32:06,207.6
2026/5/20,03:33:28,217.9
2026/5/20,03:34:52,228.8
2026/5/20,03:36:16,238.0
2026/5/20,03:37:40,247.6
2026/5/20,03:39:04,258.7
2026/5/20,03:40:28,267.7
2026/5/20,03:41:53,277.6
2026/5/20,03:43:16,288.3
2026/5/20,03:44:39,297.3
2026/5/20,03:46:03,308.1
2026/5/20,03:47:27,317.7
2026/5/20,03:48:51,328.0
2026/5/20,03:50:15,338.0
2026/5/20,05:21:08,98.6
2026/5/20,05:22:28,108.6
2026/5/20,05:23:47,118.5
2026/5/20,05:25:06,128.5
2026/5/20,05:26:28,138.5
2026/5/20,05:27:52,148.3
2026/5/20,05:29:15,158.1
2026/5/20,05:30:40,167.9
2026/5/20,05:32:04,178.4
2026/5/20,05:33:28,188.7
2026/5/20,05:34:52,198.2
2026/5/20,05:36:16,207.6
2026/5/20,05:37:37,217.9
2026/5/20,05:39:01,228.7
2026/5/20,05:40:25,238.0
2026/5/20,05:41:49,247.6
2026/5/20,05:43:13,258.7
2026/5/20,05:44:38,267.8
2026/5/20,05:46:01,277.6
2026/5/20,05:47:25,288.2
2026/5/20,05:48:49,297.3
2026/5/20,05:50:13,308.1
2026/5/20,05:51:36,317.7
2026/5/20,05:53:01,328.0
2026/5/20,05:54:25,338.1
2026/5/20,22:06:54,98.7
2026/5/20,22:07:12,108.7
2026/5/20,22:11:54,118.5
2026/5/20,22:12:31,128.5
2026/5/21,06:41:40,98.6
2026/5/21,06:41:58,108.6
2026/5/21,06:46:05,118.5
2026/5/21,06:46:58,128.5
2026/5/21,21:52:40,138.4
2026/5/21,21:52:58,148.2
2026/5/21,21:56:19,158.0
2026/5/21,21:57:09,167.9
2026/5/22,03:05:19,178.4
2026/5/22,03:05:37,188.7
2026/5/22,03:08:55,198.1
2026/5/22,03:09:46,207.5
2026/5/22,04:43:10,178.4
2026/5/22,04:43:28,188.6
2026/5/22,04:46:47,198.3
2026/5/22,04:47:38,207.6
2026/5/22,06:55:22,98.7
2026/5/22,06:56:43,108.7
2026/5/22,06:58:02,118.5
2026/5/22,06:59:21,128.5
2026/5/22,07:00:40,138.4
2026/5/22,07:02:03,148.3
2026/5/22,07:03:27,158.0
2026/5/22,07:04:51,167.9
2026/5/22,07:06:15,178.4
2026/5/22,07:07:39,188.7
2026/5/22,07:09:04,198.2
2026/5/22,07:10:27,207.5
2026/5/22,07:11:48,217.9
2026/5/22,07:13:12,228.7
2026/5/22,07:14:36,238.0
2026/5/22,07:16:00,247.6
2026/5/22,07:17:24,258.7
2026/5/22,07:18:50,267.8
2026/5/22,07:20:12,277.6
2026/5/22,07:21:36,288.2
2026/5/22,07:23:00,297.3
2026/5/22,07:24:24,308.1
2026/5/22,07:25:48,317.7
2026/5/22,07:27:12,328.0
2026/5/22,07:28:36,338.3
2026/5/22,08:31:25,98.7
2026/5/22,08:32:45,108.6
2026/5/22,08:34:05,118.5
2026/5/22,08:35:23,128.5
2026/5/22,08:36:41,138.5
2026/5/22,08:38:02,148.3
2026/5/22,08:39:26,158.1
2026/5/22,08:40:50,167.9
2026/5/22,08:42:14,178.4
2026/5/22,08:43:38,188.7
2026/5/22,08:45:02,198.2
2026/5/22,08:46:26,207.5
2026/5/22,08:47:47,217.9
2026/5/22,08:49:11,228.7
2026/5/22,08:50:35,238.0
2026/5/22,08:51:58,247.7
2026/5/22,08:53:22,258.7
2026/5/22,08:54:46,267.8
2026/5/22,08:56:10,277.6
2026/5/22,08:57:34,288.2
2026/5/22,08:58:58,297.3
2026/5/22,09:00:22,308.1
2026/5/22,09:01:46,317.7
2026/5/22,09:03:09,328.0
2026/5/22,09:04:33,338.0
2026/5/22,12:34:59,98.6
2026/5/22,12:36:19,108.6
2026/5/22,12:37:38,118.5
2026/5/22,12:38:58,128.5
2026/5/22,12:40:19,138.4
2026/5/22,12:41:40,148.3
2026/5/22,12:43:04,158.1
2026/5/22,12:44:28,167.9
2026/5/22,12:45:52,178.4
2026/5/22,12:47:16,188.7
2026/5/22,12:48:40,198.2
2026/5/22,12:50:04,207.6
2026/5/22,12:51:25,217.8
2026/5/22,12:52:49,228.8
2026/5/22,12:54:13,238.0
2026/5/22,12:55:36,247.7
2026/5/22,12:57:01,258.7
2026/5/22,12:58:29,267.8
2026/5/22,12:59:49,277.6
2026/5/22,13:01:11,288.2
2026/5/22,13:02:36,297.2
2026/5/22,13:04:00,308.2
2026/5/22,13:05:24,317.7
2026/5/22,13:06:48,328.1
2026/5/22,13:08:11,338.2
2026/5/22,17:31:10,98.6
2026/5/22,17:31:28,108.6
2026/5/22,17:35:29,118.5
2026/5/22,17:36:21,128.5
2026/5/22,18:10:32,98.7
2026/5/22,18:11:52,108.6
2026/5/22,18:13:11,118.5
2026/5/22,18:14:30,128.5
2026/5/22,18:15:51,138.4
2026/5/22,18:17:15,148.3
2026/5/22,18:18:39,158.0
2026/5/22,18:20:03,167.8
2026/5/22,18:21:27,178.4
2026/5/22,18:22:51,188.7
2026/5/22,18:24:15,198.2
2026/5/22,18:25:39,207.7
2026/5/22,18:27:01,217.9
2026/5/22,18:28:24,228.8
2026/5/22,18:29:49,238.0
2026/5/22,18:31:12,247.6
2026/5/22,18:32:36,258.7
2026/5/22,18:34:01,267.8
2026/5/22,18:35:25,277.6
2026/5/22,18:36:48,288.3
2026/5/22,18:38:12,297.3
2026/5/22,18:39:36,308.1
2026/5/22,18:41:00,317.7
2026/5/22,18:42:24,328.0
2026/5/22,18:43:48,338.3
2026/5/22,19:26:11,138.4
2026/5/22,19:26:41,148.3
2026/5/22,19:27:15,158.0
2026/5/22,19:27:54,167.9
2026/5/23,01:11:32,98.6
2026/5/23,01:12:32,108.6
2026/5/23,01:14:02,118.5
2026/5/23,01:15:21,128.5
2026/5/23,01:16:42,138.4
2026/5/23,01:18:02,148.3
2026/5/23,01:19:24,158.1
2026/5/23,01:20:46,167.9
2026/5/23,01:22:10,178.5
2026/5/23,01:23:35,188.7
2026/5/23,01:24:59,198.3
2026/5/23,01:26:20,207.7
2026/5/23,01:27:44,217.8
2026/5/23,01:29:07,228.8
2026/5/23,01:30:09,238.0
2026/5/23,01:31:28,247.6
2026/5/23,01:32:48,258.6
2026/5/23,01:34:09,267.8
2026/5/23,01:35:30,277.5
2026/5/23,01:36:58,288.3
2026/5/23,01:38:27,297.3
2026/5/23,01:39:55,308.1
2026/5/23,01:41:43,317.7
2026/5/23,01:43:07,328.0
2026/5/23,01:44:06,338.0
2026/5/23,04:32:42,258.7
2026/5/23,04:33:00,267.8
2026/5/23,04:36:34,277.5
2026/5/23,04:37:27,288.2
2026/5/23,07:49:01,98.6
2026/5/23,11:51:32,98.6
2026/5/23,11:52:33,108.6
2026/5/23,11:54:03,118.5
2026/5/23,11:55:21,128.5
2026/5/23,11:56:40,138.4
2026/5/23,11:57:59,148.3
2026/5/23,11:59:18,158.0
2026/5/23,12:00:46,167.9
2026/5/23,12:02:09,178.4
2026/5/23,12:03:33,188.8
2026/5/23,12:04:59,198.3
2026/5/23,12:05:54,207.6
2026/5/23,12:07:12,217.9
2026/5/23,12:08:30,228.7
2026/5/23,12:09:50,238.0
2026/5/23,12:11:09,247.6
2026/5/23,12:12:28,258.7
2026/5/23,12:13:46,267.7
2026/5/23,12:15:07,277.6
2026/5/23,12:16:35,288.3
2026/5/23,12:17:59,297.2
2026/5/23,12:19:24,308.1
2026/5/23,12:20:53,317.7
2026/5/23,12:22:12,328.0
2026/5/23,12:23:31,338.2
2026/5/23,13:34:24,138.4
2026/5/23,13:35:48,148.3
2026/5/23,13:37:12,158.1
2026/5/23,13:38:36,167.9
2026/5/23,13:40:00,178.5
2026/5/23,13:41:24,188.7
2026/5/23,13:42:48,198.1
2026/5/23,13:44:15,207.7
2026/5/23,13:45:36,217.8
2026/5/23,13:47:00,228.6
2026/5/23,13:48:24,238.1
2026/5/23,13:49:49,247.7
2026/5/23,13:51:10,258.7
2026/5/23,13:52:34,267.9
2026/5/23,13:53:58,277.6
2026/5/23,13:55:22,288.3
2026/5/23,13:56:46,297.3
2026/5/23,13:58:10,308.2
2026/5/23,13:59:34,317.7
2026/5/23,14:00:58,328.0
2026/5/23,14:02:21,338.1
2026/5/23,14:47:25,98.7
2026/5/23,14:48:44,108.6
2026/5/23,14:50:04,118.5
2026/5/23,14:51:24,128.5
2026/5/23,14:52:48,138.5
2026/5/23,14:54:12,148.3
2026/5/23,14:55:37,158.1
2026/5/23,14:57:01,167.9
2026/5/23,14:58:25,178.4
2026/5/23,14:59:48,188.7
2026/5/23,15:01:12,198.4
2026/5/23,15:02:36,207.7
2026/5/23,15:04:20,217.8
2026/5/23,15:05:21,228.8
2026/5/23,15:06:45,238.0
2026/5/23,15:08:10,247.7
2026/5/23,15:09:33,258.7
2026/5/23,15:10:59,267.8
2026/5/23,15:12:21,277.6
2026/5/23,15:13:45,288.3
2026/5/23,15:15:09,297.2
2026/5/23,15:16:33,308.1
2026/5/23,15:17:57,317.7
2026/5/23,15:19:21,328.0
2026/5/23,15:20:45,338.0
2026/5/23,16:32:06,98.7
2026/5/23,16:33:30,108.6
2026/5/23,16:34:56,118.5
2026/5/23,16:36:18,128.5
2026/5/23,16:37:42,138.5
2026/5/23,16:39:06,148.3
2026/5/23,16:40:30,158.1
2026/5/23,16:41:54,167.9
2026/5/23,16:43:18,178.4
2026/5/23,16:44:42,188.7
2026/5/23,16:46:06,198.4
2026/5/23,16:47:30,207.7
2026/5/23,16:49:13,217.8
2026/5/23,16:50:15,228.8
2026/5/23,16:51:39,238.1
2026/5/23,16:53:03,247.7
2026/5/23,16:54:27,258.7
2026/5/23,16:55:50,267.8
2026/5/23,16:57:14,277.6
2026/5/23,16:58:38,288.3
2026/5/23,17:00:02,297.2
2026/5/23,17:01:26,308.1
2026/5/23,17:02:50,317.7
2026/5/23,17:04:14,328.0
2026/5/23,17:05:38,338.1
2026/5/23,18:17:00,98.6
2026/5/23,18:18:24,108.6
2026/5/23,18:19:48,118.5
2026/5/23,18:21:12,128.5
2026/5/23,18:22:36,138.4
2026/5/23,18:24:00,148.3
2026/5/23,18:25:25,158.1
2026/5/23,18:26:50,167.9
2026/5/23,18:28:12,178.4
2026/5/23,18:29:36,188.8
2026/5/23,18:31:00,198.4
2026/5/23,18:32:24,207.6
2026/5/23,18:34:07,217.8
2026/5/23,18:35:09,228.7
2026/5/23,18:36:33,238.0
2026/5/23,18:37:56,247.6
2026/5/23,18:39:21,258.7
2026/5/23,18:40:45,267.8
2026/5/23,18:42:09,277.5
2026/5/23,18:43:32,288.2
2026/5/23,18:44:56,297.3
2026/5/23,18:46:21,308.1
2026/5/23,18:47:44,317.7
2026/5/23,18:49:08,328.0
2026/5/23,18:50:32,338.3
2026/5/23,20:01:54,98.7
2026/5/23,20:03:17,108.6
2026/5/23,20:04:41,118.5
2026/5/23,20:06:05,128.5
2026/5/23,20:07:30,138.4
2026/5/23,20:08:54,148.3
2026/5/23,20:10:18,158.0
2026/5/23,20:11:41,167.9
2026/5/23,20:13:05,178.4
2026/5/23,20:14:30,188.7
2026/5/23,20:15:53,198.3
2026/5/23,20:17:17,207.7
2026/5/23,20:18:38,217.9
2026/5/23,20:20:02,228.8
2026/5/23,20:21:26,238.0
2026/5/23,20:22:50,247.7
2026/5/23,20:24:14,258.6
2026/5/23,20:25:38,267.7
2026/5/23,20:27:02,277.6
2026/5/23,20:28:26,288.3
2026/5/23,20:29:50,297.3
2026/5/23,20:31:14,308.1
2026/5/23,20:32:38,317.6
2026/5/23,20:34:02,328.0
2026/5/23,20:35:25,338.0
2026/5/23,21:46:46,98.7
2026/5/23,21:48:10,108.6
2026/5/23,21:49:34,118.5
2026/5/23,21:50:58,128.5
2026/5/23,21:52:22,138.4
2026/5/23,21:53:46,148.3
2026/5/23,21:55:10,158.0
2026/5/23,21:56:34,167.9
2026/5/23,21:57:58,178.4
2026/5/23,21:59:22,188.7
2026/5/23,22:00:46,198.2
2026/5/23,22:02:10,207.6
2026/5/23,22:03:30,217.8
2026/5/23,22:04:54,228.8
2026/5/23,22:06:18,238.0
2026/5/23,22:07:44,247.7
2026/5/23,22:09:10,258.6
2026/5/23,22:10:35,267.7
2026/5/23,22:11:55,277.6
2026/5/23,22:13:18,288.3
2026/5/23,22:14:42,297.2
2026/5/23,22:16:06,308.1
2026/5/23,22:17:30,317.7
2026/5/23,22:18:54,328.0
2026/5/23,22:20:18,338.1
2026/5/23,23:31:38,98.7
2026/5/23,23:33:03,108.6
2026/5/23,23:34:27,118.5
2026/5/23,23:35:50,128.5
2026/5/23,23:37:15,138.4
2026/5/23,23:38:39,148.3
2026/5/23,23:40:02,158.0
2026/5/23,23:41:27,167.9
2026/5/23,23:42:50,178.4
2026/5/23,23:44:15,188.7
2026/5/23,23:45:38,198.2
2026/5/23,23:47:02,207.6
2026/5/23,23:48:23,217.9
2026/5/23,23:49:47,228.8
2026/5/23,23:51:11,238.0
2026/5/23,23:52:35,247.7
2026/5/23,23:53:59,258.7
2026/5/23,23:55:23,267.9
2026/5/23,23:56:47,277.6
2026/5/23,23:58:11,288.2
2026/5/23,23:59:35,297.2
2026/5/24,00:00:59,308.2
2026/5/24,00:02:23,317.7
2026/5/24,00:03:47,328.0
2026/5/24,00:05:11,338.2
2026/5/24,00:59:11,98.7
2026/5/24,00:59:44,108.6
2026/5/24,01:03:32,118.5
2026/5/24,01:04:23,128.5
2026/5/24,01:38:36,98.7
2026/5/24,01:39:56,108.6
2026/5/24,01:41:15,118.5
2026/5/24,01:42:34,128.5
2026/5/24,01:43:53,138.5
2026/5/24,01:45:16,148.2
2026/5/24,01:46:40,158.1
2026/5/24,01:48:05,167.9
2026/5/24,01:49:29,178.4
2026/5/24,01:50:53,188.7
2026/5/24,01:52:17,198.4
2026/5/24,01:53:41,207.6
2026/5/24,01:55:02,217.9
2026/5/24,01:56:26,228.8
2026/5/24,01:57:50,238.0
2026/5/24,01:59:14,247.7
2026/5/24,02:00:37,258.7
2026/5/24,02:02:02,267.8
2026/5/24,02:03:25,277.5
2026/5/24,02:04:49,288.3
2026/5/24,02:06:13,297.2
2026/5/24,02:07:37,308.2
2026/5/24,02:09:01,317.6
2026/5/24,02:10:25,328.0
2026/5/24,02:11:49,338.2
2026/5/24,04:17:12,98.6
2026/5/24,04:18:32,108.6
2026/5/24,04:19:51,118.5
2026/5/24,04:21:10,128.5
2026/5/24,04:22:28,138.4
2026/5/24,05:33:46,98.7
2026/5/24,05:35:09,108.6
2026/5/24,05:36:34,118.5
2026/5/24,05:37:57,128.5
2026/5/24,05:39:22,138.4
2026/5/24,05:40:46,148.3
2026/5/24,05:42:09,158.0
2026/5/24,05:43:33,167.9
2026/5/24,05:44:58,178.4
2026/5/24,05:46:22,188.7
2026/5/24,05:47:46,198.2
2026/5/24,05:49:10,207.6
2026/5/24,05:50:31,217.8
2026/5/24,05:51:55,228.8
2026/5/24,05:53:18,238.0
2026/5/24,05:54:42,247.7
2026/5/24,05:56:06,258.7
2026/5/24,05:57:30,267.8
2026/5/24,05:58:54,277.6
2026/5/24,06:00:18,288.3
2026/5/24,06:01:42,297.2
2026/5/24,06:03:06,308.1
2026/5/24,06:04:32,317.7
2026/5/24,06:05:53,328.0
2026/5/24,06:07:18,338.3
2026/5/24,07:00:11,98.7
2026/5/24,07:01:31,108.7
2026/5/24,07:02:50,118.5
2026/5/24,07:04:10,128.5
2026/5/24,07:05:30,138.4
2026/5/24,07:06:54,148.3
2026/5/24,07:08:18,158.0
2026/5/24,07:09:42,167.9
2026/5/24,07:11:06,178.4
2026/5/24,07:12:30,188.7
2026/5/24,07:13:55,198.1
2026/5/24,07:15:18,207.6
2026/5/24,07:16:39,217.9
2026/5/24,07:18:03,228.8
2026/5/24,07:19:27,238.0
2026/5/24,07:20:51,247.7
2026/5/24,07:22:15,258.7
2026/5/24,07:23:42,267.7
2026/5/24,07:25:02,277.6
2026/5/24,07:26:27,288.3
2026/5/24,07:27:50,297.3
2026/5/24,07:29:14,308.1
2026/5/24,07:30:39,317.7
2026/5/24,07:32:03,328.0
2026/5/24,07:33:35,338.0
2026/5/24,08:15:27,98.7
2026/5/24,08:16:51,108.6
2026/5/24,08:18:15,118.5
2026/5/24,08:19:45,128.5
2026/5/24,08:21:04,138.5
2026/5/24,08:22:27,148.3
2026/5/24,08:23:51,158.0
2026/5/24,08:25:15,167.9
2026/5/24,08:26:37,178.5
2026/5/24,08:28:01,188.7
2026/5/24,08:29:25,198.1
2026/5/24,08:30:49,207.6
2026/5/24,08:32:11,217.9
2026/5/24,08:33:35,228.8
2026/5/24,08:34:58,238.0
2026/5/24,08:36:23,247.7
2026/5/24,08:37:47,258.7
2026/5/24,08:39:11,267.7
2026/5/24,08:40:35,277.6
2026/5/24,08:41:59,288.3
2026/5/24,08:43:23,297.2
2026/5/24,08:44:47,308.1
2026/5/24,08:46:10,317.7
2026/5/24,08:47:37,328.0
2026/5/24,08:48:58,338.0
2026/5/24,13:19:30,308.1
2026/5/24,13:19:49,317.7
2026/5/24,13:23:32,328.0
2026/5/24,13:24:25,338.0
2026/5/24,14:45:53,98.7
2026/5/24,14:46:11,108.6
2026/5/24,14:49:41,118.5
2026/5/24,14:50:33,128.5
2026/5/24,15:59:24,98.7
2026/5/24,16:00:48,108.6
2026/5/24,16:02:12,118.5
2026/5/24,16:03:36,128.5
2026/5/24,16:05:00,138.4
2026/5/24,16:06:24,148.3
2026/5/24,16:07:48,158.0
2026/5/24,16:09:11,167.9
2026/5/24,16:10:36,178.4
2026/5/24,16:12:00,188.6
2026/5/24,16:13:24,198.4
2026/5/24,16:14:48,207.6
2026/5/24,16:16:31,217.8
2026/5/24,16:17:33,228.8
2026/5/24,16:18:57,238.0
2026/5/24,16:20:21,247.7
2026/5/24,16:21:45,258.7
2026/5/24,16:23:09,267.8
2026/5/24,16:24:32,277.6
2026/5/24,16:25:56,288.3
2026/5/24,16:27:21,297.3
2026/5/24,16:28:44,308.1
2026/5/24,16:30:08,317.7
2026/5/24,16:31:32,328.0
2026/5/24,16:32:56,338.3
2026/5/24,17:44:17,98.7
2026/5/24,17:45:41,108.6
2026/5/24,17:47:05,118.5
2026/5/24,17:48:29,128.5
2026/5/24,17:49:53,138.4
2026/5/24,17:51:17,148.3
2026/5/24,17:52:41,158.1
2026/5/24,17:54:05,167.9
2026/5/24,17:55:29,178.4
2026/5/24,17:56:53,188.6
2026/5/24,17:58:17,198.3
2026/5/24,17:59:41,207.6
2026/5/24,18:01:24,217.8
2026/5/24,18:02:26,228.8
2026/5/24,18:03:50,238.1
2026/5/24,18:05:14,247.7
2026/5/24,18:06:38,258.7
2026/5/24,18:08:02,267.8
2026/5/24,18:09:26,277.6
2026/5/24,18:10:50,288.3
2026/5/24,18:12:14,297.2
2026/5/24,18:13:38,308.1
2026/5/24,18:15:02,317.7
2026/5/24,18:16:25,328.0
2026/5/24,18:17:50,338.2
2026/5/24,19:29:10,98.6
2026/5/24,19:30:34,108.6
2026/5/24,19:32:01,118.5
2026/5/24,19:33:23,128.5
2026/5/24,19:34:47,138.5
2026/5/24,19:36:11,148.2
2026/5/24,19:37:35,158.0
2026/5/24,19:38:59,167.9
2026/5/24,19:40:23,178.4
2026/5/24,19:41:47,188.7
2026/5/24,19:43:11,198.1
2026/5/24,19:44:35,207.7
2026/5/24,19:46:39,217.9
2026/5/24,19:47:21,228.8
2026/5/24,19:48:45,238.0
2026/5/24,19:50:09,247.7
2026/5/24,19:51:33,258.7
2026/5/24,19:52:57,267.7
2026/5/24,19:54:20,277.6
2026/5/24,19:55:44,288.3
2026/5/24,19:57:08,297.2
2026/5/24,19:58:32,308.1
2026/5/24,19:59:56,317.7
2026/5/24,20:01:20,328.0
2026/5/24,20:02:44,337.9
2026/5/24,20:56:41,178.4
2026/5/24,20:57:22,188.7
2026/5/24,21:00:22,198.2
2026/5/24,21:01:14,207.6
2026/5/24,23:15:58,98.6
2026/5/24,23:17:17,108.6
2026/5/24,23:18:36,118.5
2026/5/24,23:19:55,128.5
2026/5/24,23:21:14,138.4
2026/5/24,23:22:36,148.2
2026/5/24,23:24:00,158.0
2026/5/24,23:25:24,167.9
2026/5/24,23:26:49,178.4
2026/5/24,23:28:13,188.6
2026/5/24,23:29:37,198.5
2026/5/24,23:31:00,207.6
2026/5/24,23:32:21,217.9
2026/5/24,23:33:45,228.8
2026/5/24,23:35:09,238.0
2026/5/24,23:36:33,247.7
2026/5/24,23:37:57,258.7
2026/5/24,23:39:21,267.7
2026/5/24,23:40:44,277.6
2026/5/24,23:42:08,288.2
2026/5/24,23:43:32,297.3
2026/5/24,23:44:56,308.1
2026/5/24,23:46:20,317.7
2026/5/24,23:47:44,328.0
2026/5/24,23:49:08,338.0
2026/5/25,01:00:29,98.6
2026/5/25,01:01:53,108.7
2026/5/25,01:03:18,118.5
2026/5/25,01:04:40,128.5
2026/5/25,02:11:50,98.7
2026/5/25,02:13:10,108.6
2026/5/25,02:14:28,118.5
2026/5/25,02:15:47,128.5
2026/5/25,02:17:09,138.4
2026/5/25,02:18:33,148.3
2026/5/25,02:19:56,158.0
2026/5/25,02:21:21,167.9
2026/5/25,02:22:44,178.5
2026/5/25,02:24:08,188.7
2026/5/25,02:25:32,198.1
2026/5/25,02:26:56,207.6
2026/5/25,02:28:18,217.9
2026/5/25,02:29:42,228.8
2026/5/25,02:31:07,238.0
2026/5/25,02:32:30,247.7
2026/5/25,02:33:54,258.7
2026/5/25,02:35:19,267.8
2026/5/25,02:36:43,277.5
2026/5/25,02:38:06,288.3
2026/5/25,02:39:30,297.2
2026/5/25,02:40:54,308.1
2026/5/25,02:42:18,317.7
2026/5/25,02:43:42,328.0
2026/5/25,02:45:06,338.1
2026/5/25,03:37:43,138.4
2026/5/25,03:38:00,148.3
2026/5/25,03:41:16,158.0
2026/5/25,03:42:08,167.9
2026/5/25,04:50:56,98.7
2026/5/25,04:52:20,108.7
2026/5/25,04:53:44,118.5
2026/5/25,04:55:08,128.5
2026/5/25,04:56:31,138.4
2026/5/25,04:57:56,148.3
2026/5/25,04:59:19,158.1
2026/5/25,05:00:44,167.9
2026/5/25,05:02:07,178.4
2026/5/25,05:03:32,188.7
2026/5/25,05:04:56,198.2
2026/5/25,05:06:20,207.6
2026/5/25,05:08:03,217.9
2026/5/25,05:09:05,228.8
2026/5/25,05:10:29,238.0
2026/5/25,05:11:53,247.6
2026/5/25,05:13:17,258.7
2026/5/25,05:14:40,267.8
2026/5/25,05:16:05,277.5
2026/5/25,05:17:28,288.3
2026/5/25,05:18:52,297.3
2026/5/25,05:20:16,308.2
2026/5/25,05:21:41,317.7
2026/5/25,05:23:05,328.0
2026/5/25,05:24:28,338.3
2026/5/25,06:03:39,98.7
2026/5/25,06:05:01,108.6
2026/5/25,06:06:25,118.5
2026/5/25,06:07:49,128.5
2026/5/25,06:09:13,138.4
2026/5/25,06:10:37,148.3
2026/5/25,06:12:01,158.0
2026/5/25,06:13:25,167.9
2026/5/25,06:14:50,178.4
2026/5/25,06:16:14,188.6
2026/5/25,06:17:38,198.1
2026/5/25,06:19:02,207.5
2026/5/25,06:20:23,217.9
2026/5/25,06:21:48,228.8
2026/5/25,06:23:12,238.0
2026/5/25,06:24:36,247.7
2026/5/25,06:26:00,258.6
2026/5/25,06:27:24,267.8
2026/5/25,06:28:47,277.5
2026/5/25,06:30:11,288.3
2026/5/25,06:31:36,297.2
2026/5/25,06:32:59,308.1
2026/5/25,06:34:23,317.7
2026/5/25,06:35:46,328.0
2026/5/25,06:37:10,338.1
2026/5/25,07:48:32,98.6
2026/5/25,07:49:56,108.6
2026/5/25,07:51:20,118.5
2026/5/25,07:52:43,128.5
2026/5/25,07:54:08,138.4
2026/5/25,07:55:37,148.3
2026/5/25,07:56:56,158.0
2026/5/25,07:58:19,167.9
2026/5/25,07:59:43,178.5
2026/5/25,08:01:07,188.7
2026/5/25,08:02:31,198.2
2026/5/25,08:03:55,207.7
2026/5/25,08:05:17,217.9
2026/5/25,08:06:41,228.8
2026/5/25,08:08:05,238.0
2026/5/25,08:09:29,247.7
2026/5/25,08:10:52,258.6
2026/5/25,08:12:16,267.8
2026/5/25,08:13:41,277.6
2026/5/25,08:15:05,288.3
2026/5/25,08:16:28,297.3
2026/5/25,08:17:52,308.1
2026/5/25,08:19:16,317.7
2026/5/25,08:20:40,328.0
2026/5/25,08:22:05,338.3
2026/5/25,09:33:25,98.7
2026/5/25,09:34:49,108.6
2026/5/25,09:36:13,118.5
2026/5/25,09:37:37,128.5
2026/5/25,09:39:01,138.4
2026/5/25,09:40:25,148.3
2026/5/25,09:41:49,158.0
2026/5/25,09:43:12,167.9
2026/5/25,09:44:37,178.4
2026/5/25,09:46:01,188.6
2026/5/25,09:47:25,198.2
2026/5/25,09:48:48,207.6
2026/5/25,09:50:31,217.8
2026/5/25,09:51:34,228.8
2026/5/25,09:52:58,238.0
2026/5/25,09:54:22,247.7
2026/5/25,09:55:46,258.6
2026/5/25,09:57:10,267.8
2026/5/25,09:58:34,277.6
2026/5/25,09:59:58,288.2
2026/5/25,10:01:22,297.2
2026/5/25,10:02:45,308.1
2026/5/25,10:04:10,317.7
2026/5/25,10:05:34,328.0
2026/5/25,10:06:57,338.1
2026/5/25,11:18:18,98.7
2026/5/25,11:19:42,108.6
2026/5/25,11:21:06,118.5
2026/5/25,11:22:30,128.5
2026/5/25,11:23:54,138.5
2026/5/25,11:25:19,148.3
2026/5/25,11:26:43,158.0
2026/5/25,11:28:06,167.9
2026/5/25,11:29:31,178.5
2026/5/25,11:30:54,188.7
2026/5/25,11:32:19,198.3
2026/5/25,11:33:42,207.6
2026/5/25,11:35:04,217.9
2026/5/25,11:36:28,228.8
2026/5/25,11:37:53,238.0
2026/5/25,11:39:21,247.7
2026/5/25,11:40:40,258.7
2026/5/25,11:42:05,267.8
2026/5/25,11:43:28,277.5
2026/5/25,11:44:52,288.3
2026/5/25,11:46:16,297.3
2026/5/25,11:47:40,308.1
2026/5/25,11:49:04,317.7
2026/5/25,11:50:28,328.0
2026/5/25,11:51:52,338.0
2026/5/25,13:03:19,98.7
2026/5/25,13:04:38,108.7
2026/5/25,13:06:01,118.5
2026/5/25,13:07:25,128.5
2026/5/25,13:08:49,138.4
2026/5/25,13:10:13,148.3
2026/5/25,13:11:37,158.1
2026/5/25,13:13:01,167.9
2026/5/25,13:14:25,178.4
2026/5/25,13:15:49,188.7
2026/5/25,13:17:13,198.2
2026/5/25,13:18:37,207.6
2026/5/25,13:20:20,217.9
2026/5/25,13:21:22,228.8
2026/5/25,13:22:46,238.0
2026/5/25,13:24:10,247.7
2026/5/25,13:25:34,258.6
2026/5/25,13:26:58,267.8
2026/5/25,13:28:22,277.6
2026/5/25,13:29:46,288.2
2026/5/25,13:31:10,297.3
2026/5/25,13:32:34,308.1
2026/5/25,13:33:58,317.7
2026/5/25,13:35:22,328.1
2026/5/25,13:36:46,338.0
2026/5/25,14:48:07,98.7
2026/5/25,14:49:31,108.6
2026/5/25,14:50:54,118.5
2026/5/25,14:52:19,128.5
2026/5/25,14:53:43,138.4
2026/5/25,14:55:09,148.3
2026/5/25,14:56:31,158.1
2026/5/25,14:57:55,167.9
2026/5/25,14:59:19,178.4
2026/5/25,15:00:43,188.7
2026/5/25,15:02:07,198.1
2026/5/25,15:03:31,207.7
2026/5/25,15:04:53,217.8
2026/5/25,15:06:17,228.8
2026/5/25,15:07:41,238.0
2026/5/25,15:09:05,247.7
2026/5/25,15:10:29,258.7
2026/5/25,15:11:52,267.7
2026/5/25,15:13:17,277.6
2026/5/25,15:14:40,288.3
2026/5/25,15:16:04,297.3
2026/5/25,15:17:28,308.1
2026/5/25,15:18:53,317.7
2026/5/25,15:20:16,328.0
2026/5/25,15:21:40,338.3
2026/5/25,16:06:30,98.7
2026/5/25,17:11:41,98.7
2026/5/25,17:13:01,108.6
2026/5/25,17:14:20,118.5
2026/5/25,17:15:39,128.5
2026/5/25,17:16:57,138.4
2026/5/25,17:18:19,148.3
2026/5/25,17:19:43,158.1
2026/5/25,17:21:07,167.9
2026/5/25,17:22:31,178.4
2026/5/25,17:23:55,188.7
2026/5/25,17:25:19,198.2
2026/5/25,17:26:43,207.6
2026/5/25,17:28:26,217.8
2026/5/25,17:29:28,228.8
2026/5/25,17:30:52,238.1
2026/5/25,17:32:15,247.7
2026/5/25,17:34:22,258.7
2026/5/25,17:35:05,267.8
2026/5/25,17:36:27,277.6
2026/5/25,17:37:51,288.2
2026/5/25,17:39:15,297.3
2026/5/25,17:40:39,308.1
2026/5/25,17:42:03,317.7
2026/5/25,17:43:27,328.0
2026/5/25,17:44:51,338.0
2026/5/26,01:16:59,98.6
2026/5/26,01:17:17,108.7
2026/5/26,01:22:00,118.5
2026/5/26,01:22:36,128.5
2026/5/26,03:48:03,108.6
2026/5/26,04:11:49,98.7
2026/5/26,04:12:07,108.6
2026/5/26,04:15:57,118.5
2026/5/26,04:16:49,128.5
2026/5/26,04:18:01,138.4
2026/5/26,04:18:43,148.2
2026/5/26,04:20:15,158.0
2026/5/26,04:21:33,167.9
2026/5/26,04:22:52,178.4
2026/5/26,14:27:35,98.7
2026/5/26,14:28:55,108.6
2026/5/26,14:30:14,118.5
2026/5/26,14:31:34,128.5
2026/5/26,14:32:52,138.4
2026/5/26,14:34:16,148.3
2026/5/26,14:35:40,158.1
2026/5/26,14:37:04,167.9
2026/5/26,14:38:28,178.4
2026/5/26,14:39:52,188.7
2026/5/26,14:41:17,198.2
2026/5/26,14:42:41,207.6
2026/5/26,14:44:01,217.8
2026/5/26,14:45:25,228.8
2026/5/26,14:46:49,238.0
2026/5/26,14:48:13,247.6
2026/5/26,14:49:37,258.7
2026/5/26,14:51:04,267.8
2026/5/26,14:52:25,277.6
2026/5/26,14:53:49,288.3
2026/5/26,14:55:13,297.3
2026/5/26,14:56:38,308.1
2026/5/26,14:58:02,317.7
2026/5/26,14:59:25,328.0
2026/5/26,15:00:50,338.2
2026/5/26,16:12:11,98.7
2026/5/26,16:13:35,108.6
2026/5/26,16:14:59,118.5
2026/5/26,16:16:23,128.5
2026/5/26,16:17:47,138.5
2026/5/26,16:19:11,148.3
2026/5/26,16:20:35,158.1
2026/5/26,16:21:59,167.9
2026/5/26,16:23:23,178.4
2026/5/26,16:24:47,188.7
2026/5/26,16:26:11,198.3
2026/5/26,16:27:36,207.6
2026/5/26,16:28:56,217.8
2026/5/26,16:30:20,228.8
2026/5/26,16:31:44,238.0
2026/5/26,16:33:08,247.6
2026/5/26,16:34:31,258.7
2026/5/26,16:35:55,267.9
2026/5/26,16:37:19,277.6
2026/5/26,16:38:43,288.2
2026/5/26,16:40:07,297.3
2026/5/26,16:41:31,308.1
2026/5/26,16:42:58,317.7
2026/5/26,16:44:19,328.0
2026/5/26,16:45:43,338.0
2026/5/26,17:57:05,138.4
2026/5/26,17:58:29,148.3
2026/5/26,17:59:53,158.1
2026/5/26,18:01:17,167.9
2026/5/26,18:02:41,178.4
2026/5/26,18:04:05,188.6
2026/5/26,18:05:35,198.3
2026/5/26,18:07:07,207.6
2026/5/26,18:08:28,217.9
2026/5/26,18:09:50,228.7
2026/5/26,18:11:11,238.1
2026/5/26,18:12:35,247.7
2026/5/26,18:14:32,258.7
2026/5/26,18:15:16,267.7
2026/5/26,18:16:37,277.6
2026/5/26,18:18:01,288.3
2026/5/26,18:19:25,297.2
2026/5/26,18:20:49,308.1
2026/5/26,18:22:13,317.7
2026/5/26,18:23:37,328.0
2026/5/26,18:25:01,338.2
2026/5/26,19:11:11,98.7
2026/5/26,19:12:35,108.6
2026/5/26,19:13:59,118.5
2026/5/26,19:15:23,128.5
2026/5/26,19:16:47,138.4
2026/5/26,19:18:31,148.3
2026/5/26,19:19:35,158.1
2026/5/26,19:20:59,167.9
2026/5/26,19:22:23,178.4
2026/5/26,19:23:47,188.8
2026/5/26,19:25:11,198.3
2026/5/26,19:26:35,207.6
2026/5/26,19:28:19,217.8
2026/5/26,19:29:20,228.7
2026/5/26,19:30:44,238.0
2026/5/26,19:32:08,247.7
2026/5/26,19:33:33,258.6
2026/5/26,19:34:56,267.8
2026/5/26,19:36:20,277.6
2026/5/26,19:37:44,288.3
2026/5/26,19:39:08,297.3
2026/5/26,19:40:32,308.1
2026/5/26,19:41:56,317.7
2026/5/26,19:43:20,328.0
2026/5/26,19:44:44,338.1
2026/5/26,20:56:05,98.7
2026/5/26,20:57:29,108.6
2026/5/26,20:58:53,118.5
2026/5/26,21:00:17,128.5
2026/5/26,21:01:41,138.4
2026/5/26,21:03:04,148.3
2026/5/26,21:04:29,158.1
2026/5/26,21:05:53,167.9
2026/5/26,21:07:17,178.4
2026/5/26,21:08:41,188.8
2026/5/26,21:10:05,198.1
2026/5/26,21:11:29,207.7
2026/5/26,21:13:13,217.8
2026/5/26,21:14:14,228.7
2026/5/26,21:15:38,238.0
2026/5/26,21:17:02,247.7
2026/5/26,21:18:26,258.7
2026/5/26,21:19:50,267.8
2026/5/26,21:21:14,277.6
2026/5/26,21:22:38,288.3
2026/5/26,21:24:02,297.2
2026/5/26,21:25:26,308.1
2026/5/26,21:26:50,317.7
2026/5/26,21:28:14,328.0
2026/5/26,21:29:38,338.0
2026/5/26,22:40:59,98.7
2026/5/26,22:42:23,108.6
2026/5/26,22:43:47,118.5
2026/5/26,22:45:11,128.5
2026/5/26,22:46:37,138.4
2026/5/26,22:47:59,148.3
2026/5/26,22:49:23,158.0
2026/5/26,22:50:47,167.9
2026/5/26,22:52:11,178.4
2026/5/26,22:53:35,188.7
2026/5/26,22:55:00,198.1
2026/5/26,22:56:23,207.6
2026/5/26,22:57:44,217.8
2026/5/26,22:59:08,228.7
2026/5/26,23:00:32,238.0
2026/5/26,23:01:56,247.7
2026/5/26,23:03:20,258.7
2026/5/26,23:04:44,267.8
2026/5/26,23:06:08,277.6
2026/5/26,23:07:32,288.2
2026/5/26,23:08:55,297.3
2026/5/26,23:10:19,308.1
2026/5/26,23:11:43,317.7
2026/5/26,23:13:07,328.1
2026/5/26,23:14:31,338.0
2026/5/27,00:25:53,98.6
2026/5/27,00:27:17,108.6
2026/5/27,00:28:41,118.5
2026/5/27,00:30:05,128.5
2026/5/27,00:31:28,138.4
2026/5/27,00:32:52,148.3
2026/5/27,00:34:16,158.0
2026/5/27,00:35:41,167.9
2026/5/27,00:37:05,178.4
2026/5/27,00:38:30,188.7
2026/5/27,00:39:53,198.3
2026/5/27,00:41:17,207.7
2026/5/27,00:43:20,217.8
2026/5/27,00:44:02,228.7
2026/5/27,00:45:26,238.0
2026/5/27,00:46:50,247.6
2026/5/27,00:48:13,258.7
2026/5/27,00:49:37,267.8
2026/5/27,00:51:01,277.6
2026/5/27,00:52:25,288.3
2026/5/27,00:53:49,297.2
2026/5/27,00:55:13,308.1
2026/5/27,00:56:37,317.7
2026/5/27,00:58:01,328.0
2026/5/27,00:59:25,338.3
2026/5/27,01:41:25,98.6
2026/5/27,01:42:49,108.6
2026/5/27,01:44:13,118.5
2026/5/27,01:45:37,128.5
2026/5/27,01:47:01,138.4
2026/5/27,01:48:25,148.3
2026/5/27,01:49:49,158.0
2026/5/27,01:51:13,167.9
2026/5/27,01:52:37,178.4
2026/5/27,01:54:01,188.7
2026/5/27,01:55:25,198.1
2026/5/27,01:56:49,207.6
2026/5/27,01:58:33,217.8
2026/5/27,01:59:34,228.7
2026/5/27,02:00:58,238.0
2026/5/27,02:02:26,247.6
2026/5/27,02:03:46,258.6
2026/5/27,02:05:10,267.9
2026/5/27,02:06:34,277.6
2026/5/27,02:07:58,288.3
2026/5/27,02:09:22,297.3
2026/5/27,02:10:46,308.1
2026/5/27,02:12:10,317.6
2026/5/27,02:13:34,328.0
2026/5/27,02:14:58,338.0
2026/5/27,03:26:24,98.7
2026/5/27,03:27:44,108.6
2026/5/27,03:29:08,118.5
2026/5/27,03:30:32,128.5
2026/5/27,03:31:56,138.4
2026/5/27,03:33:20,148.3
2026/5/27,03:34:44,158.1
2026/5/27,03:36:08,167.9
2026/5/27,03:37:32,178.4
2026/5/27,03:38:56,188.7
2026/5/27,03:40:20,198.3
2026/5/27,03:41:44,207.7
2026/5/27,03:43:27,217.8
2026/5/27,03:44:29,228.7
2026/5/27,03:45:53,238.0
2026/5/27,03:47:17,247.6
2026/5/27,03:48:40,258.6
2026/5/27,03:50:04,267.8
2026/5/27,03:51:29,277.6
2026/5/27,03:52:52,288.3
2026/5/27,03:54:17,297.3
2026/5/27,03:55:41,308.2
2026/5/27,03:57:04,317.6
2026/5/27,03:58:28,328.0
2026/5/27,03:59:52,338.3
2026/5/27,05:11:13,98.7
2026/5/27,05:12:36,108.6
2026/5/27,05:14:00,118.5
2026/5/27,05:15:24,128.5
2026/5/27,05:16:48,138.5
2026/5/27,05:18:17,148.3
2026/5/27,05:19:37,158.1
2026/5/27,05:21:00,167.9
2026/5/27,05:22:25,178.4
2026/5/27,05:23:48,188.7
2026/5/27,05:25:13,198.2
2026/5/27,05:26:37,207.6
2026/5/27,05:27:57,217.8
2026/5/27,05:29:21,228.7
2026/5/27,05:30:46,238.0
2026/5/27,05:32:10,247.7
2026/5/27,05:33:33,258.7
2026/5/27,05:34:57,267.8
2026/5/27,05:36:21,277.5
2026/5/27,05:37:45,288.3
2026/5/27,05:39:09,297.2
2026/5/27,05:40:33,308.1
2026/5/27,05:41:58,317.7
2026/5/27,05:43:22,328.0
2026/5/27,05:44:46,338.1
2026/5/27,06:56:07,98.7
2026/5/27,06:57:31,108.6
2026/5/27,06:58:55,118.5
2026/5/27,07:00:19,128.5
2026/5/27,07:01:43,138.5
2026/5/27,07:03:07,148.3
2026/5/27,07:04:31,158.0
2026/5/27,07:05:55,167.9
2026/5/27,07:07:19,178.4
2026/5/27,07:08:42,188.7
2026/5/27,07:10:07,198.1
2026/5/27,07:11:31,207.7
2026/5/27,07:12:51,217.9
2026/5/27,07:14:16,228.8
2026/5/27,07:15:40,238.0
2026/5/27,07:17:04,247.6
2026/5/27,07:18:28,258.6
2026/5/27,07:19:52,267.7
2026/5/27,07:21:15,277.6
2026/5/27,07:22:39,288.2
2026/5/27,07:24:03,297.3
2026/5/27,07:25:27,308.1
2026/5/27,07:26:51,317.7
2026/5/27,07:28:15,328.0
2026/5/27,07:29:39,338.3
2026/5/27,08:41:00,98.7
2026/5/27,08:42:24,108.6
2026/5/27,08:43:48,118.5
2026/5/27,08:45:11,128.5
2026/5/27,08:46:36,138.5
2026/5/27,08:47:59,148.3
2026/5/27,08:49:24,158.1
2026/5/27,08:50:48,167.9
2026/5/27,08:52:11,178.4
2026/5/27,08:53:36,267.9
2026/5/27,08:55:00,277.5
2026/5/27,08:56:24,308.1
2026/5/27,08:57:45,317.7
2026/5/27,08:59:51,328.0
2026/5/27,09:00:33,338.4
2026/5/27,09:55:06,178.4
2026/5/27,09:55:24,188.7
2026/5/27,09:58:51,198.2
2026/5/27,09:59:51,207.6
2026/5/27,11:07:17,207.6
2026/5/27,11:42:15,98.6
2026/5/27,11:43:39,108.6
2026/5/27,11:45:03,118.5
2026/5/27,11:46:27,128.5
2026/5/27,11:47:51,138.4
2026/5/27,11:49:15,148.3
2026/5/27,11:50:39,158.1
2026/5/27,11:52:03,167.9
2026/5/27,11:53:33,178.4
2026/5/27,11:54:53,188.7
2026/5/27,11:56:16,198.3
2026/5/27,11:57:59,207.6
2026/5/27,11:59:01,217.8
2026/5/27,12:00:25,228.7
2026/5/27,12:02:12,238.1
2026/5/27,12:03:13,247.7
2026/5/27,12:04:37,258.6
2026/5/27,12:06:01,267.8
2026/5/27,12:07:25,277.6
2026/5/27,12:08:49,288.3
2026/5/27,12:10:13,297.2
2026/5/27,12:11:37,308.2
2026/5/27,12:13:01,317.7
2026/5/27,12:14:25,328.0
2026/5/27,12:15:49,338.0
2026/5/27,13:30:51,98.7
2026/5/27,13:32:27,108.7
2026/5/27,13:34:03,118.5
2026/5/27,13:35:38,128.5
2026/5/27,13:37:02,138.4
2026/5/27,13:38:24,148.3
2026/5/27,13:39:47,158.1
2026/5/27,13:41:11,167.9
2026/5/27,13:42:35,178.4
2026/5/27,13:43:59,188.7
2026/5/27,13:45:23,198.4
2026/5/27,13:47:06,207.6
2026/5/27,13:48:08,217.8
2026/5/27,13:49:40,228.7
2026/5/27,13:51:00,238.0
2026/5/27,13:52:22,247.6
2026/5/27,13:53:47,258.6
2026/5/27,13:55:11,267.7
2026/5/27,13:56:34,277.6
2026/5/27,13:57:58,288.3
2026/5/27,13:59:22,297.3
2026/5/27,14:00:46,308.2
2026/5/27,14:01:46,317.7
2026/5/27,14:03:05,328.0
2026/5/27,14:04:25,338.3
2026/5/27,15:14:57,98.7
2026/5/27,15:16:21,108.6
2026/5/27,15:17:45,118.5
2026/5/27,15:19:09,128.5
2026/5/27,15:20:33,138.5
2026/5/27,15:21:57,148.3
2026/5/27,15:23:21,158.1
2026/5/27,15:24:45,167.9
2026/5/27,15:26:08,178.4
2026/5/27,15:27:33,188.5
2026/5/27,15:28:57,198.2
2026/5/27,15:30:21,207.6
2026/5/27,15:32:24,217.8
2026/5/27,15:33:06,228.7
2026/5/27,15:34:29,238.0
2026/5/27,15:35:53,247.7
2026/5/27,15:37:17,258.6
2026/5/27,15:38:41,267.8
2026/5/27,15:40:12,277.6
2026/5/27,15:41:31,288.3
2026/5/27,15:42:52,297.3
2026/5/27,15:44:16,308.2
2026/5/27,15:45:40,317.7
2026/5/27,15:47:04,328.0
2026/5/27,15:48:28,338.1
2026/5/27,16:22:05,98.6
2026/5/27,16:23:29,108.6
2026/5/27,16:24:53,118.5
2026/5/27,16:26:17,128.5
2026/5/27,16:27:41,138.5
2026/5/27,16:29:05,148.3
2026/5/27,16:30:29,158.0
2026/5/27,16:31:53,167.9
2026/5/27,16:33:17,178.4
2026/5/27,16:34:41,188.7
2026/5/27,16:36:05,198.4
2026/5/27,16:37:29,207.6
2026/5/27,16:38:51,217.9
2026/5/27,16:40:42,228.7
2026/5/27,16:41:57,238.0
2026/5/27,16:43:21,247.7
2026/5/27,16:44:45,258.7
2026/5/27,16:46:09,267.7
2026/5/27,16:47:33,277.6
2026/5/27,16:48:57,288.3
2026/5/27,16:50:21,297.3
2026/5/27,16:51:45,308.1
2026/5/27,16:53:09,317.7
2026/5/27,16:54:33,328.0
2026/5/27,16:55:57,338.2
2026/5/27,18:04:32,98.6
2026/5/27,18:05:56,108.6
2026/5/27,18:07:20,118.5
2026/5/27,18:08:44,128.5
2026/5/27,18:10:08,138.5
2026/5/27,18:11:32,148.3
2026/5/27,18:12:56,158.1
2026/5/27,18:14:20,167.9
2026/5/27,18:15:44,178.4
2026/5/27,18:17:08,188.7
2026/5/27,18:18:32,198.4
2026/5/27,18:19:56,207.6
2026/5/27,18:21:39,217.8
2026/5/27,18:22:41,228.8
2026/5/27,18:24:05,238.0
2026/5/27,18:25:29,247.7
2026/5/27,18:26:53,258.6
2026/5/27,18:28:20,267.8
2026/5/27,18:29:41,277.5
2026/5/27,18:31:05,288.2
2026/5/27,18:32:29,297.3
2026/5/27,18:33:53,308.1
2026/5/27,18:35:17,317.7
2026/5/27,18:36:40,328.0
2026/5/27,18:38:04,338.3
2026/5/27,19:49:26,98.6
2026/5/27,19:50:50,108.6
2026/5/27,19:52:18,118.5
2026/5/27,19:53:38,128.5
2026/5/27,19:55:02,138.4
2026/5/27,19:56:26,148.3
2026/5/27,19:57:50,158.1
2026/5/27,19:59:14,167.9
2026/5/27,20:00:38,178.4
2026/5/27,20:02:02,188.7
2026/5/27,20:03:26,198.2
2026/5/27,20:04:50,207.6
2026/5/27,20:06:11,217.8
2026/5/27,20:07:35,228.7
2026/5/27,20:08:59,238.0
2026/5/27,20:10:22,247.7
2026/5/27,20:11:46,258.6
2026/5/27,20:13:11,267.8
2026/5/27,20:14:34,277.6
2026/5/27,20:15:58,288.2
2026/5/27,20:17:22,297.3
2026/5/27,20:18:46,308.2
2026/5/27,20:20:11,317.7
2026/5/27,20:21:34,328.0
2026/5/27,20:23:08,338.0
2026/5/27,21:34:21,98.7
2026/5/27,21:35:45,108.6
2026/5/27,21:37:10,118.5
2026/5/27,21:38:33,128.5
2026/5/27,21:39:57,138.4
2026/5/27,22:51:17,98.6
2026/5/27,22:52:41,108.6
2026/5/27,22:54:04,118.5
2026/5/27,22:55:28,128.5
2026/5/27,22:56:52,138.5
2026/5/27,22:58:16,148.3
2026/5/27,22:59:40,158.1
2026/5/27,23:01:04,167.9
2026/5/27,23:02:28,178.4
2026/5/27,23:03:52,188.6
2026/5/27,23:05:16,198.3
2026/5/27,23:06:39,207.6
2026/5/27,23:08:05,217.9
2026/5/27,23:09:24,228.7
2026/5/27,23:10:48,238.0
2026/5/27,23:12:12,247.6
2026/5/27,23:13:36,258.7
2026/5/27,23:15:00,267.8
2026/5/27,23:16:24,277.6
2026/5/27,23:17:48,288.2
2026/5/27,23:19:12,297.3
2026/5/27,23:20:36,308.2
2026/5/27,23:22:01,317.6
2026/5/27,23:23:24,328.0
2026/5/27,23:24:49,338.2
2026/5/28,00:36:12,98.6
2026/5/28,00:37:36,108.6
2026/5/28,00:39:00,118.5
2026/5/28,01:50:20,98.7
2026/5/28,01:51:44,108.6
2026/5/28,01:53:08,118.5
2026/5/28,01:54:32,128.6
2026/5/28,01:55:56,138.5
2026/5/28,01:57:20,148.3
2026/5/28,01:58:45,158.1
2026/5/28,02:00:09,167.9
2026/5/28,02:01:32,178.4
2026/5/28,02:02:56,188.7
2026/5/28,02:04:21,198.3
2026/5/28,02:05:45,207.7
2026/5/28,02:07:05,217.8
2026/5/28,02:08:29,228.7
2026/5/28,02:09:54,238.0
2026/5/28,02:11:17,247.6
2026/5/28,02:12:41,258.6
2026/5/28,02:14:05,267.8
2026/5/28,02:15:29,277.6
2026/5/28,02:16:53,288.3
2026/5/28,02:18:17,297.3
2026/5/28,02:19:41,308.2
2026/5/28,02:21:05,317.7
2026/5/28,02:22:29,328.0
2026/5/28,02:23:53,337.9
2026/5/28,03:35:16,267.9
2026/5/28,03:36:40,277.6
2026/5/28,03:38:04,288.2
2026/5/28,03:39:28,297.2
2026/5/28,04:50:46,98.7
2026/5/28,04:52:10,108.6
2026/5/28,04:53:34,118.5
2026/5/28,04:54:58,128.5
2026/5/28,04:56:22,138.4
2026/5/28,04:57:46,148.3
2026/5/28,04:59:10,158.1
2026/5/28,05:00:34,167.9
2026/5/28,05:01:58,178.4
2026/5/28,05:03:22,188.7
2026/5/28,05:04:46,198.2
2026/5/28,05:06:10,207.7
2026/5/28,05:07:31,217.8
2026/5/28,05:08:55,228.7
2026/5/28,05:10:18,238.0
2026/5/28,05:11:46,247.7
2026/5/28,05:13:06,258.6
2026/5/28,05:14:30,267.8
2026/5/28,05:15:54,277.5
2026/5/28,05:17:18,288.3
2026/5/28,05:18:42,297.3
2026/5/28,05:20:06,308.1
2026/5/28,05:21:30,317.7
2026/5/28,05:22:54,328.0
2026/5/28,05:24:18,337.9
2026/5/28,11:04:58,98.7
2026/5/28,11:06:22,108.6
2026/5/28,11:07:46,118.5
2026/5/28,11:08:43,128.5
2026/5/28,16:52:22,98.6
2026/5/28,16:53:43,108.6
2026/5/28,16:55:02,118.5
2026/5/28,16:56:21,128.5
2026/5/28,16:57:39,138.4
2026/5/28,16:59:02,148.3
2026/5/28,17:00:27,158.1
2026/5/28,17:01:51,167.9
2026/5/28,17:03:15,178.4
2026/5/28,17:04:39,188.7
2026/5/28,17:06:03,198.3
2026/5/28,17:07:27,207.6
2026/5/28,17:09:10,217.7
2026/5/28,17:10:12,228.8
2026/5/28,17:11:36,238.1
2026/5/28,17:13:00,247.7
2026/5/28,17:14:24,258.6
2026/5/28,17:15:51,267.8
2026/5/28,17:17:12,277.5
2026/5/28,17:18:36,288.3
2026/5/28,17:20:00,297.3
2026/5/28,17:21:23,308.2
2026/5/28,17:22:48,317.7
2026/5/28,17:24:11,328.0
2026/5/28,17:25:35,338.0
2026/5/28,18:36:56,98.7
2026/5/28,18:38:20,108.6
2026/5/28,18:39:48,118.5
2026/5/28,18:41:08,128.5
2026/5/28,18:42:32,138.5
2026/5/28,18:43:56,148.3
2026/5/28,18:45:20,158.1
2026/5/28,18:46:44,167.9
2026/5/28,18:48:08,178.4
2026/5/28,18:49:32,188.7
2026/5/28,18:50:56,198.2
2026/5/28,18:52:20,207.6
2026/5/28,18:53:41,217.9
2026/5/28,18:55:05,228.8
2026/5/28,18:56:29,238.0
2026/5/28,18:57:53,247.6
2026/5/28,18:59:16,258.6
2026/5/28,19:00:40,267.8
2026/5/28,19:02:05,277.6
2026/5/28,19:03:28,288.3
2026/5/28,19:04:52,297.3
2026/5/28,19:06:16,308.2
2026/5/28,19:07:44,317.7
2026/5/28,19:09:04,328.0
2026/5/28,19:10:28,338.2
2026/5/28,20:21:50,98.7
2026/5/28,20:23:14,108.6
2026/5/28,20:24:37,118.5
2026/5/28,20:26:01,128.5
2026/5/28,20:27:25,138.4
2026/5/28,20:28:49,148.3
2026/5/28,20:30:13,158.1
2026/5/28,20:31:38,167.9
2026/5/28,20:33:01,178.4
2026/5/28,20:34:25,188.7
2026/5/28,20:35:49,198.2
2026/5/28,20:37:13,207.6
2026/5/28,20:38:56,217.8
2026/5/28,20:39:58,228.7
2026/5/28,20:41:22,238.0
2026/5/28,20:42:46,247.7
2026/5/28,20:44:10,258.6
2026/5/28,20:45:34,267.9
2026/5/28,20:46:58,277.6
2026/5/28,20:48:22,288.3
2026/5/28,20:49:46,297.2
2026/5/28,20:51:10,308.1
2026/5/28,20:52:34,317.7
2026/5/28,20:53:58,328.0
2026/5/28,20:55:22,338.1
2026/5/28,22:06:45,98.7
2026/5/28,22:08:09,228.7
2026/5/28,23:26:22,108.6
2026/5/28,23:27:57,128.5
2026/5/28,23:29:29,138.4
2026/5/28,23:31:04,148.3
2026/5/28,23:32:29,167.9
2026/5/28,23:33:50,178.4
2026/5/28,23:35:14,188.7
2026/5/28,23:36:38,198.2
2026/5/28,23:38:02,207.6
2026/5/28,23:39:26,217.8
2026/5/28,23:40:50,228.6
2026/5/28,23:42:54,238.0
2026/5/28,23:43:35,247.6
2026/5/28,23:44:38,258.7
2026/5/28,23:45:58,277.6
2026/5/28,23:47:18,288.3
2026/5/28,23:48:41,297.3
2026/5/28,23:50:10,308.2
2026/5/28,23:51:59,317.7
2026/5/28,23:53:23,328.0
2026/5/28,23:54:47,338.2
2026/5/29,01:00:08,98.7
2026/5/29,01:01:41,108.6
2026/5/29,01:03:15,118.5
2026/5/29,01:04:48,128.5
2026/5/29,02:04:04,98.7
2026/5/29,02:05:28,108.6
2026/5/29,02:06:52,118.5
2026/5/29,02:08:16,128.5
2026/5/29,02:09:40,138.5
2026/5/29,02:11:04,148.3
2026/5/29,02:12:28,158.1
2026/5/29,02:13:52,167.9
2026/5/29,02:15:19,178.4
2026/5/29,02:16:41,188.7
2026/5/29,02:18:05,198.2
2026/5/29,02:19:29,207.6
2026/5/29,02:20:49,217.8
2026/5/29,02:22:13,228.8
2026/5/29,02:23:37,238.0
2026/5/29,02:25:02,247.7
2026/5/29,02:26:26,258.6
2026/5/29,02:27:50,267.8
2026/5/29,02:29:14,277.6
2026/5/29,02:30:38,288.3
2026/5/29,02:32:02,297.3
2026/5/29,02:33:25,308.1
2026/5/29,02:34:49,317.7
2026/5/29,02:36:13,328.0
2026/5/29,02:37:37,338.3
2026/5/29,03:13:59,98.7
2026/5/29,03:15:23,108.6
2026/5/29,03:16:47,118.5
2026/5/29,03:18:11,128.5
2026/5/29,03:19:35,138.4
2026/5/29,03:20:59,148.3
2026/5/29,03:22:23,158.1
2026/5/29,03:23:47,167.9
2026/5/29,03:25:11,178.4
2026/5/29,03:26:35,188.6
2026/5/29,03:27:59,198.1
2026/5/29,03:29:23,207.6
2026/5/29,03:30:45,217.8
2026/5/29,03:32:09,228.8
2026/5/29,03:33:33,238.0
2026/5/29,03:35:03,247.7
2026/5/29,03:36:21,258.6
2026/5/29,03:37:45,267.8
2026/5/29,03:39:10,277.6
2026/5/29,03:40:32,288.2
2026/5/29,03:41:57,297.2
2026/5/29,03:43:20,308.1
2026/5/29,03:44:44,317.6
2026/5/29,03:46:08,328.1
2026/5/29,03:47:32,338.1
2026/5/29,04:57:26,98.7
2026/5/29,04:58:50,108.6
2026/5/29,05:00:14,118.5
2026/5/29,05:01:38,128.5
2026/5/29,05:03:03,138.4
2026/5/29,05:04:26,148.3
2026/5/29,05:05:50,158.1
2026/5/29,05:07:14,167.9
2026/5/29,05:08:38,178.4
2026/5/29,05:10:02,188.7
2026/5/29,05:11:26,198.4
2026/5/29,05:12:50,207.6
2026/5/29,05:14:33,217.8
2026/5/29,05:15:36,228.7
2026/5/29,05:17:00,238.0
2026/5/29,05:18:24,247.6
2026/5/29,05:19:48,258.6
2026/5/29,05:21:12,267.7
2026/5/29,05:22:36,277.6
2026/5/29,05:23:59,288.3
2026/5/29,05:25:24,297.3
2026/5/29,05:26:48,308.1
2026/5/29,05:28:11,317.6
2026/5/29,05:29:36,328.1
2026/5/29,05:31:05,338.0
2026/5/29,06:42:22,98.6
2026/5/29,06:43:46,108.6
2026/5/29,06:45:10,118.5
2026/5/29,06:46:34,128.5
2026/5/29,06:47:58,138.4
2026/5/29,06:49:22,148.3
2026/5/29,06:50:46,158.1
2026/5/29,06:52:10,167.9
2026/5/29,06:53:34,178.4
2026/5/29,06:55:00,188.7
2026/5/29,06:56:22,198.4
2026/5/29,06:57:46,207.7
2026/5/29,06:59:08,217.8
2026/5/29,07:00:32,228.7
2026/5/29,07:01:56,238.0
2026/5/29,07:03:19,247.7
2026/5/29,07:04:43,258.6
2026/5/29,07:06:07,267.7
2026/5/29,07:07:31,277.6
2026/5/29,07:08:55,288.3
2026/5/29,07:10:19,297.3
2026/5/29,07:11:43,308.2
2026/5/29,07:13:07,317.7
2026/5/29,07:14:31,328.0
2026/5/29,07:15:55,338.2
2026/5/29,09:32:42,98.6
2026/5/29,09:34:01,108.6
2026/5/29,09:35:20,118.5
2026/5/29,09:36:39,128.5
2026/5/29,09:37:58,138.4
2026/5/29,09:39:23,148.3
2026/5/29,09:40:47,158.1
2026/5/29,09:42:10,167.9
2026/5/29,09:43:35,178.4
2026/5/29,09:44:59,188.7
2026/5/29,09:46:23,198.2
2026/5/29,09:47:46,207.7
2026/5/29,09:49:50,217.8
2026/5/29,09:50:32,228.7
2026/5/29,09:51:55,238.0
2026/5/29,09:53:19,247.6
2026/5/29,09:54:43,258.6
2026/5/29,09:56:08,267.8
2026/5/29,09:57:31,277.5
2026/5/29,09:58:55,288.3
2026/5/29,10:00:19,297.3
2026/5/29,10:01:43,308.1
2026/5/29,10:03:07,317.6
2026/5/29,10:04:31,328.0
2026/5/29,10:05:55,337.9
2026/5/29,10:43:42,98.6
2026/5/29,10:45:07,108.6
2026/5/29,10:46:31,118.5
2026/5/29,10:47:55,128.5
2026/5/29,10:49:19,138.4
2026/5/29,10:50:43,148.3
2026/5/29,10:52:07,158.1
2026/5/29,10:53:31,167.9
2026/5/29,10:54:55,178.4
2026/5/29,10:56:19,188.6
2026/5/29,10:57:44,198.1
2026/5/29,10:59:28,207.6
2026/5/29,11:00:29,217.8
2026/5/29,11:01:53,228.8
2026/5/29,11:03:18,238.0
2026/5/29,11:04:42,247.7
2026/5/29,11:06:05,258.7
2026/5/29,11:07:29,267.8
2026/5/29,11:08:53,277.6
2026/5/29,11:10:17,288.3
2026/5/29,11:11:41,297.2
2026/5/29,11:13:05,308.2
2026/5/29,11:14:29,317.7
2026/5/29,11:15:53,328.0
2026/5/29,11:17:17,338.2
2026/5/29,11:53:41,188.7
2026/5/29,11:55:05,267.9
2026/5/29,12:46:45,98.7
2026/5/29,12:47:11,108.6
2026/5/29,12:50:33,118.5
2026/5/29,12:51:26,128.5
2026/5/29,13:36:31,217.8
2026/5/29,13:36:49,228.6
2026/5/29,13:40:12,238.0
2026/5/29,13:41:03,247.7
2026/5/29,17:16:21,98.7
2026/5/29,17:17:41,108.6
2026/5/29,17:19:00,118.5
2026/5/29,17:20:19,128.5
2026/5/29,20:15:11,98.6
2026/5/29,20:16:09,108.6
2026/5/29,20:17:42,118.5
2026/5/29,20:18:59,128.5
2026/5/29,20:20:18,138.4
2026/5/29,20:21:37,148.3
2026/5/29,20:22:57,158.1
2026/5/29,20:24:24,167.9
2026/5/29,20:25:48,178.4
2026/5/29,20:27:12,188.7
2026/5/29,20:28:36,198.1
2026/5/29,20:29:32,207.7
2026/5/29,20:30:51,217.9
2026/5/29,20:32:09,228.8
2026/5/29,20:33:29,238.0
2026/5/29,20:34:48,247.7
2026/5/29,20:36:07,258.6
2026/5/29,20:37:25,267.8
2026/5/29,20:38:45,277.6
2026/5/29,20:40:12,288.3
2026/5/29,20:41:41,297.3
2026/5/29,20:43:07,308.2
2026/5/29,20:44:34,317.7
2026/5/29,20:45:53,328.0
2026/5/29,20:47:12,338.2
2026/5/29,23:27:15,98.6
2026/5/29,23:27:33,108.6
2026/5/29,23:30:58,118.5
2026/5/29,23:31:50,128.5
2026/5/30,05:00:54,98.6
2026/5/30,05:02:14,108.6
2026/5/30,05:03:33,118.5
2026/5/30,05:04:52,128.5
2026/5/30,05:06:10,138.4
2026/5/30,05:07:32,148.3
2026/5/30,05:08:56,158.1
2026/5/30,05:10:21,167.9
2026/5/30,05:11:45,178.4
2026/5/30,05:13:09,188.7
2026/5/30,05:14:33,198.2
2026/5/30,05:15:57,207.7
2026/5/30,05:17:18,217.8
2026/5/30,05:18:42,228.7
2026/5/30,05:20:06,238.0
2026/5/30,05:21:30,247.7
2026/5/30,05:22:54,258.6
2026/5/30,05:24:18,267.8
2026/5/30,05:25:41,277.6
2026/5/30,05:27:06,288.3
2026/5/30,05:28:29,297.2
2026/5/30,05:29:54,308.1
2026/5/30,05:31:17,317.7
2026/5/30,05:32:41,328.0
2026/5/30,05:34:06,338.0
2026/5/30,10:20:40,98.7
2026/5/30,10:20:58,108.6
2026/5/30,10:25:40,118.5
2026/5/30,10:26:15,128.5
2026/5/31,01:58:06,138.4
2026/5/31,01:58:24,148.3
2026/5/31,02:02:02,158.1
2026/5/31,02:02:53,167.9
2026/5/31,02:03:48,178.4
2026/5/31,02:04:49,188.6
2026/5/31,02:06:20,198.3
2026/5/31,02:07:38,207.6
2026/5/31,03:49:44,98.6
2026/5/31,03:50:20,108.6
2026/5/31,03:54:09,128.5
2026/5/31,03:55:02,138.4
2026/5/31,05:03:54,98.6
2026/5/31,05:05:19,108.6
2026/5/31,05:06:42,118.5
2026/5/31,05:08:06,128.5
2026/5/31,05:09:30,138.5
2026/5/31,05:10:54,148.3
2026/5/31,05:12:18,158.1
2026/5/31,05:13:42,167.9
2026/5/31,05:15:06,178.4
2026/5/31,05:16:30,188.5
2026/5/31,05:17:54,198.3
2026/5/31,05:19:18,207.6
2026/5/31,05:20:40,217.8
2026/5/31,05:22:03,228.7
2026/5/31,05:23:27,238.0
2026/5/31,05:24:51,247.6
2026/5/31,05:26:15,258.6
2026/5/31,05:27:39,267.8
2026/5/31,05:29:03,277.6
2026/5/31,05:30:27,288.3
2026/5/31,05:31:51,297.3
2026/5/31,05:33:15,308.1
2026/5/31,05:34:38,317.6
2026/5/31,05:36:02,328.0
2026/5/31,05:37:27,338.0
2026/5/31,07:23:42,98.6
2026/5/31,07:25:06,108.6
2026/5/31,07:26:30,118.5
2026/5/31,07:27:54,128.5
2026/5/31,07:29:18,138.4
2026/5/31,07:30:42,148.3
2026/5/31,07:32:06,158.1
2026/5/31,07:33:30,167.8
2026/5/31,07:34:55,178.4
2026/5/31,07:36:18,188.6
2026/5/31,07:37:42,198.5
2026/5/31,07:39:07,207.7
2026/5/31,07:40:29,217.9
2026/5/31,07:41:53,228.7
2026/5/31,07:43:16,238.0
2026/5/31,07:44:40,247.7
2026/5/31,07:46:04,258.7
2026/5/31,07:47:28,267.7
2026/5/31,07:48:52,277.6
2026/5/31,07:50:16,288.3
2026/5/31,07:51:40,297.2
2026/5/31,07:53:04,308.1
2026/5/31,07:54:28,317.6
2026/5/31,07:55:52,328.0
2026/5/31,07:57:16,338.0
2026/5/31,09:08:35,98.6
2026/5/31,09:09:59,108.6
2026/5/31,09:11:22,118.5
2026/5/31,09:12:46,128.5
2026/5/31,09:14:10,138.4
2026/5/31,09:15:34,148.3
2026/5/31,09:16:58,158.0
2026/5/31,09:18:23,167.9
2026/5/31,09:19:47,178.4
2026/5/31,09:21:11,188.7
2026/5/31,09:22:35,198.0
2026/5/31,09:23:59,207.6
2026/5/31,09:25:21,217.8
2026/5/31,09:26:44,228.7
2026/5/31,09:28:50,238.1
2026/5/31,09:29:32,247.7
2026/5/31,09:30:56,258.7
2026/5/31,09:32:24,267.7
2026/5/31,09:33:44,277.6
2026/5/31,09:35:08,288.3
2026/5/31,09:36:32,297.3
2026/5/31,09:37:56,308.2
2026/5/31,09:39:20,317.7
2026/5/31,09:40:44,328.0
2026/5/31,09:42:08,338.0
2026/5/31,10:35:17,98.7
2026/5/31,10:36:40,108.6
2026/5/31,10:38:04,118.5
2026/5/31,10:39:28,128.5
2026/5/31,10:40:52,138.5
2026/5/31,10:42:16,148.3
2026/5/31,10:43:40,158.1
2026/5/31,10:45:04,167.9
2026/5/31,10:46:28,178.4
2026/5/31,10:47:52,188.7
2026/5/31,10:49:16,198.2
2026/5/31,10:50:40,207.6
2026/5/31,10:52:02,217.8
2026/5/31,10:53:27,228.7
2026/5/31,10:54:51,238.0
2026/5/31,10:56:18,247.7
2026/5/31,10:57:38,258.6
2026/5/31,10:59:02,267.8
2026/5/31,11:00:26,277.5
2026/5/31,11:01:50,288.3
2026/5/31,11:03:14,297.3
2026/5/31,11:04:38,308.1
2026/5/31,11:06:02,317.7
2026/5/31,11:07:26,328.0
2026/5/31,11:08:50,337.9
2026/5/31,12:20:09,98.6
2026/5/31,12:21:33,108.6
2026/5/31,12:22:57,118.5
2026/5/31,12:24:21,128.5
2026/5/31,12:25:45,138.4
2026/5/31,12:27:09,148.3
2026/5/31,12:28:33,158.0
2026/5/31,12:29:57,167.9
2026/5/31,12:31:21,178.4
2026/5/31,12:32:44,188.7
2026/5/31,12:34:09,198.2
2026/5/31,12:35:33,207.7
2026/5/31,12:37:36,217.8
2026/5/31,12:38:18,228.8
2026/5/31,12:39:42,238.0
2026/5/31,12:41:06,247.7
2026/5/31,12:42:29,258.7
2026/5/31,12:43:54,267.8
2026/5/31,12:45:18,277.6
2026/5/31,12:46:41,288.2
2026/5/31,12:48:09,297.3
2026/5/31,12:49:30,308.1
2026/5/31,12:50:54,317.7
2026/5/31,12:52:17,328.0
2026/5/31,12:53:42,338.0
2026/5/31,13:41:17,98.7
2026/5/31,13:42:41,108.6
2026/5/31,13:44:05,118.5
2026/5/31,13:45:30,128.5
2026/5/31,13:49:40,138.4
2026/5/31,13:51:04,148.3
2026/5/31,14:29:54,98.6
2026/5/31,14:31:13,108.6
2026/5/31,14:32:42,118.5
2026/5/31,14:34:00,128.5
2026/5/31,14:35:20,138.5
2026/5/31,14:36:45,148.3
2026/5/31,14:38:05,158.1
2026/5/31,14:39:23,167.9
2026/5/31,14:40:43,178.4
2026/5/31,14:42:05,188.7
2026/5/31,14:43:29,198.2
2026/5/31,14:44:54,207.6
2026/5/31,14:46:15,217.8
2026/5/31,14:47:40,228.8
2026/5/31,14:49:03,238.0
2026/5/31,14:50:27,247.6
2026/5/31,14:51:51,258.6
2026/5/31,14:53:15,267.8
2026/5/31,14:54:39,277.6
2026/5/31,14:56:03,288.3
2026/5/31,14:57:27,297.2
2026/5/31,14:58:51,308.1
2026/5/31,15:00:15,317.7
2026/5/31,15:01:39,328.0
2026/5/31,15:03:03,338.2
2026/5/31,16:14:23,98.7
2026/5/31,16:15:47,108.6
2026/5/31,16:17:10,118.5
2026/5/31,16:18:34,128.5
2026/5/31,16:19:58,138.4
2026/5/31,16:21:22,148.3
2026/5/31,16:22:47,158.0
2026/5/31,16:24:11,167.9
2026/5/31,16:25:35,178.4
2026/5/31,16:26:58,188.8
2026/5/31,16:28:23,198.3
2026/5/31,16:29:46,207.6
2026/5/31,16:31:29,217.8
2026/5/31,16:32:32,228.7
2026/5/31,16:33:56,238.0
2026/5/31,16:35:20,247.7
2026/5/31,16:36:44,258.7
2026/5/31,16:38:08,267.8
2026/5/31,16:39:32,277.6
2026/5/31,16:40:56,288.3
2026/5/31,16:42:20,297.3
2026/5/31,16:43:44,308.2
2026/5/31,16:45:08,317.7
2026/5/31,16:46:31,328.0
2026/5/31,16:47:56,338.0
2026/5/31,17:59:16,98.7
2026/5/31,18:00:40,108.6
2026/5/31,18:02:04,118.5
2026/5/31,18:03:28,128.5
2026/5/31,18:04:52,138.5
2026/5/31,18:06:16,148.3
2026/5/31,18:07:40,158.1
2026/5/31,18:09:04,167.9
2026/5/31,18:10:28,178.4
2026/5/31,18:11:52,188.7
2026/5/31,18:13:16,198.4
2026/5/31,18:14:40,207.7
2026/5/31,18:16:23,217.8
2026/5/31,18:17:25,228.8
2026/5/31,18:18:50,238.1
2026/5/31,18:20:13,247.6
2026/5/31,18:21:37,258.6
2026/5/31,18:23:01,267.8
2026/5/31,18:24:25,277.6
2026/5/31,18:25:49,288.2
2026/5/31,18:27:13,297.2
2026/5/31,18:28:37,308.2
2026/5/31,18:30:01,317.7
2026/5/31,18:31:25,328.0
2026/5/31,18:32:49,338.3
2026/5/31,19:44:09,98.6
2026/5/31,19:45:33,108.6
2026/5/31,19:46:57,118.5
2026/5/31,19:48:21,128.5
2026/5/31,19:49:45,138.5
2026/5/31,19:51:09,148.3
2026/5/31,19:52:33,158.1
2026/5/31,19:53:57,167.9
2026/5/31,19:55:21,178.4
2026/5/31,19:56:45,188.7
2026/5/31,19:58:09,198.4
2026/5/31,19:59:34,207.7
2026/5/31,20:00:55,217.8
2026/5/31,20:02:20,228.7
2026/5/31,20:03:43,238.0
2026/5/31,20:05:29,247.7
2026/5/31,20:06:31,258.6
2026/5/31,20:07:55,267.7
2026/5/31,20:09:19,277.6
2026/5/31,20:10:43,288.3
2026/5/31,20:12:06,297.3
2026/5/31,20:13:31,308.1
2026/5/31,20:14:55,317.7
2026/5/31,20:16:18,328.0
2026/5/31,20:17:42,338.2
2026/5/31,21:29:01,98.7
2026/5/31,21:30:25,108.6
2026/5/31,21:31:49,118.5
2026/5/31,21:33:13,128.5
2026/5/31,21:34:37,138.5
2026/5/31,21:36:01,148.3
2026/5/31,22:34:47,178.4
2026/5/31,22:35:04,188.7
2026/5/31,22:38:16,198.2
2026/5/31,22:39:08,207.6
2026/6/1,00:55:07,98.7
2026/6/1,00:56:31,108.6
2026/6/1,00:57:55,118.5
2026/6/1,00:59:19,128.5
2026/6/1,01:00:43,138.4
2026/6/1,01:02:07,148.3
2026/6/1,01:03:31,158.1
2026/6/1,01:04:55,167.8
2026/6/1,01:06:19,178.4
2026/6/1,01:07:43,188.7
2026/6/1,01:09:08,198.3
2026/6/1,01:10:31,207.6
2026/6/1,01:11:56,217.9
2026/6/1,01:13:17,228.7
2026/6/1,01:14:41,238.0
2026/6/1,01:16:05,247.7
2026/6/1,01:17:28,258.6
2026/6/1,01:18:52,267.8
2026/6/1,01:20:16,277.6
2026/6/1,01:21:40,288.2
2026/6/1,01:23:04,297.3
2026/6/1,01:24:28,308.1
2026/6/1,01:25:52,317.7
2026/6/1,01:27:16,328.0
2026/6/1,01:28:40,338.0
2026/6/1,04:52:51,98.6
2026/6/1,04:54:11,108.6
2026/6/1,04:55:30,118.5
2026/6/1,04:56:50,128.5
2026/6/1,04:58:11,138.5
2026/6/1,04:59:35,148.3
2026/6/1,05:00:59,158.1
2026/6/1,05:02:23,167.9
2026/6/1,05:03:47,178.4
2026/6/1,05:05:11,188.7
2026/6/1,05:06:35,198.2
2026/6/1,05:07:59,207.6
2026/6/1,05:10:02,217.8
2026/6/1,05:10:44,228.7
2026/6/1,05:12:07,238.0
2026/6/1,05:13:31,247.7
2026/6/1,05:14:55,258.6
2026/6/1,05:16:23,267.9
2026/6/1,05:17:43,277.5
2026/6/1,05:19:07,288.3
2026/6/1,05:20:31,297.3
2026/6/1,05:21:55,308.2
2026/6/1,05:23:19,317.6
2026/6/1,05:24:42,328.0
2026/6/1,05:26:06,338.2
2026/6/1,06:09:30,98.6
2026/6/1,06:10:55,108.6
2026/6/1,06:12:22,118.5
2026/6/1,06:13:43,128.5
2026/6/1,06:15:07,138.4
2026/6/1,06:16:31,148.3
2026/6/1,06:17:55,158.1
2026/6/1,06:19:38,168.0
2026/6/1,06:20:43,178.4
2026/6/1,06:22:07,188.7
2026/6/1,06:23:30,198.3
2026/6/1,06:24:54,207.7
2026/6/1,06:26:16,217.9
2026/6/1,06:27:40,228.8
2026/6/1,06:29:04,238.0
2026/6/1,06:30:28,247.7
2026/6/1,06:31:52,258.6
2026/6/1,06:33:16,267.8
2026/6/1,06:34:39,277.5
2026/6/1,06:36:03,288.3
2026/6/1,06:37:27,297.3
2026/6/1,06:38:51,308.1
2026/6/1,06:40:15,317.7
2026/6/1,06:41:39,328.0
2026/6/1,06:43:03,338.0
2026/6/1,14:44:53,98.7
2026/6/1,14:46:14,108.6
2026/6/1,14:47:33,118.5
2026/6/1,14:48:52,128.5
2026/6/1,14:50:13,138.4
2026/6/1,14:51:38,148.3
2026/6/1,14:53:01,158.1
2026/6/1,14:54:25,167.9
2026/6/1,14:55:49,178.4
2026/6/1,14:57:14,188.8
2026/6/1,14:58:38,198.4
2026/6/1,15:00:01,207.7
2026/6/1,15:01:22,217.8
2026/6/1,15:02:46,228.7
2026/6/1,15:04:10,238.0
2026/6/1,15:05:34,247.7
2026/6/1,15:06:57,258.6
2026/6/1,15:08:25,267.8
2026/6/1,15:09:45,277.6
2026/6/1,15:11:09,288.3
2026/6/1,15:12:33,297.3
2026/6/1,15:13:57,308.1
2026/6/1,15:15:21,317.7
2026/6/1,15:16:45,328.0
2026/6/1,15:18:08,338.2
2026/6/1,15:55:55,98.6
2026/6/1,15:57:19,108.6
2026/6/1,15:58:43,118.5
2026/6/1,16:00:07,128.5
2026/6/1,16:01:31,138.5
2026/6/1,16:02:55,148.3
2026/6/1,16:04:18,158.0
2026/6/1,16:05:43,167.9
2026/6/1,16:07:07,178.4
2026/6/1,16:08:31,188.6
2026/6/1,16:09:55,198.2
2026/6/1,16:11:18,207.7
2026/6/1,16:12:41,217.8
2026/6/1,16:14:04,228.7
2026/6/1,16:15:28,238.0
2026/6/1,16:16:52,247.6
2026/6/1,16:18:16,258.6
2026/6/1,16:19:40,267.8
2026/6/1,16:21:04,277.5
2026/6/1,16:22:28,288.3
2026/6/1,16:23:52,297.3
2026/6/1,16:25:16,308.2
2026/6/1,16:26:40,317.7
2026/6/1,16:28:04,328.0
2026/6/1,16:29:28,338.2
2026/6/1,18:46:21,98.7
2026/6/1,18:47:41,108.6
2026/6/1,18:49:01,118.5
2026/6/1,18:50:20,128.5
2026/6/1,18:51:38,138.5
2026/6/1,18:53:01,148.3
2026/6/1,18:54:24,158.1
2026/6/1,18:55:48,167.9
2026/6/1,18:57:12,178.4
2026/6/1,18:58:36,188.7
2026/6/1,19:00:01,198.2
2026/6/1,19:01:25,207.7
2026/6/1,19:02:46,217.9
2026/6/1,19:04:09,228.7
2026/6/1,19:05:33,238.1
2026/6/1,19:06:57,247.7
2026/6/1,19:08:21,258.6
2026/6/1,19:09:46,267.7
2026/6/1,19:11:09,277.6
2026/6/1,19:12:33,288.3
2026/6/1,19:13:57,297.3
2026/6/1,19:15:21,308.1
2026/6/1,19:16:48,317.7
2026/6/1,19:18:09,328.0
2026/6/1,19:19:32,338.0
2026/6/1,20:42:05,148.3
2026/6/1,20:42:23,158.1
2026/6/1,20:45:42,167.9
2026/6/1,20:46:36,178.4
2026/6/1,21:55:27,217.8
2026/6/1,21:56:51,228.6
2026/6/1,21:58:15,238.1
2026/6/1,21:59:39,247.7
2026/6/1,22:01:03,258.6
2026/6/1,22:52:26,198.2
2026/6/1,23:17:23,98.7
2026/6/1,23:18:23,108.6
2026/6/1,23:19:54,118.5
2026/6/1,23:21:12,128.5
2026/6/1,23:22:31,138.4
2026/6/1,23:23:49,148.3
2026/6/1,23:25:10,158.1
2026/6/1,23:26:37,167.9
2026/6/1,23:28:01,178.4
2026/6/1,23:29:25,188.7
2026/6/1,23:30:49,198.2
2026/6/1,23:31:46,207.6
2026/6/1,23:33:06,217.8
2026/6/1,23:34:22,228.7
2026/6/1,23:35:42,238.0
2026/6/1,23:37:01,247.7
2026/6/1,23:38:20,258.6
2026/6/1,23:39:38,267.7
2026/6/1,23:40:59,277.6
2026/6/1,23:42:24,288.3
2026/6/1,23:43:52,297.2
2026/6/1,23:45:18,308.2
2026/6/1,23:46:47,317.7
2026/6/1,23:48:05,328.0
2026/6/1,23:49:24,338.1
2026/6/2,01:00:30,98.6
2026/6/2,01:01:54,108.6
2026/6/2,01:56:36,98.7
2026/6/2,01:57:56,108.6
2026/6/2,01:59:15,118.5
2026/6/2,02:00:34,128.5
2026/6/2,02:01:52,138.5
2026/6/2,02:03:15,148.3
2026/6/2,02:04:39,158.1
2026/6/2,02:06:03,167.9
2026/6/2,02:07:27,178.4
2026/6/2,02:08:51,188.7
2026/6/2,02:10:15,198.4
2026/6/2,02:11:39,207.6
2026/6/2,02:12:59,217.8
2026/6/2,02:14:23,228.7
2026/6/2,02:15:47,238.0
2026/6/2,02:17:11,247.7
2026/6/2,02:18:35,258.6
2026/6/2,02:20:03,267.8
2026/6/2,02:21:23,277.5
2026/6/2,02:22:47,288.3
2026/6/2,02:24:11,297.3
2026/6/2,02:25:35,308.1
2026/6/2,02:26:59,317.7
2026/6/2,02:28:24,328.0
2026/6/2,02:29:47,338.3
2026/6/2,04:04:57,98.6
2026/6/2,05:38:31,108.6
2026/6/2,05:39:55,118.5
2026/6/2,05:41:19,128.5
2026/6/2,05:42:43,138.5
2026/6/2,05:44:07,148.3
2026/6/2,06:20:28,98.7
2026/6/2,06:21:52,108.6
2026/6/2,06:23:19,118.5
2026/6/2,06:24:40,128.5
2026/6/2,06:26:05,138.4
2026/6/2,06:27:29,148.3
2026/6/2,06:28:53,158.1
2026/6/2,06:30:17,167.9
2026/6/2,06:31:41,178.4
2026/6/2,06:33:05,188.7
2026/6/2,06:34:29,198.5
2026/6/2,06:35:53,207.6
2026/6/2,06:37:14,217.8
2026/6/2,06:38:38,228.7
2026/6/2,06:40:02,238.0
2026/6/2,06:41:26,247.6
2026/6/2,06:42:50,258.6
2026/6/2,06:44:14,267.8
2026/6/2,06:45:38,277.5
2026/6/2,06:47:02,288.3
2026/6/2,06:48:26,297.2
2026/6/2,06:49:49,308.1
2026/6/2,06:51:16,317.7
2026/6/2,06:52:37,328.0
2026/6/2,06:54:01,338.2
2026/6/2,08:04:21,98.6
2026/6/2,08:05:41,108.6
2026/6/2,08:07:00,118.5
2026/6/2,08:08:20,128.5
2026/6/2,08:09:38,138.4
2026/6/2,08:11:01,148.3
2026/6/2,08:12:25,158.1
2026/6/2,08:13:48,167.9
2026/6/2,08:15:12,178.4
2026/6/2,08:16:37,188.7
2026/6/2,08:18:01,198.1
2026/6/2,08:19:25,207.6
2026/6/2,08:20:48,217.8
2026/6/2,08:22:10,228.7
2026/6/2,08:23:34,238.0
2026/6/2,08:24:58,247.7
2026/6/2,08:26:22,258.7
2026/6/2,08:27:46,267.8
2026/6/2,08:29:09,277.6
2026/6/2,08:30:33,288.3
2026/6/2,08:31:57,297.2
2026/6/2,08:33:21,308.1
2026/6/2,08:34:45,317.7
2026/6/2,08:36:09,328.0
2026/6/2,08:37:33,337.9
2026/6/2,09:48:54,98.6
2026/6/2,09:50:18,108.6
2026/6/2,09:51:44,118.5
2026/6/2,09:53:06,128.5
2026/6/2,10:30:50,98.7
2026/6/2,10:32:14,108.6
2026/6/2,10:33:38,118.5
2026/6/2,10:35:02,128.5
2026/6/2,10:36:26,138.5
2026/6/2,10:37:51,148.3
2026/6/2,10:39:15,158.1
2026/6/2,10:40:38,167.9
2026/6/2,10:42:02,178.4
2026/6/2,10:43:27,188.6
2026/6/2,10:44:51,198.4
2026/6/2,10:46:34,207.6
2026/6/2,10:47:36,217.8
2026/6/2,10:49:22,228.6
2026/6/2,10:50:24,238.0
2026/6/2,10:51:48,247.7
2026/6/2,10:53:12,258.6
2026/6/2,10:54:36,267.7
2026/6/2,10:56:00,277.6
2026/6/2,10:57:23,288.3
2026/6/2,10:58:47,297.2
2026/6/2,11:00:11,308.1
2026/6/2,11:01:35,317.7
2026/6/2,11:02:59,328.0
2026/6/2,12:14:20,98.7
2026/6/2,12:15:44,108.6
2026/6/2,12:17:08,118.5
2026/6/2,12:18:33,128.5
2026/6/2,12:19:57,138.5
2026/6/2,12:21:21,148.3
2026/6/2,12:22:50,158.1
2026/6/2,12:24:22,167.9
2026/6/2,12:25:51,178.4
2026/6/2,12:27:23,188.6
2026/6/2,12:28:57,198.2
2026/6/2,12:30:30,207.6
2026/6/2,12:31:58,217.8
2026/6/2,12:33:28,228.8
2026/6/2,12:35:17,238.0
2026/6/2,12:36:41,247.7
2026/6/2,12:38:05,258.6
2026/6/2,12:39:34,267.7
2026/6/2,12:41:08,277.6
2026/6/2,12:42:40,288.3
2026/6/2,12:44:09,297.2
2026/6/2,12:45:40,308.1
2026/6/2,12:47:14,317.7
2026/6/2,12:48:45,328.0
2026/6/2,12:50:15,338.0
2026/6/2,14:00:40,98.7
2026/6/2,15:12:21,98.7
2026/6/2,15:13:45,108.6
2026/6/2,15:15:09,118.5
2026/6/2,15:16:33,128.5
2026/6/2,15:17:57,138.5
2026/6/2,15:19:21,148.3
2026/6/2,15:20:46,158.1
2026/6/2,15:22:10,167.9
2026/6/2,15:23:34,178.4
2026/6/2,15:24:58,188.6
2026/6/2,15:26:22,198.2
2026/6/2,15:27:46,207.6
2026/6/2,15:29:07,217.9
2026/6/2,15:31:13,228.6
2026/6/2,15:31:55,238.0
2026/6/2,15:33:19,247.7
2026/6/2,15:34:43,258.6
2026/6/2,15:36:07,267.8
2026/6/2,15:37:31,277.6
2026/6/2,15:38:55,288.3
2026/6/2,15:40:18,297.2
2026/6/2,15:41:42,308.2
2026/6/2,15:43:06,317.6
2026/6/2,15:44:30,328.0
2026/6/2,15:45:54,337.9
2026/6/2,17:22:33,98.7
2026/6/2,17:24:01,108.6
2026/6/2,17:25:19,118.5
2026/6/2,17:27:36,128.5
2026/6/2,18:26:21,108.6
2026/6/2,18:50:31,138.4
2026/6/2,18:51:49,148.3
2026/6/2,18:54:06,158.1
2026/6/2,18:55:26,167.9
2026/6/2,18:57:02,178.4
2026/6/2,18:59:02,188.6
2026/6/2,19:00:22,198.2
2026/6/2,19:54:20,98.6
2026/6/2,19:55:50,108.6
2026/6/2,19:57:15,118.5
2026/6/2,19:59:31,128.5
2026/6/2,20:01:00,138.5
2026/6/2,20:02:25,148.3
2026/6/2,20:04:27,158.1
2026/6/2,20:06:11,167.9
2026/6/2,20:07:36,178.4
2026/6/2,20:09:40,188.7
2026/6/2,20:11:00,198.2
2026/6/2,20:12:31,207.7
2026/6/2,20:14:36,217.8
2026/6/2,20:15:57,228.6
2026/6/2,20:17:15,238.0
2026/6/2,20:19:31,247.7
2026/6/2,20:20:53,258.7
2026/6/2,20:22:10,267.8
2026/6/2,20:24:27,277.5
2026/6/2,20:25:48,288.3
2026/6/2,20:27:06,297.3
2026/6/2,20:29:23,308.1
2026/6/2,20:31:06,317.7
2026/6/2,20:32:31,328.0
2026/6/2,20:34:41,338.0
2026/6/2,22:51:05,98.6
2026/6/2,22:52:29,108.6
2026/6/2,22:53:53,118.5
2026/6/2,22:55:17,128.5
2026/6/2,22:56:41,138.4
2026/6/2,22:58:05,148.3
2026/6/2,22:59:29,158.0
2026/6/2,23:00:53,167.9
2026/6/2,23:02:17,178.4
2026/6/2,23:03:41,188.6
2026/6/2,23:05:05,198.2
2026/6/2,23:06:29,207.6
2026/6/2,23:08:12,217.8
2026/6/2,23:09:14,228.7
2026/6/2,23:10:38,238.0
2026/6/2,23:12:02,247.7
2026/6/2,23:13:26,258.6
2026/6/2,23:14:51,267.8
2026/6/2,23:16:15,277.6
2026/6/2,23:17:39,288.3
2026/6/2,23:19:03,297.2
2026/6/2,23:20:27,308.1
2026/6/2,23:21:51,317.7
2026/6/2,23:23:15,328.0
2026/6/2,23:24:39,337.9
2026/6/3,00:36:01,207.6
2026/6/3,00:37:25,217.8
2026/6/3,00:38:50,228.7
2026/6/3,00:40:14,238.0
2026/6/3,00:41:38,247.6
2026/6/3,00:43:02,258.7
2026/6/3,01:37:18,108.6
2026/6/3,01:37:51,118.5
2026/6/3,01:40:58,128.5
2026/6/3,01:41:48,138.5
2026/6/3,04:14:10,98.7
2026/6/3,04:15:09,108.6
2026/6/3,04:16:39,118.5
2026/6/3,04:17:57,128.5
2026/6/3,04:19:16,138.5
2026/6/3,04:20:34,148.3
2026/6/3,04:21:55,158.1
2026/6/3,04:23:22,167.9
2026/6/3,04:24:46,178.4
2026/6/3,04:26:10,188.7
2026/6/3,04:27:34,198.4
2026/6/3,04:28:30,207.6
2026/6/3,04:29:48,217.8
2026/6/3,04:31:06,228.7
2026/6/3,04:32:26,238.0
2026/6/3,04:33:44,247.7
2026/6/3,04:35:04,258.6
2026/6/3,04:36:22,267.7
2026/6/3,04:37:42,277.5
2026/6/3,04:39:11,288.2
2026/6/3,04:40:39,297.2
2026/6/3,04:42:04,308.1
2026/6/3,04:43:34,317.7
2026/6/3,04:44:53,328.0
2026/6/3,04:46:12,338.1
2026/6/3,05:51:28,98.7
2026/6/3,05:52:48,108.6
2026/6/3,05:54:08,118.5
2026/6/3,05:55:27,128.5
2026/6/3,05:56:45,138.5
2026/6/3,05:58:09,148.3
2026/6/3,05:59:33,158.1
2026/6/3,06:00:58,167.9
2026/6/3,06:02:21,178.4
2026/6/3,06:03:45,188.7
2026/6/3,06:05:10,198.4
2026/6/3,06:06:33,207.6
2026/6/3,06:07:54,217.8
2026/6/3,06:09:18,228.5
2026/6/3,06:10:42,238.1
2026/6/3,06:12:06,247.7
2026/6/3,06:13:30,258.6
2026/6/3,06:14:54,267.8
2026/6/3,06:16:18,277.5
2026/6/3,06:17:41,288.3
2026/6/3,06:19:06,297.3
2026/6/3,06:20:29,308.2
2026/6/3,06:21:53,317.7
2026/6/3,06:23:17,327.9
2026/6/3,06:24:41,338.0
2026/6/3,06:44:16,228.6
2026/6/3,06:44:35,247.8
2026/6/3,06:48:41,258.7
2026/6/3,06:49:33,267.8
2026/6/3,07:25:17,228.6
2026/6/3,07:25:43,247.8
2026/6/3,07:26:26,258.6
2026/6/3,07:27:45,267.8
2026/6/3,11:26:48,188.6
2026/6/3,11:27:06,198.4
2026/6/3,11:30:40,207.6
2026/6/3,11:31:31,217.8
2026/6/3,22:54:48,98.6
2026/6/3,22:56:06,108.6
2026/6/3,22:57:26,118.5
2026/6/3,22:59:42,128.5
2026/6/3,23:01:00,138.5
2026/6/3,23:02:20,148.3
2026/6/3,23:04:35,158.0
2026/6/3,23:05:53,167.9
2026/6/3,23:07:13,178.4
2026/6/3,23:09:36,188.7
2026/6/3,23:11:16,198.4
2026/6/3,23:12:42,207.7
2026/6/3,23:14:43,217.8
2026/6/3,23:16:01,228.7
2026/6/3,23:17:41,238.0
2026/6/3,23:19:36,247.7
2026/6/3,23:20:55,258.6
2026/6/3,23:22:14,267.8
2026/6/3,23:24:30,277.5
2026/6/3,23:25:49,288.3
2026/6/3,23:27:08,297.3
2026/6/3,23:29:24,308.2
2026/6/3,23:30:44,317.6
2026/6/3,23:32:02,328.0
2026/6/3,23:34:25,337.9
2026/6/4,00:54:47,178.4
2026/6/4,00:55:18,188.6
2026/6/4,00:58:42,198.4
2026/6/4,01:00:28,207.6
2026/6/4,13:46:38,98.7
2026/6/4,13:48:01,108.6
2026/6/4,13:49:26,118.5
2026/6/4,13:50:22,128.5
2026/6/5,03:23:53,98.6
2026/6/5,03:24:50,108.6
2026/6/5,03:26:21,118.5
2026/6/5,03:27:38,128.5
2026/6/5,06:55:24,98.7
2026/6/5,22:57:24,118.5
2026/6/5,22:59:41,128.5
2026/6/5,23:03:58,138.4
2026/6/5,23:58:55,118.5
2026/6/5,23:59:53,128.5
2026/6/6,00:02:00,138.5
2026/6/6,04:58:23,98.6
2026/6/6,05:00:41,108.6
2026/6/6,05:04:57,118.5
2026/6/6,09:27:11,98.7
2026/6/6,09:30:12,108.6
2026/6/6,09:31:30,118.5
2026/6/6,09:34:30,128.5
2026/6/6,09:35:55,138.4
2026/6/6,09:39:00,148.3
2026/6/6,09:40:36,158.1
2026/6/6,09:43:14,167.9
2026/6/6,09:44:34,178.4
2026/6/6,09:47:30,188.7
2026/6/6,09:48:50,198.4
2026/6/6,09:51:46,207.6
2026/6/6,09:53:06,217.8
2026/6/6,09:56:02,228.5
2026/6/6,09:57:30,238.1
2026/6/6,10:00:33,247.7
2026/6/6,10:02:07,258.6
2026/6/6,10:04:49,267.7
2026/6/6,10:06:08,277.5
2026/6/6,10:09:05,288.2
2026/6/6,10:10:24,297.3
2026/6/6,10:13:20,308.2
2026/6/6,10:14:40,317.6
2026/6/6,10:17:36,328.0
2026/6/6,10:19:04,338.1
2026/6/6,12:48:00,98.6
2026/6/6,14:03:46,98.6
2026/6/6,14:06:43,108.6
2026/6/6,14:08:01,118.5
2026/6/6,14:10:57,128.5
2026/6/6,14:12:23,138.5
2026/6/6,14:15:31,148.3
2026/6/6,14:17:03,158.0
2026/6/6,14:19:46,167.9
2026/6/6,14:21:03,178.4
2026/6/6,14:23:59,188.7
2026/6/6,14:25:18,198.2
2026/6/6,14:28:14,207.6
2026/6/6,14:29:33,217.8
2026/6/6,14:32:28,228.7
2026/6/6,14:33:56,238.0
2026/6/6,14:37:01,247.7
2026/6/6,14:38:33,258.6
2026/6/6,14:41:16,267.7
2026/6/6,14:42:36,277.5
2026/6/6,14:45:31,288.3
2026/6/6,14:46:51,297.2
2026/6/6,14:49:46,308.1
2026/6/6,14:51:06,317.6
2026/6/6,14:54:00,328.0
2026/6/6,14:55:29,338.2
2026/6/6,16:46:16,98.6
2026/6/6,16:47:49,108.6
2026/6/6,16:50:31,118.5
2026/6/6,16:51:51,128.5
2026/6/6,16:55:14,138.5
2026/6/6,16:56:35,148.3
2026/6/6,17:00:01,158.1
2026/6/6,17:01:20,167.9
2026/6/6,17:04:45,178.4
2026/6/6,17:06:12,188.7
2026/6/6,17:09:43,198.2
2026/6/6,17:11:05,207.7
2026/6/6,17:14:46,217.8
2026/6/6,17:16:08,228.7
2026/6/6,17:19:34,238.0
2026/6/6,17:20:55,247.6
2026/6/6,17:24:19,258.7
2026/6/6,17:25:40,267.7
2026/6/6,17:29:04,277.6
2026/6/6,17:30:33,288.2
2026/6/6,17:34:06,297.2
2026/6/6,17:35:27,308.1
2026/6/6,17:38:52,317.7
2026/6/6,17:40:14,328.0
2026/6/6,17:43:37,338.2
2026/6/6,20:03:59,98.6
2026/6/6,20:06:58,108.6
2026/6/6,20:08:16,118.5
2026/6/6,20:11:11,128.5
2026/6/6,20:12:38,138.4
2026/6/6,20:15:39,148.3
2026/6/6,20:17:17,158.0
2026/6/6,20:19:51,167.9
2026/6/6,20:21:09,178.4
2026/6/6,20:24:02,188.7
2026/6/6,20:25:21,198.1
2026/6/6,20:28:14,207.6
2026/6/6,20:29:34,217.8
2026/6/6,20:32:27,228.7
2026/6/6,20:33:52,238.0
2026/6/6,20:36:55,247.7
2026/6/6,20:38:31,258.6
2026/6/6,20:41:08,267.8
2026/6/6,20:42:28,277.5
2026/6/6,20:45:20,288.3
2026/6/6,20:46:40,297.2
2026/6/6,20:49:33,308.1
2026/6/6,20:50:53,317.6
2026/6/6,20:53:45,328.0
2026/6/6,20:55:14,338.0
2026/6/6,22:37:41,98.7
2026/6/6,22:38:58,108.6
2026/6/6,22:41:57,118.5
2026/6/6,22:43:20,128.5
2026/6/6,22:47:06,138.4
2026/6/6,22:48:24,148.3
2026/6/6,22:52:01,158.0
2026/6/6,22:53:34,167.9
2026/6/6,22:56:54,178.4
2026/6/6,22:58:28,188.7
2026/6/6,23:01:51,198.2
2026/6/6,23:03:25,207.4
2026/6/6,23:06:46,217.8
2026/6/6,23:08:20,228.7
2026/6/6,23:11:54,238.0
2026/6/6,23:13:12,247.7
2026/6/6,23:16:48,258.6
2026/6/6,23:18:24,267.7
2026/6/6,23:21:43,277.6
2026/6/6,23:23:18,288.2
2026/6/6,23:26:37,297.2
2026/6/6,23:28:13,308.1
2026/6/6,23:31:32,317.7
2026/6/6,23:33:07,328.0
2026/6/6,23:36:42,338.2
2026/6/7,01:40:49,98.6
2026/6/7,01:44:24,108.6
2026/6/7,01:46:02,118.5
2026/6/7,01:49:22,128.5
2026/6/7,01:50:56,138.4
2026/6/7,01:54:20,148.3
2026/6/7,01:55:53,158.0
2026/6/7,01:59:19,167.9
2026/6/7,02:00:48,178.4
2026/6/7,02:04:32,188.6
2026/6/7,02:05:50,198.2
2026/6/7,02:09:31,207.7
2026/6/7,02:11:02,217.8
2026/6/7,02:14:30,228.8
2026/6/7,02:16:01,238.0
2026/6/7,02:19:30,247.6
2026/6/7,02:21:00,258.6
2026/6/7,02:24:29,267.8
2026/6/7,02:26:01,277.6
2026/6/7,02:29:43,288.2
2026/6/7,02:31:01,297.3
2026/6/7,02:34:41,308.2
2026/6/7,02:36:13,317.7
2026/6/7,02:39:40,328.0
2026/6/7,02:41:11,337.9
2026/6/7,03:48:10,98.6
2026/6/7,03:51:11,108.6
2026/6/7,03:52:29,118.5
2026/6/7,03:56:03,128.5
2026/6/7,03:57:28,138.5
2026/6/7,04:01:11,148.3
2026/6/7,04:02:53,158.1
2026/6/7,04:06:04,167.9
2026/6/7,04:07:39,178.4
2026/6/7,04:10:54,188.7
2026/6/7,04:12:32,198.1
2026/6/7,04:15:47,207.7
2026/6/7,04:17:23,217.8
2026/6/7,04:20:38,228.8
2026/6/7,04:22:17,238.0
2026/6/7,04:25:47,247.7
2026/6/7,04:27:06,258.6
2026/6/7,04:30:37,267.8
2026/6/7,04:32:17,277.6
2026/6/7,04:35:30,288.3
2026/6/7,04:37:07,297.3
2026/6/7,04:40:20,308.2
2026/6/7,04:42:00,317.7
2026/6/7,04:45:13,328.0
2026/6/7,04:46:50,337.9
2026/6/7,06:02:31,98.6
2026/6/7,06:05:59,108.6
2026/6/7,06:07:19,118.5
2026/6/7,06:10:37,128.5
2026/6/7,06:11:55,138.4
2026/6/7,06:14:54,148.3
2026/6/7,06:16:11,158.1
2026/6/7,06:19:11,167.8
2026/6/7,06:20:29,178.4
2026/6/7,06:23:26,188.7
2026/6/7,06:24:54,198.2
2026/6/7,06:28:00,207.6
2026/6/7,06:29:31,217.8
2026/6/7,06:32:17,228.7
2026/6/7,06:33:37,238.1
2026/6/7,06:36:34,247.6
2026/6/7,06:37:54,258.6
2026/6/7,06:40:50,267.8
2026/6/7,06:42:10,277.6
2026/6/7,06:45:07,288.3
2026/6/7,06:46:33,297.2
2026/6/7,06:49:38,308.2
2026/6/7,06:51:11,317.7
2026/6/7,06:53:55,328.0
2026/6/7,06:55:15,338.1
2026/6/7,08:52:46,98.7
2026/6/7,08:54:04,108.6
2026/6/7,08:56:59,118.5
2026/6/7,08:58:17,128.5
2026/6/7,09:01:13,138.5
2026/6/7,09:02:38,148.3
2026/6/7,09:05:45,158.1
2026/6/7,09:07:16,167.9
2026/6/7,09:09:58,178.4
2026/6/7,09:11:17,188.6
2026/6/7,09:14:12,198.1
2026/6/7,09:15:32,207.6
2026/6/7,09:18:27,217.8
2026/6/7,09:19:46,228.5
2026/6/7,09:22:41,238.0
2026/6/7,09:24:09,247.7
2026/6/7,09:27:13,258.6
2026/6/7,09:28:46,267.8
2026/6/7,09:31:28,277.6
2026/6/7,09:32:48,288.3
2026/6/7,09:35:42,297.3
2026/6/7,09:37:02,308.1
2026/6/7,09:39:57,317.7
2026/6/7,09:41:18,328.0
2026/6/7,09:44:12,338.2
2026/6/7,12:06:34,98.6
2026/6/7,12:06:52,108.6
2026/6/7,12:10:46,118.5
2026/6/7,12:11:39,128.5
2026/6/7,12:12:32,138.4
2026/6/7,12:15:01,148.3
2026/6/7,13:12:57,98.6
2026/6/7,13:14:16,108.6
2026/6/7,13:16:34,118.5
2026/6/9,05:50:00,98.6
2026/6/9,05:51:20,108.6
2026/6/9,05:53:37,118.5
2026/6/10,10:18:29,98.6
2026/6/10,10:19:47,108.6
2026/6/11,04:12:53,98.6
2026/6/11,04:14:11,108.6
2026/6/11,04:17:16,118.5
2026/6/11,04:18:34,128.5
2026/6/12,22:43:10,98.6
2026/6/12,22:44:13,108.6
2026/6/12,22:45:39,118.5
2026/6/12,22:45:57,128.5
2026/6/12,22:46:19,138.4
2026/6/13,07:08:24,178.4
2026/6/13,07:08:42,188.7
2026/6/13,07:11:59,198.1
2026/6/13,07:12:52,207.6
2026/6/13,09:59:54,98.7
2026/6/13,10:00:12,108.6
2026/6/13,10:01:11,118.5
2026/6/13,15:09:14,98.6
2026/6/13,15:10:32,108.6
2026/6/13,15:13:58,118.5
2026/6/14,08:02:33,98.6
2026/6/14,08:04:03,108.6
2026/6/14,08:05:29,118.5
2026/6/14,08:07:39,128.5
2026/6/14,08:09:10,138.4
2026/6/14,08:10:38,148.3
2026/6/14,08:13:09,158.1
2026/6/14,08:14:29,167.9
2026/6/14,08:15:51,178.4
2026/6/14,08:18:13,188.7
2026/6/14,08:19:47,198.1
2026/6/14,08:21:12,207.6
2026/6/14,08:23:19,217.8
2026/6/14,08:24:53,228.7
2026/6/14,08:26:19,238.0
2026/6/14,08:28:26,247.6
2026/6/14,08:29:58,258.6
2026/6/14,08:31:24,267.8
2026/6/14,08:33:33,277.5
2026/6/14,08:35:06,288.2
2026/6/14,08:36:33,297.2
2026/6/14,08:39:05,308.1
2026/6/14,08:40:25,317.7
2026/6/14,08:41:47,328.0
2026/6/14,08:44:12,338.1
2026/6/14,12:06:26,98.6
2026/6/14,12:07:57,108.6
2026/6/14,12:09:23,118.5
2026/6/14,12:11:32,128.5
2026/6/14,12:13:04,138.4
2026/6/14,12:14:29,148.3
2026/6/14,12:17:02,158.0
2026/6/14,12:18:21,167.9
2026/6/14,12:19:40,178.4
2026/6/14,12:22:07,188.7
2026/6/14,12:23:37,198.1
2026/6/14,12:25:02,207.7
2026/6/14,12:27:08,217.9
2026/6/14,12:28:42,228.7
2026/6/14,12:30:08,238.0
2026/6/14,12:32:13,247.6
2026/6/14,12:33:45,258.6
2026/6/14,12:35:11,267.8
2026/6/14,12:37:18,277.5
2026/6/14,12:38:50,288.3
2026/6/14,12:40:16,297.3
2026/6/14,12:42:46,308.1
2026/6/14,12:44:05,317.7
2026/6/14,12:45:24,328.0
2026/6/14,12:47:51,338.2
2026/6/14,13:45:55,98.6
2026/6/14,13:47:40,108.6
2026/6/14,13:49:25,118.5
2026/6/14,13:50:59,128.5
2026/6/14,13:52:25,138.5
2026/6/14,13:54:32,148.3
2026/6/14,13:56:02,158.1
2026/6/14,13:57:28,167.8
2026/6/14,14:00:04,178.4
2026/6/14,14:01:23,188.6
2026/6/14,14:02:41,198.4
2026/6/14,14:05:11,207.7
2026/6/14,14:06:39,217.8
2026/6/14,14:08:05,228.7
2026/6/14,14:10:19,238.0
2026/6/14,14:11:47,247.6
2026/6/14,14:13:13,258.6
2026/6/14,14:15:25,267.7
2026/6/14,14:16:55,277.5
2026/6/14,14:18:21,288.3
2026/6/14,14:20:32,297.2
2026/6/14,14:22:02,308.2
2026/6/14,14:23:28,317.6
2026/6/14,14:26:02,327.9
2026/6/14,14:27:21,337.9
2026/6/14,19:00:22,98.6
2026/6/14,19:45:06,98.6
2026/6/14,19:47:24,228.5
2026/6/14,21:00:13,98.6
2026/6/14,21:02:31,108.6
2026/6/14,21:03:49,118.5
2026/6/14,21:05:08,128.5
2026/6/14,21:07:26,138.4
2026/6/14,21:08:44,148.3
2026/6/14,21:10:03,158.0
2026/6/14,21:12:20,167.9
2026/6/14,21:14:05,178.4
2026/6/14,21:15:28,188.6
2026/6/14,21:17:40,198.3
2026/6/14,21:18:58,207.7
2026/6/14,21:20:26,217.8
2026/6/14,21:22:35,228.7
2026/6/14,21:23:55,238.0
2026/6/14,21:25:12,247.7
2026/6/14,21:27:30,258.6
2026/6/14,21:28:50,267.8
2026/6/14,21:30:08,277.5
2026/6/14,21:32:25,288.2
2026/6/14,21:33:45,297.2
2026/6/14,21:35:03,308.2
2026/6/14,21:37:20,317.7
2026/6/14,21:39:04,328.0
2026/6/14,21:40:30,338.1
2026/6/14,23:06:38,98.6
2026/6/14,23:08:50,108.6
2026/6/14,23:10:21,118.5
2026/6/14,23:11:46,128.5
2026/6/15,00:38:16,98.6
2026/6/15,00:40:52,108.6
2026/6/15,00:42:11,118.5
2026/6/15,00:43:30,128.5
2026/6/15,00:46:00,138.4
2026/6/15,00:47:30,148.3
2026/6/15,00:48:56,158.1
2026/6/15,00:51:06,167.9
2026/6/15,00:52:38,178.4
2026/6/15,00:54:42,188.6
2026/6/15,00:56:11,198.3
2026/6/15,00:57:41,207.6
2026/6/15,00:59:07,217.8
2026/6/15,01:01:18,228.6
2026/6/15,01:02:48,238.0
2026/6/15,01:04:13,247.6
2026/6/15,01:06:50,258.6
2026/6/15,01:08:09,267.8
2026/6/15,01:09:27,277.5
2026/6/15,01:11:58,288.2
2026/6/15,01:13:27,297.2
2026/6/15,01:14:52,308.1
2026/6/15,01:17:04,317.6
2026/6/15,01:18:34,328.0
2026/6/15,01:20:00,337.9
2026/6/15,02:45:20,98.6
2026/6/15,02:46:46,108.6
2026/6/15,02:49:01,118.5
2026/6/15,02:50:30,128.5
2026/6/15,02:51:55,138.4
2026/6/15,02:54:18,148.3
2026/6/15,02:55:37,158.0
2026/6/15,02:57:07,167.9
2026/6/15,02:59:13,178.4
2026/6/15,03:00:54,188.7
2026/6/15,03:01:51,198.2
2026/6/15,03:04:07,207.7
2026/6/15,03:05:27,217.8
2026/6/15,03:06:44,228.5
2026/6/15,03:09:02,238.0
2026/6/15,03:10:22,247.7
2026/6/15,03:11:39,258.6
2026/6/15,03:13:56,267.7
2026/6/15,03:15:41,277.5
2026/6/15,03:17:07,288.3
2026/6/15,03:19:12,297.2
2026/6/15,03:20:30,308.2
2026/6/15,03:22:03,317.7
2026/6/15,03:24:06,328.0
2026/6/15,03:25:26,338.0
2026/6/15,04:50:06,98.7
2026/6/15,04:51:25,108.6
2026/6/15,04:53:42,118.5
2026/6/15,04:55:28,128.5
2026/6/15,04:56:53,138.4
2026/6/15,04:59:14,148.3
2026/6/15,05:00:33,158.0
2026/6/15,05:01:51,167.9
2026/6/15,05:04:23,178.4
2026/6/15,05:05:50,188.6
2026/6/15,05:07:15,198.4
2026/6/15,05:09:32,207.4
2026/6/15,05:10:58,217.8
2026/6/15,05:12:23,228.7
2026/6/15,05:14:42,238.0
2026/6/15,05:16:09,247.6
2026/6/15,05:17:34,258.6
2026/6/15,05:19:52,267.8
2026/6/15,05:21:19,277.5
2026/6/15,05:22:46,288.2
2026/6/15,05:25:24,297.2
2026/6/15,05:26:43,308.1
2026/6/15,05:28:01,317.7
2026/6/15,05:30:34,328.0
2026/6/15,05:32:01,338.2
2026/6/15,15:26:26,138.4
2026/6/15,15:26:44,148.3
2026/6/15,15:30:33,158.0
2026/6/15,15:31:24,207.6
2026/6/15,17:46:44,98.6
2026/6/15,17:48:03,108.6
2026/6/15,17:49:22,118.5
2026/6/15,17:51:40,128.5
2026/6/15,17:53:24,138.4
2026/6/15,17:54:50,148.3
2026/6/15,17:56:58,158.1
2026/6/15,17:58:17,167.8
2026/6/15,17:59:46,178.4
2026/6/15,18:01:52,188.7
2026/6/15,18:03:11,198.1
2026/6/15,18:04:29,207.7
2026/6/15,18:06:47,217.8
2026/6/15,18:08:07,228.5
2026/6/15,18:09:24,238.0
2026/6/15,18:11:42,247.7
2026/6/15,18:13:01,258.6
2026/6/15,18:14:19,267.8
2026/6/15,18:16:36,277.5
2026/6/15,18:18:21,288.3
2026/6/15,18:19:46,297.2
2026/6/15,18:21:53,308.1
2026/6/15,18:23:12,317.6
2026/6/15,18:24:43,328.0
2026/6/15,18:26:48,338.3
2026/6/15,19:29:53,98.6
2026/6/15,19:32:22,108.6
2026/6/15,19:33:39,118.5
2026/6/15,19:34:58,128.5
2026/6/15,19:37:15,138.4
2026/6/15,19:38:34,148.3
2026/6/15,19:39:52,158.0
2026/6/15,19:42:10,167.9
2026/6/15,19:43:29,178.4
2026/6/15,19:44:48,188.7
2026/6/15,19:47:05,198.1
2026/6/15,19:48:25,207.6
2026/6/15,19:49:43,217.9
2026/6/15,19:52:00,228.7
2026/6/15,19:53:48,238.0
2026/6/15,19:55:13,247.6
2026/6/15,19:57:17,258.6
2026/6/15,19:58:36,267.8
2026/6/15,20:00:10,277.5
2026/6/15,20:02:12,288.2
2026/6/15,20:03:32,297.2
2026/6/15,20:04:49,308.1
2026/6/15,20:07:07,317.6
2026/6/15,20:08:27,328.0
2026/6/15,20:09:45,338.0
2026/6/15,21:35:07,98.6
2026/6/15,21:37:13,108.6
2026/6/15,21:38:31,118.5
2026/6/15,21:40:04,128.5
2026/6/15,21:42:07,138.4
2026/6/15,21:43:50,148.3
2026/6/15,21:44:45,158.0
2026/6/15,21:47:03,167.9
2026/6/15,21:48:21,178.4
2026/6/15,21:49:40,188.7
2026/6/15,21:51:57,198.4
2026/6/15,21:53:16,207.6
2026/6/15,21:54:34,217.8
2026/6/15,21:56:51,228.7
2026/6/15,21:58:35,238.0
2026/6/15,22:00:00,247.6
2026/6/15,22:02:11,258.6
2026/6/15,22:03:29,267.8
2026/6/15,22:04:58,277.5
2026/6/15,22:07:06,288.1
2026/6/15,22:08:26,297.2
2026/6/15,22:09:43,308.1
2026/6/15,22:12:00,317.6
2026/6/15,22:13:20,328.0
2026/6/15,22:14:38,338.3
2026/6/15,22:38:17,98.6
2026/6/15,22:40:45,108.6
2026/6/15,22:42:03,118.5
2026/6/15,22:43:22,128.5
2026/6/15,22:45:39,138.4
2026/6/15,22:46:58,148.3
2026/6/15,22:48:17,158.0
2026/6/15,22:50:34,167.9
2026/6/15,22:51:53,178.4
2026/6/15,22:53:12,188.7
2026/6/15,22:55:28,198.3
2026/6/15,22:56:49,207.6
2026/6/15,22:58:06,217.8
2026/6/15,23:00:24,228.7
2026/6/15,23:02:11,238.0
2026/6/15,23:03:36,247.7
2026/6/15,23:05:40,258.6
2026/6/15,23:06:59,267.7
2026/6/15,23:08:33,277.5
2026/6/15,23:10:35,288.2
2026/6/15,23:11:55,297.2
2026/6/15,23:13:13,308.1
2026/6/15,23:15:30,317.6
2026/6/15,23:16:50,328.0
2026/6/15,23:18:07,338.3
2026/6/16,00:43:26,118.5
2026/6/16,00:45:32,128.5
2026/6/16,02:10:28,98.6
2026/6/16,02:11:47,108.6
2026/6/16,03:13:58,98.6
2026/6/16,03:15:20,108.6
2026/6/16,03:17:00,118.5
2026/6/16,03:18:59,128.5
2026/6/16,03:20:25,138.4
2026/6/16,03:22:02,148.3
2026/6/16,03:24:29,158.1
2026/6/16,03:25:49,168.0
2026/6/16,03:27:09,178.4
2026/6/16,03:29:39,188.7
2026/6/16,03:31:06,198.4
2026/6/16,03:32:31,207.7
2026/6/16,03:34:46,217.7
2026/6/16,03:36:16,228.7
2026/6/16,03:37:41,238.0
2026/6/16,03:39:55,247.7
2026/6/16,03:41:24,258.6
2026/6/16,03:42:50,267.8
2026/6/16,03:45:04,277.5
2026/6/16,03:46:33,288.2
2026/6/16,03:47:59,297.2
2026/6/16,03:50:35,308.1
2026/6/16,03:51:55,317.6
2026/6/16,03:53:15,328.0
2026/6/16,03:55:46,338.1
2026/6/16,05:20:45,98.7
2026/6/16,05:22:04,108.6
2026/6/16,05:23:23,118.5
2026/6/16,05:25:40,128.5
2026/6/16,05:27:24,138.4
2026/6/16,05:28:49,148.3
2026/6/16,05:30:56,158.0
2026/6/16,05:32:15,167.9
2026/6/16,05:33:45,178.4
2026/6/16,05:35:51,188.7
2026/6/16,05:37:09,198.1
2026/6/16,05:38:27,207.7
2026/6/16,05:40:44,217.8
2026/6/16,05:42:04,228.6
2026/6/16,05:43:22,238.0
2026/6/16,05:45:39,247.7
2026/6/16,05:46:59,258.6
2026/6/16,05:48:17,267.8
2026/6/16,05:50:34,277.6
2026/6/16,05:52:19,288.3
2026/6/16,05:53:44,297.2
2026/6/16,05:55:55,308.1
2026/6/16,05:57:13,317.6
2026/6/16,05:58:41,328.0
2026/6/16,06:00:50,338.0
2026/6/16,10:33:35,98.6
2026/6/16,10:34:55,108.6
2026/6/16,10:36:28,118.5
2026/6/16,10:39:23,128.5
2026/6/16,10:40:49,138.4
2026/6/16,10:42:16,148.3
2026/6/16,10:44:57,158.0
2026/6/16,10:46:16,167.9
2026/6/16,10:47:35,178.4
2026/6/16,10:50:07,188.6
2026/6/16,10:51:33,198.1
2026/6/16,10:52:58,207.5
2026/6/16,10:55:19,217.8
2026/6/16,10:56:44,228.7
2026/6/16,10:58:09,238.0
2026/6/16,11:00:30,247.6
2026/6/16,11:01:56,258.6
2026/6/16,11:03:21,267.8
2026/6/16,11:05:42,277.5
2026/6/16,11:07:08,288.2
2026/6/16,11:08:35,297.2
2026/6/16,11:11:14,308.1
2026/6/16,11:12:33,317.6
2026/6/16,11:13:52,328.0
2026/6/16,11:16:26,338.3
2026/6/16,12:46:06,98.6
2026/6/16,12:47:32,108.6
2026/6/16,12:48:58,118.5
2026/6/16,12:51:18,128.5
2026/6/16,12:52:47,138.4
2026/6/16,12:54:16,148.3
2026/6/16,12:56:53,158.0
2026/6/16,12:58:13,167.8
2026/6/16,12:59:33,178.4
2026/6/16,13:02:00,188.6
2026/6/16,13:03:29,198.4
2026/6/16,13:04:54,207.4
2026/6/16,13:07:09,217.8
2026/6/16,13:08:38,228.7
2026/6/16,13:10:03,238.0
2026/6/16,13:12:18,247.6
2026/6/16,13:13:47,258.6
2026/6/16,13:15:13,267.8
2026/6/16,13:17:28,277.5
2026/6/16,13:18:55,288.2
2026/6/16,13:20:24,297.2
2026/6/16,13:22:59,308.1
2026/6/16,13:24:19,317.7
2026/6/16,13:25:39,328.0
2026/6/16,13:28:09,338.0
2026/6/16,14:55:01,98.6
2026/6/16,14:56:31,108.6
2026/6/16,14:57:56,118.5
2026/6/16,15:00:11,128.5
2026/6/16,15:01:40,138.4
2026/6/16,15:03:05,148.3
2026/6/16,15:05:42,158.0
2026/6/16,15:07:01,167.9
2026/6/16,15:08:19,178.4
2026/6/16,15:10:49,188.6
2026/6/16,15:12:17,198.1
2026/6/16,15:13:43,207.6
2026/6/16,15:15:59,217.8
2026/6/16,15:17:26,228.7
2026/6/16,15:18:52,238.0
2026/6/16,15:21:09,247.6
2026/6/16,15:22:36,258.6
2026/6/16,15:24:01,267.7
2026/6/16,15:26:20,277.5
2026/6/16,15:27:47,288.3
2026/6/16,15:29:12,297.2
2026/6/16,15:31:51,308.1
2026/6/16,15:33:10,317.6
2026/6/16,15:34:28,328.0
2026/6/16,15:37:03,338.0
2026/6/16,17:01:13,98.6
2026/6/16,17:02:42,108.6
2026/6/16,17:04:07,138.4
2026/6/16,17:06:22,148.3
2026/6/16,17:07:51,158.1
2026/6/16,17:09:17,178.4
2026/6/16,17:11:54,217.8
2026/6/16,17:13:14,238.1
2026/6/16,17:14:33,247.6
2026/6/16,17:17:04,277.5
2026/6/16,17:18:31,297.2
2026/6/16,17:19:56,308.1
2026/6/16,17:22:11,317.7
2026/6/16,18:48:51,98.7
2026/6/16,18:50:21,108.6
2026/6/16,18:51:47,118.5
2026/6/16,18:54:20,128.5
2026/6/16,18:55:39,138.4
2026/6/16,18:56:58,148.3
2026/6/16,18:59:27,158.0
2026/6/16,19:00:58,167.9
2026/6/16,19:02:23,178.4
2026/6/16,19:04:33,188.7
2026/6/16,19:06:03,198.4
2026/6/16,19:07:29,207.6
2026/6/16,19:09:40,217.8
2026/6/16,19:11:11,228.7
2026/6/16,19:12:36,237.9
2026/6/16,19:14:49,247.7
2026/6/16,19:16:18,258.6
2026/6/16,19:17:44,267.7
2026/6/16,19:20:15,277.5
2026/6/16,19:21:35,288.2
2026/6/16,19:22:55,297.2
2026/6/16,19:25:25,308.1
2026/6/16,19:26:53,317.6
2026/6/16,19:28:19,328.0
2026/6/16,19:30:33,337.9
2026/6/16,19:46:55,138.4
2026/6/16,19:47:13,148.3
2026/6/16,19:51:36,158.0
2026/6/16,19:52:23,167.9
2026/6/16,21:20:03,98.7
2026/6/16,21:21:22,108.6
2026/6/16,21:23:39,118.5
2026/6/16,21:24:58,128.5
2026/6/16,21:26:17,138.4
2026/6/16,21:28:35,148.3
2026/6/16,21:29:54,158.0
2026/6/16,21:31:13,167.9
2026/6/16,21:33:30,178.4
2026/6/16,21:35:11,188.6
2026/6/16,21:36:36,198.3
2026/6/16,21:38:45,207.7
2026/6/16,21:40:04,217.8
2026/6/16,21:41:33,228.7
2026/6/16,21:43:40,238.0
2026/6/16,21:45:00,247.7
2026/6/16,21:46:20,258.6
2026/6/16,21:48:35,267.7
2026/6/16,21:49:55,277.5
2026/6/16,21:51:13,288.3
2026/6/16,21:53:31,297.2
2026/6/16,21:54:51,308.1
2026/6/16,21:56:08,317.6
2026/6/16,21:58:26,327.9
2026/6/16,22:00:10,338.0
2026/6/16,23:31:42,98.6
2026/6/16,23:34:15,108.6
2026/6/16,23:35:42,118.5
2026/6/16,23:37:07,128.5
2026/6/16,23:39:21,138.4
2026/6/16,23:40:53,148.3
2026/6/16,23:42:18,158.1
2026/6/16,23:44:29,167.9
2026/6/16,23:46:01,178.4
2026/6/16,23:47:24,188.6
2026/6/16,23:49:35,198.3
2026/6/16,23:51:26,207.6
2026/6/16,23:52:32,217.9
2026/6/16,23:55:07,228.8
2026/6/16,23:56:26,237.9
2026/6/16,23:57:47,247.7
2026/6/17,00:00:15,258.6
2026/6/17,00:01:44,267.8
2026/6/17,00:03:10,277.5
2026/6/17,00:05:22,288.3
2026/6/17,00:06:53,297.3
2026/6/17,00:08:18,308.1
2026/6/17,00:10:29,317.6
2026/6/17,00:12:00,327.9
2026/6/17,00:13:26,337.9
2026/6/17,01:42:25,98.6
2026/6/17,01:44:55,108.6
2026/6/17,01:46:24,118.5
2026/6/17,01:47:49,128.5
2026/6/17,01:50:06,138.4
2026/6/17,01:51:34,148.3
2026/6/17,01:52:59,158.0
2026/6/17,01:55:17,167.9
2026/6/17,01:56:45,178.4
2026/6/17,01:58:29,188.7
2026/6/17,02:00:28,198.2
2026/6/17,02:01:55,207.6
2026/6/17,02:03:21,217.8
2026/6/17,02:06:00,228.7
2026/6/17,02:07:19,238.0
2026/6/17,02:08:39,247.6
2026/6/17,02:11:11,258.6
2026/6/17,02:12:37,267.7
2026/6/17,02:14:03,277.5
2026/6/17,02:16:23,288.3
2026/6/17,02:17:49,297.2
2026/6/17,02:19:14,308.1
2026/6/17,02:21:34,317.6
2026/6/17,02:23:00,328.0
2026/6/17,02:24:25,338.2
2026/6/17,06:30:16,98.6
2026/6/17,06:32:44,108.6
2026/6/17,06:34:02,118.5
2026/6/17,06:35:20,128.5
2026/6/17,06:37:53,138.4
2026/6/17,06:39:24,148.3
2026/6/17,06:40:50,158.0
2026/6/17,06:43:06,167.9
2026/6/17,06:44:31,178.4
2026/6/17,06:45:54,188.6
2026/6/17,06:48:13,198.4
2026/6/17,06:49:41,207.6
2026/6/17,06:51:07,217.8
2026/6/17,06:53:26,228.7
2026/6/17,06:54:52,238.0
2026/6/17,06:56:21,247.6
2026/6/17,06:59:02,258.6
2026/6/17,07:00:20,267.8
2026/6/17,07:01:39,277.5
2026/6/17,07:04:11,288.3
2026/6/17,07:05:38,297.2
2026/6/17,07:07:04,308.1
2026/6/17,07:09:21,317.6
2026/6/17,07:10:48,328.0
2026/6/17,07:12:14,337.9
2026/6/17,09:29:17,98.6
2026/6/17,09:30:36,108.6
2026/6/17,09:32:07,118.5
2026/6/17,09:35:01,128.5
2026/6/17,09:36:25,138.4
2026/6/17,09:37:52,148.3
2026/6/17,09:40:34,158.0
2026/6/17,09:41:53,168.0
2026/6/17,09:43:12,178.4
2026/6/17,09:45:43,188.6
2026/6/17,09:47:09,198.4
2026/6/17,09:48:35,207.6
2026/6/17,09:50:54,217.8
2026/6/17,09:52:20,228.7
2026/6/17,09:53:45,238.0
2026/6/17,09:56:08,247.6
2026/6/17,09:57:31,258.6
2026/6/17,09:58:56,267.7
2026/6/17,10:01:22,277.5
2026/6/17,10:02:49,288.2
2026/6/17,10:04:16,297.3
2026/6/17,10:06:57,308.1
2026/6/17,10:08:15,317.6
2026/6/17,10:09:34,327.9
2026/6/17,10:12:09,338.3
2026/6/17,15:27:11,98.6
2026/6/17,15:28:37,108.6
2026/6/17,15:30:02,118.5
2026/6/17,15:32:22,128.5
2026/6/17,15:33:49,138.4
2026/6/17,15:35:16,148.3
2026/6/17,15:37:54,158.1
2026/6/17,15:39:12,167.9
2026/6/17,17:30:42,98.6
2026/6/17,17:32:07,108.6
2026/6/17,17:34:26,118.5
2026/6/17,17:35:53,128.5
2026/6/17,17:37:19,138.4
2026/6/17,17:39:51,148.3
2026/6/17,17:41:10,158.0
2026/6/17,17:42:33,167.9
2026/6/17,17:44:55,178.4
2026/6/17,17:46:27,188.6
2026/6/17,17:47:52,198.4
2026/6/17,17:49:58,207.4
2026/6/17,17:51:30,217.8
2026/6/17,17:52:56,228.6
2026/6/17,17:55:01,238.0
2026/6/17,17:56:34,247.6
2026/6/17,17:58:00,258.6
2026/6/17,18:00:05,267.8
2026/6/17,18:01:38,277.5
2026/6/17,18:03:04,288.2
2026/6/17,18:05:32,297.3
2026/6/17,18:06:51,308.1
2026/6/17,18:08:11,317.7
2026/6/17,18:10:36,327.9
2026/6/17,18:12:09,338.0
2026/6/17,23:14:58,138.4
2026/6/17,23:15:16,148.3
2026/6/17,23:19:12,158.0
2026/6/17,23:20:05,167.9
2026/6/18,03:55:28,158.0
2026/6/18,06:06:19,217.7
2026/6/18,06:06:37,228.5
2026/6/18,06:10:11,238.0
2026/6/18,06:11:10,247.7
2026/6/18,08:04:13,98.6
2026/6/18,08:05:31,108.6
2026/6/18,08:06:51,118.5
2026/6/18,08:09:21,128.5
2026/6/18,08:10:55,138.4
2026/6/18,08:12:20,148.3
2026/6/18,08:14:57,158.0
2026/6/18,08:16:15,167.8
2026/6/18,08:17:35,178.4
2026/6/18,08:20:07,188.6
2026/6/18,08:21:32,198.4
2026/6/18,08:22:58,207.4
2026/6/18,08:25:19,217.8
2026/6/18,08:26:44,228.7
2026/6/18,08:28:10,238.0
2026/6/18,08:30:32,247.6
2026/6/18,08:31:56,258.6
2026/6/18,08:33:22,267.7
2026/6/18,08:35:45,277.5
2026/6/18,08:37:12,288.3
2026/6/18,08:38:39,297.2
2026/6/18,08:41:19,308.1
2026/6/18,08:42:37,317.7
2026/6/18,08:43:56,328.0
2026/6/18,08:46:29,337.9
2026/6/18,10:11:33,108.6
2026/6/18,11:10:02,98.6
2026/6/18,11:12:20,108.6
2026/6/18,11:13:39,118.5
2026/6/18,11:14:57,128.5
2026/6/18,11:17:27,138.4
2026/6/18,11:18:57,148.3
2026/6/18,11:20:23,158.0
2026/6/18,11:22:36,167.9
2026/6/18,11:24:04,178.4
2026/6/18,11:25:27,188.7
2026/6/18,11:27:45,198.4
2026/6/18,11:29:12,207.6
2026/6/18,11:30:37,217.8
2026/6/18,11:32:55,228.7
2026/6/18,11:34:21,238.0
2026/6/18,11:35:47,247.7
2026/6/18,11:38:21,258.6
2026/6/18,11:39:40,267.8
2026/6/18,11:40:59,277.5
2026/6/18,11:43:31,288.3
2026/6/18,11:44:58,297.2
2026/6/18,11:46:24,308.1
2026/6/18,11:48:39,317.7
2026/6/18,11:50:08,328.0
2026/6/18,11:51:33,337.9
2026/6/18,13:17:11,98.6
2026/6/18,13:19:17,108.6
2026/6/18,13:20:36,118.5
2026/6/18,13:22:08,128.5
2026/6/18,13:24:12,138.4
2026/6/18,13:25:55,148.3
2026/6/18,13:26:49,158.0
2026/6/18,13:29:06,167.9
2026/6/18,13:30:24,178.4
2026/6/18,13:31:44,188.7
2026/6/18,13:33:59,198.4
2026/6/18,13:35:19,207.6
2026/6/18,13:36:37,217.8
2026/6/18,13:38:54,228.7
2026/6/18,13:40:39,238.0
2026/6/18,13:42:04,247.6
2026/6/18,13:44:11,258.6
2026/6/18,13:45:31,267.7
2026/6/18,13:47:01,277.5
2026/6/18,13:49:07,288.3
2026/6/18,13:50:49,297.2
2026/6/18,13:51:47,308.1
2026/6/18,13:54:03,317.7
2026/6/18,13:55:45,328.0
2026/6/18,13:56:42,338.1
2026/6/18,16:30:28,178.4
2026/6/18,17:32:56,148.3
2026/6/18,17:34:15,188.7
2026/6/18,17:35:34,217.8
2026/6/18,17:37:51,247.6
2026/6/18,20:39:51,98.6
2026/6/18,20:41:09,108.6
2026/6/18,20:42:28,118.5
2026/6/18,20:44:45,128.5
2026/6/18,20:46:33,138.4
2026/6/18,20:47:58,148.3
2026/6/18,20:49:59,158.0
2026/6/18,20:51:18,167.9
2026/6/18,20:52:55,178.4
2026/6/18,20:54:51,188.6
2026/6/18,20:56:12,198.2
2026/6/18,20:57:29,247.6
2026/6/18,20:59:47,267.8
2026/6/18,21:01:07,277.5
2026/6/18,21:02:25,288.2
2026/6/18,21:04:41,297.2
2026/6/18,21:06:01,308.1
2026/6/18,21:07:19,317.6
2026/6/18,21:09:37,328.0
2026/6/18,21:11:21,337.9
2026/6/18,23:37:58,178.4
2026/6/18,23:38:16,188.7
2026/6/18,23:42:12,198.1
2026/6/18,23:43:05,207.6
2026/6/19,01:07:17,98.6
2026/6/19,01:08:35,108.6
2026/6/19,01:10:53,118.5
2026/6/19,01:12:11,128.5
2026/6/19,01:13:31,138.4
2026/6/19,01:15:48,148.3
2026/6/19,01:17:07,158.1
2026/6/19,01:18:26,167.9
2026/6/19,01:20:42,178.4
2026/6/19,01:22:26,188.6
2026/6/19,01:23:51,198.4
2026/6/19,01:26:01,207.6
2026/6/19,01:27:20,217.8
2026/6/19,01:28:48,228.7
2026/6/19,01:30:56,238.0
2026/6/19,01:32:16,247.7
2026/6/19,01:33:33,258.6
2026/6/19,01:35:50,267.8
2026/6/19,01:37:11,277.5
2026/6/19,01:38:29,288.2
2026/6/19,01:40:46,297.2
2026/6/19,01:42:07,308.1
2026/6/19,01:43:24,317.6
2026/6/19,01:45:41,328.0
2026/6/19,01:47:26,338.0
2026/6/20,09:48:30,98.6
2026/6/20,09:51:26,108.6
2026/6/20,09:52:44,118.5
2026/6/20,09:56:08,128.5
2026/6/20,09:57:58,138.4
2026/6/20,10:01:08,148.3
2026/6/20,10:02:26,158.0
2026/6/20,10:05:50,167.9
2026/6/20,10:07:10,178.4
2026/6/20,10:10:36,188.6
2026/6/20,10:11:56,198.0
2026/6/20,10:15:21,207.6
2026/6/20,10:16:41,217.7
2026/6/20,10:20:05,228.7
2026/6/20,10:21:52,238.0
2026/6/20,10:25:04,247.7
2026/6/20,10:26:23,258.6
2026/6/20,10:29:49,267.7
2026/6/20,10:31:09,277.5
2026/6/20,10:34:33,288.2
2026/6/20,10:35:53,297.2
2026/6/20,10:39:17,308.1
2026/6/20,10:40:37,317.6
2026/6/20,10:44:02,328.0
2026/6/20,10:45:48,338.2
2026/6/20,13:47:45,98.6
2026/6/20,13:48:03,108.6
2026/6/20,13:48:27,118.5
2026/6/20,13:50:15,128.5
2026/6/20,18:10:29,98.6
2026/6/20,18:13:51,108.6
2026/6/20,18:15:09,118.5
2026/6/20,18:18:25,128.5
2026/6/20,18:19:51,138.4
2026/6/20,18:22:55,148.2
2026/6/20,18:24:31,158.0
2026/6/20,18:27:07,167.9
2026/6/20,18:28:27,178.4
2026/6/20,18:31:21,188.6
2026/6/20,18:32:41,198.2
2026/6/20,18:35:36,207.6
2026/6/20,18:36:55,217.8
2026/6/20,18:39:49,228.7
2026/6/20,18:41:17,238.0
2026/6/20,18:44:18,247.6
2026/6/20,18:45:54,258.6
2026/6/20,18:48:32,267.8
2026/6/20,18:50:10,277.5
2026/6/20,18:52:46,288.2
2026/6/20,18:54:06,297.2
2026/6/20,18:57:00,308.2
2026/6/20,18:58:20,317.6
2026/6/20,19:01:14,328.0
2026/6/20,19:02:43,338.0
2026/6/20,21:09:24,138.4
2026/6/20,21:12:39,148.3
2026/6/20,21:14:04,158.0
2026/6/20,21:17:05,167.8
2026/6/20,23:11:05,98.6
2026/6/20,23:12:23,108.6
2026/6/20,23:15:27,128.5
2026/6/20,23:16:46,138.4
2026/6/20,23:19:31,148.3
2026/6/20,23:20:49,167.9
2026/6/20,23:23:45,178.4
2026/6/20,23:24:53,188.6
2026/6/20,23:27:37,198.4
2026/6/20,23:29:05,207.6
2026/6/20,23:31:59,217.8
2026/6/20,23:33:18,228.6
2026/6/20,23:36:03,247.6
2026/6/20,23:37:23,267.8
2026/6/20,23:40:07,288.3
2026/6/20,23:41:27,308.1
2026/6/20,23:44:12,317.6
2026/6/20,23:45:32,328.0
2026/6/21,00:55:06,98.6
2026/6/21,00:58:33,108.6
2026/6/21,01:00:23,118.5
2026/6/21,01:03:38,128.5
2026/6/21,01:04:57,138.4
2026/6/21,01:08:29,148.3
2026/6/21,01:10:10,158.0
2026/6/21,01:13:18,167.9
2026/6/21,01:14:58,178.4
2026/6/21,01:18:11,188.6
2026/6/21,01:19:48,198.3
2026/6/21,01:23:02,207.6
2026/6/21,01:24:41,217.8
2026/6/21,01:28:09,228.7
2026/6/21,01:29:28,238.0
2026/6/21,01:33:01,247.7
2026/6/21,01:34:40,258.6
2026/6/21,01:37:53,267.7
2026/6/21,01:39:31,277.5
2026/6/21,01:42:45,288.2
2026/6/21,01:44:23,297.2
2026/6/21,01:47:40,308.1
2026/6/21,01:49:16,317.7
2026/6/21,01:52:46,328.0
2026/6/21,01:54:05,337.9
2026/6/21,05:38:30,158.0
2026/6/21,05:38:48,167.9
2026/6/21,05:42:05,178.4
2026/6/21,05:42:56,188.7
2026/6/21,06:38:04,98.6
2026/6/21,06:39:22,138.4
2026/6/21,06:42:17,158.0
2026/6/21,06:43:36,178.4
2026/6/21,06:46:28,188.7
2026/6/21,06:47:52,198.1
2026/6/21,06:50:50,217.8
2026/6/21,06:52:09,238.0
2026/6/21,06:54:59,247.7
2026/6/21,06:56:19,258.7
2026/6/21,06:59:09,277.5
2026/6/21,07:00:29,288.2
2026/6/21,07:03:20,297.2
2026/6/21,07:04:40,317.7
2026/6/21,07:07:30,338.2
2026/6/21,07:39:09,98.6
2026/6/21,07:42:13,108.6
2026/6/21,07:43:31,118.5
2026/6/21,07:46:46,128.5
2026/6/21,07:48:05,138.4
2026/6/21,07:51:33,148.3
2026/6/21,07:52:59,158.0
2026/6/21,07:56:29,167.9
2026/6/21,07:57:49,178.4
2026/6/21,08:01:15,188.7
2026/6/21,08:02:35,198.1
2026/6/21,08:06:03,207.6
2026/6/21,08:07:23,217.8
2026/6/21,08:10:48,228.7
2026/6/21,08:12:07,238.0
2026/6/21,08:15:49,247.7
2026/6/21,08:17:18,258.6
2026/6/21,08:20:37,267.7
2026/6/21,08:21:55,277.5
2026/6/21,08:25:26,288.2
2026/6/21,08:27:07,297.2
2026/6/21,08:30:12,308.2
2026/6/21,08:31:32,317.6
2026/6/21,08:34:57,327.9
2026/6/21,08:36:17,338.0
2026/6/21,10:38:56,98.6
2026/6/21,10:40:22,108.6
2026/6/21,10:43:50,118.5
2026/6/21,10:45:08,128.5
2026/6/21,10:48:04,138.4
2026/6/21,10:49:22,148.3
2026/6/21,10:52:18,158.1
2026/6/21,10:53:35,167.9
2026/6/21,10:57:07,178.4
2026/6/21,10:57:49,188.7
2026/6/21,11:00:43,198.4
2026/6/21,11:02:09,207.6
2026/6/21,11:05:11,217.8
2026/6/21,11:06:48,228.7
2026/6/21,11:09:24,238.0
2026/6/21,11:10:44,247.7
2026/6/21,11:13:38,258.6
2026/6/21,11:14:58,267.8
2026/6/21,11:17:52,277.5
2026/6/21,11:19:12,288.3
2026/6/21,11:22:06,297.2
2026/6/21,11:23:33,308.1
2026/6/21,11:26:34,317.7
2026/6/21,11:28:10,328.0
2026/6/21,11:30:47,338.2
2026/6/21,12:35:28,98.6
2026/6/21,12:36:46,108.6
2026/6/21,12:39:51,118.5
2026/6/21,12:41:09,128.5
2026/6/21,12:44:02,138.4
2026/6/21,12:45:21,148.3
2026/6/21,12:48:15,167.9
2026/6/21,12:49:41,178.4
2026/6/21,12:52:42,188.6
2026/6/21,12:54:19,198.3
2026/6/21,12:56:55,207.6
2026/6/21,12:58:14,217.8
2026/6/21,13:01:08,228.7
2026/6/21,13:02:27,247.7
2026/6/21,13:05:21,258.6
2026/6/21,13:06:41,267.8
2026/6/21,13:09:33,277.5
2026/6/21,13:11:02,288.3
2026/6/21,13:14:06,317.6
2026/6/21,13:15:38,337.9
2026/6/21,15:12:29,98.6
2026/6/21,15:14:09,108.6
2026/6/21,15:17:20,118.5
2026/6/21,15:19:00,128.5
2026/6/21,15:21:36,138.4
2026/6/21,15:22:54,148.3
2026/6/21,15:25:52,158.0
2026/6/21,15:27:19,167.9
2026/6/21,15:30:21,178.4
2026/6/21,15:31:56,188.6
2026/6/21,15:34:39,198.2
2026/6/21,15:35:59,207.7
2026/6/21,15:38:56,217.8
2026/6/21,15:40:16,228.5
2026/6/21,15:43:12,238.0
2026/6/21,15:44:32,247.7
2026/6/21,15:47:29,258.6
2026/6/21,15:48:55,267.8
2026/6/21,15:52:00,277.6
2026/6/21,15:53:33,288.3
2026/6/21,15:56:17,297.2
2026/6/21,15:57:37,308.1
2026/6/21,16:00:33,317.7
2026/6/21,16:01:53,328.0
2026/6/21,16:04:50,338.0
2026/6/21,20:49:54,98.6
2026/6/21,20:51:12,108.6
2026/6/21,20:54:16,118.5
2026/6/21,20:55:34,128.5
2026/6/21,20:58:38,138.4
2026/6/21,20:59:56,148.3
2026/6/21,21:03:01,158.0
2026/6/21,21:04:27,167.9
2026/6/21,21:07:36,178.4
2026/6/21,21:09:09,188.7
2026/6/21,21:11:58,198.2
2026/6/21,21:13:18,207.6
2026/6/22,01:22:44,98.6
2026/6/22,01:24:14,108.6
2026/6/22,01:27:15,118.5
2026/6/22,01:28:45,128.5
2026/6/22,01:29:57,138.4
2026/6/22,01:32:14,148.3
2026/6/22,01:36:44,158.1
2026/6/22,04:01:48,118.5
2026/6/22,07:39:30,178.4
2026/6/22,07:39:48,188.7
2026/6/22,07:43:30,198.1
2026/6/22,07:44:22,207.6
2026/6/22,10:36:29,98.6
2026/6/22,10:37:48,108.6
2026/6/22,10:40:46,118.5
2026/6/22,10:42:04,128.5
2026/6/22,10:45:03,138.4
2026/6/22,10:46:27,148.2
2026/6/22,10:49:34,158.0
2026/6/22,10:51:06,167.9
2026/6/22,10:53:49,178.4
2026/6/22,10:55:09,188.6
2026/6/22,10:58:07,198.2
2026/6/22,10:59:26,207.6
2026/6/22,11:02:23,217.8
2026/6/22,11:03:43,228.5
2026/6/22,11:06:40,238.0
2026/6/22,11:08:06,247.7
2026/6/22,11:11:13,258.6
2026/6/22,11:12:45,267.8
2026/6/22,11:15:30,277.6
2026/6/22,11:16:50,288.2
2026/6/22,11:19:47,297.2
2026/6/22,11:21:07,308.1
2026/6/22,11:24:03,317.6
2026/6/22,11:25:23,327.9
2026/6/22,11:28:20,338.0
2026/6/22,12:24:27,98.6
2026/6/22,12:25:45,108.6
2026/6/22,12:28:42,118.5
2026/6/22,12:30:00,128.5
2026/6/22,12:33:33,138.4
2026/6/22,12:35:14,148.3
2026/6/22,12:38:42,158.0
2026/6/22,12:39:58,167.9
2026/6/22,12:43:38,178.4
2026/6/22,12:45:10,188.6
2026/6/22,12:48:34,198.3
2026/6/22,12:50:08,207.6
2026/6/22,12:53:29,217.8
2026/6/22,12:55:04,228.8
2026/6/22,12:58:23,238.0
2026/6/22,12:59:58,247.6
2026/6/22,13:03:34,258.6
2026/6/22,13:04:53,267.7
2026/6/22,13:08:29,277.6
2026/6/22,13:10:05,288.2
2026/6/22,13:13:24,297.2
2026/6/22,13:14:59,308.2
2026/6/22,13:18:19,317.7
2026/6/22,13:20:17,327.9
2026/6/22,13:23:16,338.3
2026/6/22,15:22:38,118.5
2026/6/22,15:25:43,128.5
2026/6/22,15:27:01,138.4
2026/6/22,15:30:34,148.3
2026/6/22,17:31:43,98.6
2026/6/22,17:33:01,108.6
2026/6/22,17:35:56,118.5
2026/6/22,17:37:14,128.5
2026/6/22,17:40:09,138.4
2026/6/22,17:41:19,148.3
2026/6/22,17:44:07,158.1
2026/6/22,17:45:31,167.9
2026/6/22,17:48:16,178.4
2026/6/22,17:49:36,188.7
2026/6/22,17:52:30,198.2
2026/6/22,17:53:50,207.6
2026/6/22,17:56:35,228.7
2026/6/22,17:57:55,238.0
2026/6/22,18:00:40,247.7
2026/6/22,18:02:00,258.7
2026/6/22,18:04:45,267.8
2026/6/22,18:06:13,277.5
2026/6/22,18:08:59,288.2
2026/6/22,18:10:18,297.2
2026/6/22,18:13:12,308.1
2026/6/22,18:14:33,317.6
2026/6/22,18:17:17,328.0
2026/6/22,18:18:37,338.1
2026/6/22,20:42:41,98.6
2026/6/22,20:44:08,108.6
2026/6/22,20:45:34,118.5
2026/6/22,20:47:53,128.5
2026/6/22,20:49:18,138.4
2026/6/22,20:50:45,148.3
2026/6/22,20:53:29,158.0
2026/6/22,20:54:48,167.9
2026/6/22,20:56:06,178.4
2026/6/22,20:58:43,188.6
2026/6/22,21:00:04,198.2
2026/6/22,21:01:29,207.6
2026/6/22,21:03:57,217.8
2026/6/22,21:05:19,228.7
2026/6/22,21:06:45,238.0
2026/6/22,21:09:14,247.7
2026/6/22,21:10:36,258.6
2026/6/22,21:12:01,267.7
2026/6/22,21:14:29,277.5
2026/6/22,21:15:56,288.2
2026/6/22,21:17:24,297.2
2026/6/22,21:20:09,308.1
2026/6/22,21:21:28,317.6
2026/6/22,21:22:47,328.0
2026/6/22,21:25:22,338.3
2026/6/22,22:50:48,98.6
2026/6/22,22:52:07,108.6
2026/6/22,22:53:26,118.5
2026/6/22,22:55:44,128.5
2026/6/22,22:57:29,138.4
2026/6/22,22:58:54,148.3
2026/6/22,23:01:02,158.0
2026/6/22,23:02:21,167.8
2026/6/22,23:03:51,178.4
2026/6/22,23:05:56,188.7
2026/6/22,23:07:15,198.3
2026/6/22,23:08:33,207.6
2026/6/22,23:10:51,217.8
2026/6/22,23:12:10,228.5
2026/6/22,23:13:28,238.0
2026/6/22,23:15:45,247.7
2026/6/22,23:17:05,258.6
2026/6/22,23:18:23,267.8
2026/6/22,23:20:40,277.5
2026/6/22,23:22:24,288.2
2026/6/22,23:23:50,297.2
2026/6/22,23:25:56,308.1
2026/6/22,23:27:15,317.6
2026/6/22,23:28:46,327.9
2026/6/22,23:30:51,338.2
2026/6/23,02:29:54,98.6
2026/6/23,02:31:13,108.6
2026/6/23,02:33:31,118.5
2026/6/23,02:34:49,128.5
2026/6/23,02:36:08,138.4
2026/6/23,02:38:26,148.3
2026/6/23,02:39:44,158.0
2026/6/23,02:41:04,167.8
2026/6/23,02:43:21,178.4
2026/6/23,02:45:04,188.6
2026/6/23,02:46:29,198.2
2026/6/23,02:48:37,207.4
2026/6/23,02:49:56,217.8
2026/6/23,02:51:25,228.7
2026/6/23,02:53:33,237.9
2026/6/23,02:54:53,247.7
2026/6/23,02:56:10,258.6
2026/6/23,02:58:28,267.7
2026/6/23,02:59:47,277.5
2026/6/23,03:01:05,288.2
2026/6/23,03:03:22,297.2
2026/6/23,03:04:42,308.1
2026/6/23,03:06:00,317.6
2026/6/23,03:08:18,328.0
2026/6/23,03:10:02,338.0
2026/6/23,04:34:46,98.6
2026/6/23,04:36:05,108.6
2026/6/23,04:38:22,118.5
2026/6/23,04:39:41,128.5
2026/6/23,04:41:00,138.4
2026/6/23,04:43:17,148.2
2026/6/23,04:44:36,158.1
2026/6/23,04:45:55,167.9
2026/6/23,04:48:13,178.4
2026/6/23,04:49:54,188.7
2026/6/23,04:51:20,198.1
2026/6/23,04:53:28,207.6
2026/6/23,04:54:47,217.8
2026/6/23,04:56:16,228.7
2026/6/23,04:58:23,238.0
2026/6/23,04:59:43,247.7
2026/6/23,05:01:01,258.6
2026/6/23,05:03:18,267.8
2026/6/23,05:04:38,277.5
2026/6/23,05:05:55,288.2
2026/6/23,05:08:13,297.2
2026/6/23,05:09:33,308.1
2026/6/23,05:10:51,317.6
2026/6/23,05:13:09,328.0
2026/6/23,05:14:53,337.9
2026/6/23,06:42:27,98.6
2026/6/23,06:43:46,108.6
2026/6/23,06:46:04,118.5
2026/6/23,06:47:22,128.5
2026/6/23,06:48:41,138.4
2026/6/23,06:50:59,148.3
2026/6/23,06:52:17,158.0
2026/6/23,06:53:36,167.9
2026/6/23,06:55:54,178.4
2026/6/23,06:58:17,188.6
2026/6/23,06:59:01,198.3
2026/6/23,07:01:12,207.7
2026/6/23,07:02:30,217.8
2026/6/23,07:03:57,228.6
2026/6/23,07:06:07,238.0
2026/6/23,07:07:27,247.7
2026/6/23,07:08:44,258.6
2026/6/23,07:11:02,267.8
2026/6/23,07:12:22,277.5
2026/6/23,07:13:39,288.3
2026/6/23,07:15:56,297.2
2026/6/23,07:17:16,308.1
2026/6/23,07:18:34,317.6
2026/6/23,07:20:52,328.0
2026/6/23,07:22:36,338.1
2026/6/23,10:02:01,258.7
2026/6/23,10:02:20,267.8
2026/6/23,10:06:24,277.5
2026/6/23,10:07:17,288.2
2026/6/23,11:48:49,98.6
2026/6/23,11:51:18,108.6
2026/6/23,11:52:35,118.5
2026/6/23,11:53:54,128.5
2026/6/23,11:56:11,138.4
2026/6/23,11:57:30,148.3
2026/6/23,11:58:49,158.0
2026/6/23,12:01:07,167.8
2026/6/23,12:02:25,178.4
2026/6/23,12:03:45,188.7
2026/6/23,12:06:00,198.1
2026/6/23,12:07:20,207.6
2026/6/23,12:08:38,217.8
2026/6/23,12:10:55,228.7
2026/6/23,12:12:44,238.0
2026/6/23,12:14:09,247.6
2026/6/23,12:16:17,258.6
2026/6/23,12:17:36,267.8
2026/6/23,12:19:06,277.5
2026/6/23,12:21:12,288.3
2026/6/23,12:22:32,297.2
2026/6/23,12:23:50,308.1
2026/6/23,12:26:07,317.7
2026/6/23,12:27:27,328.0
2026/6/23,12:28:45,338.3
2026/6/23,13:18:38,98.6
2026/6/23,13:20:55,108.6
2026/6/23,13:22:13,118.5
2026/6/23,13:23:33,128.5
2026/6/23,13:26:01,138.4
2026/6/23,13:27:39,148.2
2026/6/23,13:29:05,158.1
2026/6/23,13:31:28,167.8
2026/6/23,13:32:47,178.4
2026/6/23,13:34:30,188.6
2026/6/23,13:36:33,198.4
2026/6/23,13:38:04,207.4
2026/6/23,13:39:29,217.8
2026/6/23,13:41:39,228.7
2026/6/23,13:43:10,238.0
2026/6/23,13:44:35,247.6
2026/6/23,13:46:44,258.6
2026/6/23,13:48:15,267.8
2026/6/23,13:49:41,277.5
2026/6/23,13:51:51,288.3
2026/6/23,13:53:22,297.2
2026/6/23,13:54:47,308.1
2026/6/23,13:57:18,317.6
2026/6/23,13:58:37,328.0
2026/6/23,13:59:56,338.3
2026/6/23,15:24:54,98.6
2026/6/23,15:27:12,108.6
2026/6/23,15:28:30,118.5
2026/6/23,15:29:49,128.5
2026/6/23,15:32:07,138.4
2026/6/23,15:33:52,148.2
2026/6/23,15:35:18,158.0
2026/6/23,15:37:23,167.9
2026/6/23,15:38:41,178.4
2026/6/23,15:40:33,188.7
2026/6/23,15:42:16,198.4
2026/6/23,15:43:36,207.6
2026/6/23,15:44:53,217.8
2026/6/23,15:47:10,228.7
2026/6/23,15:48:30,238.0
2026/6/23,15:49:48,247.6
2026/6/23,15:52:06,258.6
2026/6/23,15:53:25,267.8
2026/6/23,15:54:43,277.6
2026/6/23,15:57:01,288.2
2026/6/23,15:58:44,297.2
2026/6/23,16:00:10,308.1
2026/6/23,16:02:20,317.6
2026/6/23,16:03:38,327.9
2026/6/23,16:05:08,337.9
2026/6/23,17:29:45,98.6
2026/6/23,17:31:56,108.6
2026/6/23,17:33:14,118.5
2026/6/23,17:34:35,128.5
2026/6/23,17:37:04,138.4
2026/6/23,17:38:36,148.3
2026/6/23,17:40:02,158.0
2026/6/23,17:42:39,167.9
2026/6/23,17:43:59,178.4
2026/6/23,17:45:18,188.6
2026/6/23,17:47:49,198.4
2026/6/23,17:49:15,207.7
2026/6/23,17:50:41,217.8
2026/6/23,17:53:00,228.7
2026/6/23,17:54:26,238.0
2026/6/23,17:55:52,247.7
2026/6/23,17:58:11,258.6
2026/6/23,17:59:38,267.7
2026/6/23,18:01:03,277.5
2026/6/23,18:03:23,288.2
2026/6/23,18:04:49,297.2
2026/6/23,18:06:19,308.1
2026/6/23,18:08:58,317.6
2026/6/23,18:10:17,328.0
2026/6/23,18:11:38,337.9
2026/6/23,19:36:51,98.6
2026/6/23,19:39:08,108.6
2026/6/23,19:40:27,118.5
2026/6/23,19:41:46,128.5
2026/6/23,19:44:04,138.4
2026/6/23,19:45:49,148.3
2026/6/23,19:47:15,158.1
2026/6/23,19:49:21,167.9
2026/6/23,19:50:39,178.4
2026/6/23,19:52:09,188.6
2026/6/23,19:54:14,198.1
2026/6/23,19:55:34,207.6
2026/6/23,19:56:52,217.8
2026/6/23,19:59:10,228.6
2026/6/23,20:00:29,238.0
2026/6/23,20:01:47,247.7
2026/6/23,20:04:04,258.6
2026/6/23,20:05:24,267.8
2026/6/23,20:06:42,277.5
2026/6/23,20:08:59,288.2
2026/6/23,20:10:43,297.2
2026/6/23,20:12:08,308.1
2026/6/23,20:14:18,317.6
2026/6/23,20:15:37,328.0
2026/6/23,20:17:06,338.0
2026/6/23,21:41:41,98.6
2026/6/23,21:43:59,108.6
2026/6/23,21:45:17,118.5
2026/6/23,21:46:36,128.5
2026/6/23,21:48:54,138.4
2026/6/23,21:50:38,148.3
2026/6/23,21:52:04,158.1
2026/6/23,21:54:13,167.9
2026/6/23,21:55:32,178.4
2026/6/23,21:57:00,188.6
2026/6/23,21:59:07,198.2
2026/6/23,22:00:27,207.6
2026/6/23,22:01:45,217.8
2026/6/23,22:04:02,228.7
2026/6/23,22:05:22,238.0
2026/6/23,22:06:40,247.6
2026/6/23,22:08:58,258.6
2026/6/23,22:10:18,267.8
2026/6/23,22:11:36,277.5
2026/6/23,22:13:53,288.2
2026/6/23,22:15:35,297.2
2026/6/23,22:17:01,308.1
2026/6/23,22:19:11,317.6
2026/6/23,22:20:30,328.0
2026/6/23,22:21:59,338.0
2026/6/23,23:13:53,308.1
2026/6/23,23:14:12,317.6
2026/6/23,23:14:35,328.0
2026/6/23,23:16:17,338.1
2026/6/24,00:18:26,98.6
2026/6/24,00:20:55,108.6
2026/6/24,00:22:13,118.5
2026/6/24,00:23:31,128.5
2026/6/24,00:25:49,138.4
2026/6/24,00:27:08,148.3
2026/6/24,00:28:27,158.1
2026/6/24,00:30:45,167.9
2026/6/24,00:32:02,178.4
2026/6/24,00:33:22,188.6
2026/6/24,00:35:38,198.4
2026/6/24,00:37:01,207.6
2026/6/24,00:38:16,217.8
2026/6/24,00:40:33,228.7
2026/6/24,00:42:20,238.0
2026/6/24,00:43:46,247.6
2026/6/24,00:45:50,258.6
2026/6/24,00:47:09,267.8
2026/6/24,00:48:42,277.5
2026/6/24,00:50:46,288.2
2026/6/24,00:52:06,297.2
2026/6/24,00:53:23,308.1
2026/6/24,00:55:40,317.6
2026/6/24,00:57:00,327.9
2026/6/24,00:58:18,338.2
2026/6/24,02:25:22,98.6
2026/6/24,02:27:29,108.6
2026/6/24,02:28:48,118.4
2026/6/24,02:30:18,128.5
2026/6/24,02:32:24,138.4
2026/6/24,02:34:07,148.3
2026/6/24,02:35:02,158.0
2026/6/24,02:37:20,167.9
2026/6/24,02:39:04,178.4
2026/6/24,02:39:57,188.7
2026/6/24,02:42:13,198.4
2026/6/24,02:43:33,207.6
2026/6/24,02:44:51,217.8
2026/6/24,02:47:09,228.7
2026/6/24,02:48:52,238.0
2026/6/24,02:50:17,247.6
2026/6/24,02:52:27,258.6
2026/6/24,02:53:46,267.7
2026/6/24,02:55:14,277.5
2026/6/24,02:57:22,288.2
2026/6/24,02:58:42,297.1
2026/6/24,03:00:00,308.1
2026/6/24,03:02:17,317.7
2026/6/24,03:03:37,327.9
2026/6/24,03:04:54,337.9
2026/6/24,04:37:02,98.6
2026/6/24,04:39:34,108.6
2026/6/24,04:40:53,118.5
2026/6/24,04:42:12,128.5
2026/6/24,04:44:29,138.4
2026/6/24,04:46:12,148.3
2026/6/24,04:47:06,158.1
2026/6/24,04:49:25,167.9
2026/6/24,04:50:42,178.4
2026/6/24,04:52:02,188.6
2026/6/24,04:54:18,198.4
2026/6/24,04:55:38,207.6
2026/6/24,04:56:55,217.8
2026/6/24,04:59:13,228.7
2026/6/24,05:00:57,238.0
2026/6/24,05:02:22,247.6
2026/6/24,05:04:31,258.6
2026/6/24,05:05:50,267.7
2026/6/24,05:07:19,277.5
2026/6/24,05:09:25,288.3
2026/6/24,05:10:46,297.2
2026/6/24,05:12:03,308.1
2026/6/24,05:14:20,317.7
2026/6/24,05:15:40,328.0
2026/6/24,05:16:58,337.9
2026/6/24,06:45:47,98.7
2026/6/24,06:48:27,108.6
2026/6/24,06:49:46,118.5
2026/6/24,06:51:05,128.5
2026/6/24,06:54:01,138.4
2026/6/24,06:54:40,148.3
2026/6/24,06:55:59,158.0
2026/6/24,06:58:17,167.9
2026/6/24,06:59:35,178.4
2026/6/24,07:00:55,188.7
2026/6/24,07:03:10,198.3
2026/6/24,07:04:30,207.6
2026/6/24,07:05:48,217.8
2026/6/24,07:08:06,228.7
2026/6/24,07:09:50,238.0
2026/6/24,07:11:16,247.6
2026/6/24,07:13:25,258.6
2026/6/24,07:14:44,267.7
2026/6/24,07:16:13,277.5
2026/6/24,07:18:20,288.2
2026/6/24,07:19:41,297.2
2026/6/24,07:20:58,308.1
2026/6/24,07:23:15,317.7
2026/6/24,07:24:35,328.0
2026/6/24,07:25:53,338.3
2026/6/24,08:25:01,98.6
2026/6/24,08:25:19,108.6
2026/6/24,08:25:42,118.5
2026/6/24,08:26:37,128.5
2026/6/24,12:04:00,98.6
2026/6/24,12:05:29,108.6
2026/6/24,12:06:54,118.5
2026/6/24,12:09:09,128.5
2026/6/24,12:10:38,138.4
2026/6/24,12:12:04,148.3
2026/6/24,12:14:38,158.0
2026/6/24,12:15:57,167.9
2026/6/24,12:17:16,178.4
2026/6/24,12:19:44,188.6
2026/6/24,12:21:13,198.2
2026/6/24,12:22:38,207.6
2026/6/24,12:24:51,217.8
2026/6/24,12:26:19,228.7
2026/6/24,12:27:44,238.0
2026/6/24,12:29:57,247.7
2026/6/24,12:31:28,258.6
2026/6/24,12:32:53,267.7
2026/6/24,12:35:02,277.5
2026/6/24,12:36:34,288.3
2026/6/24,12:37:59,297.2
2026/6/24,12:40:33,308.1
2026/6/24,12:41:52,317.7
2026/6/24,12:43:11,327.9
2026/6/24,12:45:40,338.2
2026/6/26,02:34:45,98.6
2026/6/26,02:35:03,108.6
2026/6/26,02:37:06,118.5
2026/6/26,05:46:19,178.4
2026/6/26,05:47:38,198.2
2026/6/26,05:49:56,217.8
2026/6/27,02:22:29,98.6
2026/6/27,02:25:29,108.6
2026/6/27,02:26:46,118.5
2026/6/27,02:29:44,128.5
2026/6/27,02:31:09,138.4
2026/6/27,02:34:14,148.3
2026/6/27,02:35:50,158.0
2026/6/27,02:38:40,167.9
2026/6/27,02:39:47,178.4
2026/6/27,02:42:42,188.6
2026/6/27,02:44:02,198.1
2026/6/27,02:46:58,207.6
2026/6/27,02:48:18,217.8
2026/6/27,02:51:13,228.7
2026/6/27,02:52:41,238.0
2026/6/27,02:55:46,247.6
2026/6/27,02:57:18,258.6
2026/6/27,03:00:01,267.7
2026/6/27,03:01:21,277.5
2026/6/27,03:04:32,288.2
2026/6/27,03:05:52,297.2
2026/6/27,03:08:48,308.1
2026/6/27,03:10:07,317.5
2026/6/27,03:13:03,328.0
2026/6/27,03:14:31,338.1
2026/6/27,07:40:02,188.6
2026/6/27,07:40:50,198.1
2026/6/27,07:43:51,207.6
2026/6/27,07:45:09,217.8
2026/6/27,19:10:04,188.7
2026/6/27,19:10:22,207.6
2026/6/27,19:13:38,217.8
2026/6/27,19:14:28,228.5
2026/6/28,03:52:35,308.1
2026/6/28,03:52:53,317.6
2026/6/28,03:53:17,328.0
2026/6/28,03:54:12,338.0
2026/6/28,06:58:44,98.6
2026/6/28,07:01:39,108.6
2026/6/28,07:02:57,118.5
2026/6/28,07:05:55,128.5
2026/6/28,07:07:19,138.4
2026/6/28,07:10:28,148.3
2026/6/28,07:11:45,158.0
2026/6/28,07:14:44,167.9
2026/6/28,07:16:05,178.4
2026/6/28,07:19:03,188.6
2026/6/28,07:20:22,198.1
2026/6/28,07:23:20,207.6
2026/6/28,07:24:40,217.8
2026/6/28,07:27:38,228.7
2026/6/28,07:29:06,238.0
2026/6/28,07:32:13,247.6
2026/6/28,07:33:43,258.6
2026/6/28,07:36:32,267.7
2026/6/28,07:37:52,277.5
2026/6/28,07:40:50,288.2
2026/6/28,07:42:10,297.2
2026/6/28,10:55:14,108.6
2026/6/28,10:56:31,118.5
2026/6/28,10:59:36,128.5
2026/6/28,11:00:55,138.4
2026/6/28,12:32:39,108.6
2026/6/28,12:33:57,118.5
2026/6/28,12:36:53,128.5
2026/6/28,12:38:11,138.4
2026/6/28,12:56:02,267.7
2026/6/28,12:56:29,277.5
2026/6/28,13:02:13,288.2
2026/6/28,13:03:03,297.2
2026/6/28,13:52:10,98.6
2026/6/28,13:55:48,108.6
2026/6/28,13:57:07,118.5
2026/6/28,14:00:30,128.5
2026/6/28,14:01:48,138.4
2026/6/28,14:04:48,148.3
2026/6/28,14:06:06,158.1
2026/6/28,14:09:03,167.9
2026/6/28,14:10:23,178.4
2026/6/28,14:13:21,188.6
2026/6/28,14:14:48,198.2
2026/6/28,14:17:53,207.6
2026/6/28,14:19:12,217.8
2026/6/28,14:22:10,228.7
2026/6/28,14:23:30,238.0
2026/6/28,14:26:28,247.7
2026/6/28,14:27:47,258.6
2026/6/28,14:30:45,267.7
2026/6/28,14:32:06,277.5
2026/6/28,14:35:03,288.2
2026/6/28,14:36:31,297.2
2026/6/28,14:39:36,308.1
2026/6/28,14:41:08,317.6
2026/6/28,14:43:53,328.0
2026/6/28,14:45:13,338.1
2026/6/28,17:17:18,98.6
2026/6/28,17:18:37,108.6
2026/6/28,17:22:01,118.5
2026/6/28,17:23:19,128.5
2026/6/28,17:26:51,138.4
2026/6/28,17:28:34,148.3
2026/6/28,17:31:39,158.0
2026/6/28,17:32:57,167.8
2026/6/28,17:36:28,178.4
2026/6/28,17:38:08,188.6
2026/6/28,17:41:37,198.2
2026/6/28,17:42:55,207.6
2026/6/28,17:46:24,217.8
2026/6/28,17:47:45,228.5
2026/6/28,17:51:14,237.9
2026/6/28,17:52:33,247.7
2026/6/28,17:56:04,258.6
2026/6/28,17:57:44,267.7
2026/6/28,18:00:52,277.5
2026/6/28,18:02:34,288.2
2026/6/28,18:05:57,297.2
2026/6/28,18:07:16,308.1
2026/6/28,18:10:47,317.6
2026/6/28,18:12:28,328.0
2026/6/28,18:15:39,338.2
2026/6/28,20:07:12,188.6
2026/6/28,20:07:30,198.0
2026/6/28,20:12:53,207.6
2026/6/28,20:13:45,217.8
2026/6/28,22:19:01,98.6
2026/6/28,22:20:20,108.6
2026/6/28,22:23:53,118.5
2026/6/28,22:25:33,128.5
2026/6/28,22:28:43,138.4
2026/6/28,22:30:24,148.2
2026/6/28,22:33:29,158.0
2026/6/28,22:34:46,167.8
2026/6/28,22:38:17,178.4
2026/6/28,22:39:57,188.6
2026/6/28,22:43:24,198.2
2026/6/28,22:44:42,207.4
2026/6/28,22:48:12,217.8
2026/6/28,22:49:31,228.7
2026/6/28,22:53:00,238.0
2026/6/28,22:54:20,247.7
2026/6/28,22:57:49,258.6
2026/6/28,22:59:30,267.7
2026/6/28,23:02:37,277.5
2026/6/28,23:04:19,288.2
2026/6/28,23:07:39,297.2
2026/6/28,23:08:58,308.1
2026/6/28,23:12:28,317.7
2026/6/28,23:13:48,327.9
2026/6/28,23:17:19,338.1
2026/6/29,00:23:54,228.5
2026/6/29,00:24:12,238.0
2026/6/29,00:29:02,247.6
2026/6/29,00:29:54,258.6
2026/6/29,03:22:21,98.6
2026/6/29,03:25:23,108.6
2026/6/29,03:26:40,118.5
2026/6/29,03:29:40,128.5
2026/6/29,03:31:07,138.4
2026/6/29,03:34:17,148.3
2026/6/29,03:35:46,158.0
2026/6/29,03:38:32,167.9
2026/6/29,03:39:52,178.4
2026/6/29,03:42:50,188.7
2026/6/29,03:44:10,198.1
2026/6/29,03:47:08,207.6
2026/6/29,03:48:28,217.8
2026/6/29,03:51:26,228.7
2026/6/29,03:52:54,238.0
2026/6/29,03:56:00,247.6
2026/6/29,03:57:31,258.6
2026/6/29,04:00:17,267.7
2026/6/29,04:01:37,277.5
2026/6/29,04:04:37,288.2
2026/6/29,04:05:55,297.1
2026/6/29,04:08:53,308.1
2026/6/29,04:10:13,317.6
2026/6/29,04:13:11,328.0
2026/6/29,04:14:39,338.0
2026/6/29,11:38:16,98.6
2026/6/29,13:35:45,98.6
2026/6/29,13:37:03,108.6
2026/6/29,13:40:32,118.5
2026/6/29,13:42:17,128.5
2026/6/29,13:45:41,138.4
2026/6/29,13:47:00,148.2
2026/6/29,13:50:37,158.0
2026/6/29,13:52:10,167.8
2026/6/29,13:55:31,178.4
2026/6/29,13:57:04,188.6
2026/6/29,14:00:28,198.2
2026/6/29,14:02:00,207.6
2026/6/29,14:05:23,217.8
2026/6/29,14:06:58,228.7
2026/6/29,14:10:37,237.9
2026/6/29,14:11:55,247.6
2026/6/29,14:15:33,258.6
2026/6/29,14:17:07,267.7
2026/6/29,14:20:30,277.5
2026/6/29,14:22:03,288.1
2026/6/29,14:25:26,297.2
2026/6/29,14:27:00,308.1
2026/6/29,14:30:23,317.6
2026/6/29,14:31:57,328.0
2026/6/29,14:35:38,338.1
2026/6/29,18:45:55,98.6
2026/6/29,18:48:52,108.6
2026/6/29,18:50:10,118.5
2026/6/29,18:53:34,128.5
2026/6/29,18:55:24,138.4
2026/6/29,18:58:42,148.2
2026/6/29,21:58:10,198.3
2026/6/29,23:54:05,217.8
2026/6/29,23:54:23,228.6
2026/6/29,23:57:40,238.0
2026/6/29,23:58:32,247.7
2026/6/30,01:49:03,98.6
2026/6/30,01:50:21,108.6
2026/6/30,01:53:17,118.5
2026/6/30,01:54:41,128.4
2026/6/30,01:58:27,138.4
2026/6/30,01:59:45,148.3
2026/6/30,02:03:27,158.0
2026/6/30,02:04:55,167.9
2026/6/30,02:08:26,178.4
2026/6/30,02:09:55,188.6
2026/6/30,02:13:26,198.1
2026/6/30,02:14:56,207.6
2026/6/30,02:18:25,217.8
2026/6/30,02:19:57,228.7
2026/6/30,02:23:39,238.0
2026/6/30,02:24:57,247.7
2026/6/30,02:28:39,258.6
2026/6/30,05:34:19,98.6
2026/6/30,05:37:15,108.6
2026/6/30,05:38:33,118.5
2026/6/30,05:41:28,128.5
2026/6/30,05:42:55,138.4
2026/6/30,05:46:01,148.2
2026/6/30,05:47:34,158.0
2026/6/30,05:50:14,167.9
2026/6/30,05:51:33,178.3
2026/6/30,05:54:28,188.6
2026/6/30,05:55:48,198.2
2026/6/30,05:58:43,207.5
2026/6/30,06:00:03,217.8
2026/6/30,06:02:58,228.5
2026/6/30,06:04:27,238.0
2026/6/30,06:07:31,247.6
2026/6/30,06:09:03,258.6
2026/6/30,06:11:45,267.7
2026/6/30,06:13:04,277.5
2026/6/30,06:16:00,288.2
2026/6/30,06:17:20,297.2
2026/6/30,06:20:13,308.2
2026/6/30,06:21:33,317.6
2026/6/30,06:24:27,328.0
2026/6/30,06:25:54,338.1
2026/6/30,12:10:03,138.4
2026/6/30,12:10:25,148.3
2026/6/30,12:10:48,158.0
2026/6/30,12:11:40,167.9
2026/6/30,15:59:09,98.6
2026/6/30,16:00:27,108.6
2026/6/30,16:04:02,118.4
2026/6/30,16:05:39,128.5
2026/6/30,16:08:15,138.4
2026/6/30,16:09:33,148.2
2026/6/30,16:12:28,158.0
2026/6/30,16:13:46,167.9
2026/6/30,16:16:39,178.4
2026/6/30,16:18:07,188.7
2026/6/30,16:21:08,198.1
2026/6/30,16:22:44,207.6
2026/6/30,16:25:22,217.8
2026/6/30,16:26:41,228.6
2026/6/30,16:29:36,237.9
2026/6/30,16:30:55,247.7
2026/6/30,16:33:49,258.6
2026/6/30,16:35:09,267.8
2026/6/30,16:38:03,277.5
2026/6/30,16:39:30,288.2
2026/6/30,16:42:30,297.2
2026/6/30,16:44:08,308.1
2026/6/30,16:46:44,317.6
2026/6/30,16:48:04,328.0
2026/6/30,16:50:58,338.0
2026/6/30,19:06:05,98.6
2026/6/30,19:09:24,108.6
2026/6/30,19:10:59,118.5
2026/6/30,19:14:18,128.5
2026/6/30,19:15:55,138.4
2026/6/30,19:19:24,148.2
2026/6/30,19:20:43,158.0
2026/6/30,19:24:16,167.9
2026/6/30,19:25:52,178.4
2026/6/30,19:29:11,188.6
2026/6/30,19:30:46,198.1
2026/6/30,19:34:05,207.6
2026/6/30,19:35:41,217.8
2026/6/30,19:38:58,228.7
2026/6/30,19:40:35,237.9
2026/6/30,19:44:08,247.6
2026/6/30,19:45:27,258.6
2026/6/30,19:49:03,267.7
2026/6/30,19:50:39,277.5
2026/6/30,19:53:54,288.2
2026/6/30,19:55:33,297.2
2026/6/30,19:58:50,308.1
2026/6/30,20:00:25,317.6
2026/6/30,20:03:43,327.9
2026/6/30,20:05:21,338.2
2026/6/30,22:05:31,98.6
2026/6/30,22:06:49,108.6
2026/6/30,22:09:54,118.5
2026/6/30,22:11:12,128.5
2026/6/30,22:14:50,138.4
2026/6/30,22:16:15,148.3
2026/6/30,22:20:01,158.0
2026/6/30,22:21:30,167.8
2026/6/30,22:24:56,178.4
2026/6/30,22:26:29,188.6
2026/6/30,22:29:52,198.1
2026/6/30,22:31:26,207.5
2026/6/30,22:34:47,217.8
2026/6/30,22:36:20,228.7
2026/6/30,22:39:43,238.0
2026/6/30,22:41:17,247.6
2026/6/30,22:44:59,258.6
2026/6/30,22:46:17,267.7
2026/6/30,22:49:56,277.5
2026/6/30,22:51:29,288.1
2026/6/30,22:54:53,297.2
2026/6/30,22:56:26,308.1
2026/6/30,22:59:50,317.6
2026/6/30,23:01:24,328.0
2026/6/30,23:04:47,338.2
2026/7/1,01:05:29,98.6
2026/7/1,01:08:57,108.6
2026/7/1,01:10:15,118.5
2026/7/1,01:13:36,128.5
2026/7/1,01:14:54,138.4
2026/7/1,01:17:52,148.3
2026/7/1,01:19:10,158.0
2026/7/1,01:22:09,167.9
2026/7/1,01:23:36,178.4
2026/7/1,01:26:41,188.6
2026/7/1,01:28:00,198.1
2026/7/1,02:40:17,98.6
2026/7/1,02:43:53,108.6
2026/7/1,02:45:29,118.5
2026/7/1,02:48:33,128.5
2026/7/1,02:49:52,138.4
2026/7/1,02:52:47,148.3
2026/7/1,02:54:05,158.0
2026/7/1,02:56:58,167.9
2026/7/1,02:58:24,178.4
2026/7/1,03:01:27,188.6
2026/7/1,03:03:03,198.4
2026/7/1,03:05:40,207.6
2026/7/1,03:07:00,217.8
2026/7/1,03:09:53,228.7
2026/7/1,03:11:13,237.9
2026/7/1,03:14:07,247.6
2026/7/1,03:15:27,258.6
2026/7/1,03:18:20,267.7
2026/7/1,03:19:49,277.5
2026/7/1,03:22:51,288.2
2026/7/1,03:24:25,297.2
2026/7/1,03:27:04,308.1
2026/7/1,03:28:24,317.6
2026/7/1,03:31:17,328.0
2026/7/1,03:32:37,338.1
2026/7/1,04:47:40,98.6
2026/7/1,04:50:35,108.6
2026/7/1,04:51:53,118.5
2026/7/1,04:54:50,128.5
2026/7/1,04:56:15,138.4
2026/7/1,04:59:19,148.3
2026/7/1,05:00:56,158.0
2026/7/1,05:03:31,167.9
2026/7/1,05:04:50,178.4
2026/7/1,05:07:44,188.7
2026/7/1,05:09:04,198.1
2026/7/1,05:11:57,207.4
2026/7/1,05:13:17,217.8
2026/7/1,05:16:11,228.7
2026/7/1,05:17:38,238.0
2026/7/1,05:20:42,247.6
2026/7/1,05:22:15,258.6
2026/7/1,05:24:55,267.7
2026/7/1,05:26:15,277.5
2026/7/1,05:29:08,288.2
2026/7/1,05:30:28,297.2
2026/7/1,05:33:21,308.1
2026/7/1,05:34:41,317.6
2026/7/1,05:37:35,328.0
2026/7/1,05:39:03,338.0
2026/7/1,06:41:57,98.6
2026/7/1,06:45:10,108.6
2026/7/1,06:46:49,118.4
2026/7/1,06:50:00,128.5
2026/7/1,06:51:41,138.4
2026/7/1,06:55:08,148.2
2026/7/1,06:56:27,158.0
2026/7/1,06:59:59,167.9
2026/7/1,07:01:37,178.4
2026/7/1,07:04:50,188.6
2026/7/1,07:06:29,198.2
2026/7/1,07:09:39,207.5
2026/7/1,07:10:58,217.8
2026/7/1,07:14:30,228.6
2026/7/1,07:16:09,237.9
2026/7/1,07:19:35,247.6
2026/7/1,07:20:54,258.6
2026/7/1,07:24:25,267.7
2026/7/1,07:26:06,277.5
2026/7/1,07:29:15,288.2
2026/7/1,07:30:55,297.2
2026/7/1,07:34:04,308.1
2026/7/1,07:35:45,317.6
2026/7/1,07:38:54,328.0
2026/7/1,07:40:35,338.1
2026/7/1,09:38:53,98.6
2026/7/1,09:40:12,108.6
2026/7/1,09:43:46,118.5
2026/7/1,09:45:25,128.5
2026/7/1,09:47:58,138.4
2026/7/1,09:49:16,148.3
2026/7/1,09:52:10,158.0
2026/7/1,09:53:29,167.9
2026/7/1,09:56:22,178.4
2026/7/1,09:57:49,188.6
2026/7/1,10:00:50,198.1
2026/7/1,10:02:27,207.7
2026/7/1,10:05:03,217.8
2026/7/1,10:06:22,228.6
2026/7/1,10:09:15,237.9
2026/7/1,10:10:35,247.6
2026/7/1,10:13:28,258.6
2026/7/1,10:14:48,267.8
2026/7/1,10:17:40,277.5
2026/7/1,10:19:09,288.2
2026/7/1,10:22:08,297.2
2026/7/1,10:23:46,308.1
2026/7/1,10:26:20,317.6
2026/7/1,10:27:40,327.9
2026/7/1,10:30:32,338.2
2026/7/1,14:22:55,98.6
2026/7/1,14:25:52,108.6
2026/7/1,14:27:10,118.5
2026/7/1,14:30:36,128.5
2026/7/1,14:32:24,138.4
2026/7/1,14:35:46,148.2
2026/7/1,14:37:05,158.0
2026/7/1,14:40:40,167.9
2026/7/1,14:42:15,178.4
2026/7/1,14:45:35,188.7
2026/7/1,14:47:10,198.3
2026/7/1,14:50:29,207.6
2026/7/1,14:52:04,217.8
2026/7/1,14:55:23,228.7
2026/7/1,14:56:59,237.9
2026/7/1,15:00:35,247.6
2026/7/1,15:01:54,258.6
2026/7/1,15:05:31,267.7
2026/7/1,15:07:06,277.5
2026/7/1,15:10:28,288.2
2026/7/1,15:12:01,297.2
2026/7/1,15:15:22,308.1
2026/7/1,15:16:58,317.6
2026/7/1,15:20:17,327.9
2026/7/1,15:21:53,338.1
2026/7/1,16:38:47,98.6
2026/7/1,16:40:24,108.6
2026/7/1,16:43:05,118.5
2026/7/1,16:44:23,128.5
2026/7/1,16:47:15,138.4
2026/7/1,16:48:34,148.3
2026/7/1,16:51:28,158.0
2026/7/1,16:52:46,167.9
2026/7/1,16:55:37,178.4
2026/7/1,16:57:03,188.6
2026/7/1,17:00:03,198.1
2026/7/1,17:01:42,207.4
2026/7/1,17:04:15,217.8
2026/7/1,17:05:34,228.5
2026/7/1,17:08:26,238.0
2026/7/1,17:09:45,247.7
2026/7/1,17:12:36,258.6
2026/7/1,17:13:56,267.8
2026/7/1,17:16:47,277.5
2026/7/1,17:18:15,288.2
2026/7/1,17:21:15,297.2
2026/7/1,17:22:52,308.1
2026/7/1,17:25:26,317.6
2026/7/1,17:26:46,327.9
2026/7/1,17:29:36,338.2
2026/7/1,18:32:42,98.6
2026/7/1,18:34:00,108.6
2026/7/1,18:37:35,118.5
2026/7/1,18:39:13,128.5
2026/7/1,18:42:31,138.4
2026/7/1,18:44:06,148.3
2026/7/1,18:47:29,158.0
2026/7/1,18:49:00,167.9
2026/7/1,18:52:23,178.4
2026/7/1,18:53:57,188.6
2026/7/1,18:57:39,198.1
2026/7/1,18:58:57,207.5
2026/7/1,19:02:39,217.8
2026/7/1,19:04:09,228.7
2026/7/1,19:07:37,238.0
2026/7/1,19:09:10,247.6
2026/7/1,19:12:36,258.6
2026/7/1,19:14:07,267.7
2026/7/1,19:17:33,277.5
2026/7/1,19:19:06,288.2
2026/7/1,19:22:47,297.2
2026/7/1,19:24:05,308.1
2026/7/1,19:27:48,317.6
2026/7/1,19:29:17,328.0
2026/7/1,19:32:44,338.0
2026/7/1,22:17:34,267.9
2026/7/1,22:18:07,277.5
2026/7/1,22:24:12,288.2
2026/7/1,22:25:02,297.2
2026/7/1,22:51:32,98.6
2026/7/1,22:52:50,108.6
2026/7/1,22:55:55,118.5
2026/7/1,22:57:14,128.4
2026/7/1,23:01:21,138.4
2026/7/1,23:02:47,148.3
2026/7/1,23:06:46,158.0
2026/7/1,23:08:03,167.8
2026/7/1,23:12:10,178.4
2026/7/1,23:13:34,188.6
2026/7/1,23:17:43,198.1
2026/7/1,23:19:01,207.6
2026/7/1,23:23:08,217.8
2026/7/1,23:24:26,228.7
2026/7/1,23:28:33,237.9
2026/7/1,23:29:52,247.6
2026/7/1,23:33:59,258.6
2026/7/1,23:35:17,267.7
2026/7/1,23:39:24,277.5
2026/7/1,23:40:50,288.1
2026/7/1,23:44:57,297.2
2026/7/1,23:46:16,308.1
2026/7/1,23:50:21,317.6
2026/7/1,23:51:40,328.0
2026/7/1,23:55:47,338.1
2026/7/2,03:34:21,98.6
2026/7/2,03:37:20,108.6
2026/7/2,03:38:37,118.5
2026/7/2,03:42:04,128.5
2026/7/2,03:43:31,138.4
2026/7/2,03:47:11,148.3
2026/7/2,03:48:28,158.1
2026/7/2,03:51:59,167.9
2026/7/2,03:53:19,178.4
2026/7/2,03:56:46,188.6
2026/7/2,03:58:05,198.2
2026/7/2,04:01:35,207.6
2026/7/2,04:03:16,217.8
2026/7/2,04:06:22,228.6
2026/7/2,04:08:05,237.9
2026/7/2,04:11:28,247.6
2026/7/2,04:12:47,258.6
2026/7/2,04:16:14,267.7
2026/7/2,04:17:34,277.5
2026/7/2,04:21:02,288.2
2026/7/2,04:22:22,297.2
2026/7/2,04:25:49,308.1
2026/7/2,04:27:09,317.6
2026/7/2,04:30:39,328.0
2026/7/2,04:32:19,338.2
2026/7/2,05:36:17,98.6
2026/7/2,05:39:31,108.6
2026/7/2,05:41:11,118.5
2026/7/2,05:44:11,128.5
2026/7/2,05:45:36,138.4
2026/7/2,05:48:42,148.2
2026/7/2,05:50:20,158.0
2026/7/2,05:52:57,167.9
2026/7/2,05:54:15,178.4
2026/7/2,05:57:11,188.6
2026/7/2,05:58:30,198.2
2026/7/2,06:01:25,207.6
2026/7/2,06:02:45,217.8
2026/7/2,06:05:40,228.7
2026/7/2,06:07:08,238.0
2026/7/2,06:10:12,247.6
2026/7/2,06:11:45,258.6
2026/7/2,06:14:27,267.7
2026/7/2,06:15:47,277.5
2026/7/2,06:18:42,288.2
2026/7/2,06:20:02,297.2
2026/7/2,06:22:57,308.1
2026/7/2,06:24:18,317.6
2026/7/2,06:27:13,328.0
2026/7/2,06:28:41,338.0
2026/7/2,08:19:12,98.6
2026/7/2,08:20:49,108.6
2026/7/2,08:23:27,118.5
2026/7/2,08:24:45,128.5
2026/7/2,12:13:53,98.6
2026/7/2,13:31:09,158.0
2026/7/2,13:34:06,167.8
2026/7/2,15:22:47,98.6
2026/7/2,15:25:42,108.6
2026/7/2,15:27:07,118.5
2026/7/2,15:30:12,128.5
2026/7/2,15:31:48,138.4
2026/7/2,15:34:29,148.2
2026/7/2,15:35:47,158.1
2026/7/2,15:38:45,167.9
2026/7/2,15:40:05,178.4
2026/7/2,15:43:01,188.7
2026/7/2,15:44:21,198.3
2026/7/2,15:47:17,207.5
2026/7/2,15:48:43,217.8
2026/7/2,15:51:49,228.7
2026/7/2,15:53:22,237.9
2026/7/2,15:56:06,247.6
2026/7/2,15:57:26,258.6
2026/7/2,16:00:22,267.7
2026/7/2,16:01:42,277.5
2026/7/2,16:04:39,288.2
2026/7/2,16:05:59,297.2
2026/7/2,16:08:55,308.1
2026/7/2,16:10:22,317.6
2026/7/2,16:13:27,327.9
2026/7/2,16:15:00,338.1
2026/7/2,17:47:57,98.6
2026/7/2,17:50:52,108.6
2026/7/2,17:52:10,118.5
2026/7/2,17:55:05,128.5
2026/7/2,17:56:30,138.4
2026/7/2,17:59:36,148.3
2026/7/2,18:01:11,158.0
2026/7/2,18:03:46,167.9
2026/7/2,18:05:06,178.4
2026/7/2,18:07:59,188.6
2026/7/2,18:09:18,198.2
2026/7/2,18:12:11,207.6
2026/7/2,18:13:31,217.8
2026/7/2,18:16:23,228.7
2026/7/2,18:17:51,238.0
2026/7/2,18:20:51,247.6
2026/7/2,18:22:28,258.5
2026/7/2,18:25:03,267.7
2026/7/2,18:26:23,277.5
2026/7/2,18:29:16,288.2
2026/7/2,18:30:36,297.3
2026/7/2,18:33:28,308.1
2026/7/2,18:34:48,317.6
2026/7/2,18:37:41,327.9
2026/7/2,18:39:10,338.0
2026/7/2,19:51:47,98.6
2026/7/2,19:54:42,108.6
2026/7/2,19:56:00,118.5
2026/7/2,19:58:55,128.5
2026/7/2,20:00:14,138.4
2026/7/2,20:03:10,148.3
2026/7/2,20:04:36,158.0
2026/7/2,20:07:41,167.9
2026/7/2,20:09:13,178.4
2026/7/2,20:11:53,188.6
2026/7/2,20:13:13,198.2
2026/7/2,20:16:07,207.6
2026/7/2,20:17:27,217.8
2026/7/2,20:20:22,228.7
2026/7/2,20:21:42,238.0
2026/7/2,20:24:36,247.6
2026/7/2,20:26:04,258.6
2026/7/2,20:29:05,267.7
2026/7/2,20:30:41,277.5
2026/7/2,20:33:19,288.2
2026/7/2,20:34:39,297.2
2026/7/2,20:37:34,308.1
2026/7/2,20:38:54,317.5
2026/7/2,20:41:48,328.0
2026/7/2,20:43:08,338.0
2026/7/2,21:42:48,98.6
2026/7/2,21:45:42,108.6
2026/7/2,21:47:00,118.4
2026/7/2,21:49:55,128.5
2026/7/3,00:47:14,98.6
2026/7/3,00:48:33,108.6
2026/7/3,00:51:29,118.5
2026/7/3,00:52:48,148.3
2026/7/3,00:56:20,158.0
2026/7/3,00:58:02,167.9
2026/7/3,01:01:28,178.4
2026/7/3,01:02:46,188.6
2026/7/3,01:06:22,198.2
2026/7/3,01:07:57,207.6
2026/7/3,03:12:49,98.6
2026/7/3,03:14:30,108.6
2026/7/3,03:17:39,118.5
2026/7/3,03:19:20,128.5
2026/7/3,03:22:39,138.4
2026/7/3,03:24:10,148.3
2026/7/3,03:27:54,158.0
2026/7/3,03:29:31,167.9
2026/7/3,03:32:51,178.4
2026/7/3,03:34:22,188.6
2026/7/3,03:37:51,198.1
2026/7/3,03:39:21,207.4
2026/7/3,03:42:50,217.8
2026/7/3,03:44:21,228.8
2026/7/3,03:47:53,237.9
2026/7/3,03:49:21,247.6
2026/7/3,03:53:10,258.6
2026/7/3,03:54:28,267.7
2026/7/3,03:58:09,277.5
2026/7/3,03:59:40,288.2
2026/7/3,04:03:07,297.2
2026/7/3,04:04:40,308.1
2026/7/3,04:08:06,317.6
2026/7/3,04:09:38,328.0
2026/7/3,04:13:02,338.0
2026/7/3,16:35:18,98.6
2026/7/3,16:36:38,108.6
2026/7/3,16:38:55,118.5
2026/7/3,20:33:06,98.6
2026/7/3,20:34:24,108.6
2026/7/3,20:35:43,118.4
2026/7/3,20:38:01,128.5
2026/7/3,20:39:19,138.4
2026/7/4,09:57:47,98.6
2026/7/4,19:42:53,98.6
2026/7/4,19:44:11,108.6
2026/7/4,19:45:30,118.4
2026/7/4,19:47:48,128.5
2026/7/4,19:49:34,138.4
2026/7/4,19:51:00,148.3
2026/7/4,19:53:07,158.0
2026/7/4,19:54:26,167.9
2026/7/4,19:55:56,178.4
2026/7/4,19:58:02,188.7
2026/7/4,19:59:42,198.1
2026/7/4,20:00:39,207.6
2026/7/4,20:02:55,217.8
2026/7/4,20:04:15,228.6
2026/7/4,20:05:32,237.9
2026/7/4,20:07:50,247.6
2026/7/4,20:09:10,258.7
2026/7/4,20:10:28,267.7
2026/7/4,20:12:45,277.5
2026/7/4,20:14:29,288.2
2026/7/4,20:15:55,297.2
2026/7/4,20:18:03,308.1
2026/7/4,20:19:21,317.6
2026/7/4,20:20:51,328.0
2026/7/4,20:22:58,338.0
2026/7/4,21:47:41,98.6
2026/7/4,21:49:00,108.6
2026/7/4,21:50:19,118.4
2026/7/4,21:52:37,128.5
2026/7/4,21:54:21,138.4
2026/7/4,21:55:47,148.3
2026/7/4,21:57:56,158.1
2026/7/4,21:59:14,167.9
2026/7/4,22:00:45,178.3
2026/7/4,22:02:50,188.7
2026/7/4,22:04:31,198.3
2026/7/4,22:05:28,207.6
2026/7/4,22:07:44,217.8
2026/7/4,22:09:04,228.5
2026/7/4,22:10:22,237.9
2026/7/4,22:12:39,247.6
2026/7/4,22:13:59,258.5
2026/7/4,22:15:17,267.7
2026/7/4,22:17:35,277.5
2026/7/4,22:19:18,288.2
2026/7/4,22:20:44,297.2
2026/7/4,22:22:53,308.1
2026/7/4,22:24:12,317.6
2026/7/4,22:25:41,328.0
2026/7/4,22:27:48,338.0
2026/7/4,23:54:53,98.6
2026/7/4,23:56:22,108.6
2026/7/4,23:57:48,118.5
2026/7/4,23:59:58,128.5
2026/7/5,00:01:30,138.4
2026/7/5,00:02:56,148.3
2026/7/5,00:05:16,158.0
2026/7/5,00:06:34,167.9
2026/7/5,00:08:05,178.4
2026/7/5,00:10:51,188.6
2026/7/5,00:11:50,198.0
2026/7/5,00:12:47,207.6
2026/7/5,00:15:03,217.8
2026/7/5,00:16:23,228.5
2026/7/5,00:17:41,238.0
2026/7/5,00:19:59,247.6
2026/7/5,00:21:18,258.5
2026/7/5,00:22:36,267.7
2026/7/5,00:24:54,277.5
2026/7/5,00:26:38,288.2
2026/7/5,00:28:03,297.2
2026/7/5,00:30:11,308.1
2026/7/5,00:31:29,317.6
2026/7/5,00:32:59,328.0
2026/7/5,00:35:06,338.1
2026/7/5,01:06:20,98.6
2026/7/5,01:30:11,98.6
2026/7/5,01:32:39,108.6
2026/7/5,01:33:57,118.5
2026/7/5,01:35:16,128.5
2026/7/5,01:37:33,138.4
2026/7/5,01:38:52,148.3
2026/7/5,01:40:10,158.0
2026/7/5,01:42:28,167.8
2026/7/5,01:43:47,178.4
2026/7/5,01:45:06,188.7
2026/7/5,01:47:22,198.3
2026/7/5,01:48:42,207.6
2026/7/5,01:50:00,217.8
2026/7/5,01:52:17,228.7
2026/7/5,01:54:05,237.9
2026/7/5,01:55:52,247.7
2026/7/5,01:57:37,258.6
2026/7/5,01:58:56,267.7
2026/7/5,02:00:27,277.5
2026/7/5,02:02:32,288.2
2026/7/5,02:03:53,297.2
2026/7/5,02:05:10,308.1
2026/7/5,02:07:28,317.5
2026/7/5,02:08:48,328.0
2026/7/5,02:10:05,338.0
2026/7/5,03:35:23,98.6
2026/7/5,03:37:30,108.6
2026/7/5,03:38:50,118.5
2026/7/5,03:40:19,128.5
2026/7/5,03:42:26,138.4
2026/7/5,03:44:09,148.2
2026/7/5,03:45:03,158.0
2026/7/5,03:47:21,167.9
2026/7/5,03:48:40,178.4
2026/7/5,03:49:59,188.6
2026/7/5,03:52:15,198.3
2026/7/5,03:53:35,207.5
2026/7/5,03:54:53,217.8
2026/7/5,03:57:11,228.7
2026/7/5,03:58:54,238.0
2026/7/5,04:00:19,247.6
2026/7/5,04:02:27,258.6
2026/7/5,04:03:46,267.7
2026/7/5,04:05:15,277.5
2026/7/5,04:07:23,288.2
2026/7/5,04:08:43,297.2
2026/7/5,04:10:00,308.1
2026/7/5,04:12:18,317.6
2026/7/5,04:13:38,328.0
2026/7/5,04:14:55,338.3
2026/7/5,05:42:10,98.6
2026/7/5,07:09:50,98.6
2026/7/5,07:12:01,108.6
2026/7/5,07:13:32,118.5
2026/7/5,07:14:57,128.5
2026/7/5,07:16:57,138.4
2026/7/5,07:18:15,148.2
2026/7/5,07:19:34,158.0
2026/7/5,07:21:52,167.8
2026/7/5,07:23:35,178.4
2026/7/5,07:25:40,188.6
2026/7/5,07:27:09,198.3
2026/7/5,07:28:28,207.6
2026/7/5,07:29:56,217.8
2026/7/5,07:32:04,228.7
2026/7/5,07:33:24,238.0
2026/7/5,07:34:42,247.6
2026/7/5,07:37:00,258.6
2026/7/5,07:38:20,267.7
2026/7/5,07:39:38,277.5
2026/7/5,07:41:55,288.2
2026/7/5,07:43:15,297.2
2026/7/5,07:44:32,308.1
2026/7/5,07:46:50,317.7
2026/7/5,07:48:33,327.9
2026/7/5,07:49:58,338.0
2026/7/5,09:23:27,98.6
2026/7/5,09:25:42,108.6
2026/7/5,09:27:11,118.5
2026/7/5,09:28:36,128.5
2026/7/5,09:30:37,138.4
2026/7/5,09:32:21,148.2
2026/7/5,09:33:46,158.0
2026/7/5,09:35:56,167.9
2026/7/5,09:37:15,178.4
2026/7/5,09:38:40,188.6
2026/7/5,09:40:50,198.4
2026/7/5,09:42:10,207.6
2026/7/5,09:43:28,217.8
2026/7/5,09:45:45,228.7
2026/7/5,09:47:05,238.0
2026/7/5,09:48:23,247.6
2026/7/5,09:50:40,258.6
2026/7/5,09:52:00,267.7
2026/7/5,09:53:18,277.5
2026/7/5,09:55:35,288.2
2026/7/5,09:57:10,297.1
2026/7/5,09:58:50,308.1
2026/7/5,10:00:54,317.6
2026/7/5,10:02:14,328.0
2026/7/5,10:03:47,337.9
2026/7/5,11:28:22,98.6
2026/7/5,11:30:39,108.6
2026/7/5,11:32:23,118.5
2026/7/5,11:33:17,128.5
2026/7/5,11:35:51,138.4
2026/7/5,11:37:19,148.3
2026/7/5,11:38:44,158.0
2026/7/5,11:41:21,167.9
2026/7/5,11:42:40,178.4
2026/7/5,11:43:57,188.6
2026/7/5,11:46:30,198.4
2026/7/5,11:47:56,207.7
2026/7/5,11:49:22,217.8
2026/7/5,11:51:41,228.7
2026/7/5,11:53:07,238.0
2026/7/5,11:54:32,247.6
2026/7/5,11:56:52,258.6
2026/7/5,11:58:18,267.7
2026/7/5,11:59:44,277.5
2026/7/5,12:02:04,288.2
2026/7/5,12:03:31,297.2
2026/7/5,12:04:58,308.1
2026/7/5,12:07:37,317.6
2026/7/5,12:08:56,328.0
2026/7/5,12:10:15,338.0
2026/7/5,13:37:11,158.0
2026/7/5,13:39:23,167.9
2026/7/5,13:40:53,178.4
2026/7/5,13:42:19,188.7
2026/7/5,13:44:34,198.1
2026/7/5,13:46:01,207.6
2026/7/5,13:47:28,217.8
2026/7/5,13:50:09,228.6
2026/7/5,13:51:28,238.0
2026/7/5,13:52:45,247.6
2026/7/5,13:55:19,258.6
2026/7/5,13:56:44,267.7
2026/7/5,13:58:10,277.5
2026/7/5,14:00:30,288.2
2026/7/5,14:01:56,297.2
2026/7/5,14:03:22,308.1
2026/7/5,14:05:42,317.6
2026/7/5,14:07:07,328.0
2026/7/5,14:08:32,338.0
2026/7/5,15:34:14,98.6
2026/7/5,15:36:21,108.6
2026/7/5,15:38:03,118.5
2026/7/5,15:38:58,128.5
2026/7/5,15:41:17,138.4
2026/7/5,15:43:00,148.3
2026/7/5,15:43:53,158.0
2026/7/5,15:46:11,167.9
2026/7/5,15:47:29,178.4
2026/7/5,15:48:49,188.6
2026/7/5,15:51:04,198.3
2026/7/5,15:52:48,207.6
2026/7/5,15:54:13,217.8
2026/7/5,15:56:19,228.7
2026/7/5,15:57:38,238.0
2026/7/5,15:59:09,247.6
2026/7/5,16:01:14,258.6
2026/7/5,16:02:34,267.8
2026/7/5,16:03:52,277.5
2026/7/5,16:06:10,288.2
2026/7/5,16:07:30,297.2
2026/7/5,16:08:48,308.1
2026/7/5,16:11:05,317.6
2026/7/5,16:12:25,327.9
2026/7/5,16:13:43,337.9
2026/7/5,17:21:02,98.6
2026/7/5,17:23:20,108.6
2026/7/5,17:25:01,118.5
2026/7/5,17:26:00,128.5
2026/7/5,17:28:18,138.4
2026/7/5,17:29:59,148.3
2026/7/5,17:30:57,158.0
2026/7/5,17:33:16,167.9
2026/7/5,17:34:57,178.4
2026/7/5,17:36:42,188.7
2026/7/5,17:38:34,198.0
2026/7/5,17:39:53,207.6
2026/7/5,17:41:22,217.8
2026/7/5,17:43:30,228.7
2026/7/5,17:45:11,238.0
2026/7/5,17:46:11,247.7
2026/7/5,17:48:27,258.6
2026/7/5,17:50:07,267.7
2026/7/5,17:51:08,277.5
2026/7/5,17:53:24,288.2
2026/7/5,17:55:04,297.2
2026/7/5,17:56:04,308.1
2026/7/5,17:58:21,317.6
2026/7/5,18:00:01,328.0
2026/7/5,18:01:26,338.3
2026/7/5,19:30:08,98.6
2026/7/5,19:32:19,108.6
2026/7/5,19:33:50,118.5
2026/7/5,19:35:15,128.5
2026/7/5,19:37:27,138.4
2026/7/5,19:38:57,148.3
2026/7/5,19:40:23,158.0
2026/7/5,19:42:35,167.9
2026/7/5,19:44:05,178.4
2026/7/5,19:45:28,188.6
2026/7/5,19:48:02,198.3
2026/7/5,19:49:20,207.7
2026/7/5,19:50:39,217.8
2026/7/5,19:53:09,228.7
2026/7/5,19:54:38,238.0
2026/7/5,19:56:04,247.6
2026/7/5,19:58:16,258.6
2026/7/5,19:59:45,267.7
2026/7/5,20:01:11,277.5
2026/7/5,20:03:23,288.2
2026/7/5,20:04:53,297.2
2026/7/5,20:06:18,308.1
2026/7/5,20:08:31,317.6
2026/7/5,20:10:00,328.0
2026/7/5,20:11:25,337.9
2026/7/5,21:39:01,98.6
2026/7/5,21:41:17,108.6
2026/7/5,21:42:47,118.5
2026/7/5,21:44:12,128.5
2026/7/5,21:46:12,138.4
2026/7/5,21:47:55,148.2
2026/7/5,21:48:49,158.0
2026/7/5,21:51:08,167.9
2026/7/5,21:52:51,178.4
2026/7/5,21:54:13,188.6
2026/7/5,21:56:24,198.4
2026/7/5,21:57:43,207.6
2026/7/5,21:59:10,217.8
2026/7/5,22:01:19,228.7
2026/7/5,22:02:39,238.0
2026/7/5,22:03:56,247.6
2026/7/5,22:06:14,258.5
2026/7/5,22:07:34,267.8
2026/7/5,22:08:51,277.5
2026/7/5,22:11:08,288.2
2026/7/5,22:12:29,297.1
2026/7/5,22:13:46,308.1
2026/7/5,22:16:04,317.6
2026/7/5,22:17:47,327.9
2026/7/5,22:19:13,337.9
2026/7/6,02:42:22,98.6
2026/7/6,02:43:41,108.6
2026/7/6,02:45:59,118.5
2026/7/6,02:47:18,128.5
2026/7/6,02:48:37,138.4
2026/7/6,02:50:54,148.3
2026/7/6,02:52:13,158.0
2026/7/6,02:53:32,167.9
2026/7/6,02:55:50,178.4
2026/7/6,02:57:32,188.6
2026/7/6,02:58:57,198.2
2026/7/6,03:01:08,207.4
2026/7/6,03:02:27,217.8
2026/7/6,03:03:55,228.7
2026/7/6,03:06:04,238.0
2026/7/6,03:07:45,247.7
2026/7/6,03:08:43,258.6
2026/7/6,03:10:59,267.7
2026/7/6,03:12:20,277.5
2026/7/6,03:13:37,288.2
2026/7/6,03:15:55,297.2
2026/7/6,03:17:15,308.1
2026/7/6,03:18:33,317.6
2026/7/6,03:20:49,328.0
2026/7/6,03:22:33,338.0
2026/7/6,06:09:03,98.6
2026/7/6,06:10:21,108.6
2026/7/6,06:11:41,118.5
2026/7/6,06:13:58,128.5
2026/7/6,06:15:44,138.4
2026/7/6,06:17:10,148.3
2026/7/6,06:19:16,158.0
2026/7/6,06:20:35,167.8
2026/7/6,06:22:06,178.4
2026/7/6,06:24:11,188.7
2026/7/6,06:25:51,198.1
2026/7/6,06:26:48,207.6
2026/7/6,06:29:04,217.8
2026/7/6,06:30:25,228.6
2026/7/6,06:31:42,238.0
2026/7/6,06:34:00,247.6
2026/7/6,06:35:20,258.6
2026/7/6,06:36:37,267.7
2026/7/6,06:38:54,277.5
2026/7/6,06:40:38,288.2
2026/7/6,06:42:04,297.2
2026/7/6,06:44:13,308.1
2026/7/6,06:45:32,317.6
2026/7/6,06:47:01,327.9
2026/7/6,06:49:09,338.0
2026/7/6,08:23:39,258.6
2026/7/6,08:23:58,267.8
2026/7/6,08:27:27,277.5
2026/7/6,08:28:20,288.2
2026/7/6,09:51:42,98.6
2026/7/6,09:53:01,108.6
2026/7/6,09:54:20,118.5
2026/7/6,09:56:38,128.5
2026/7/6,09:57:56,138.4
2026/7/6,09:59:15,148.2
2026/7/6,10:01:32,158.0
2026/7/6,10:02:50,167.8
2026/7/6,10:04:10,178.4
2026/7/6,10:06:26,188.6
2026/7/6,10:08:11,198.3
2026/7/6,10:09:37,207.6
2026/7/6,10:11:46,217.8
2026/7/6,10:13:04,228.7
2026/7/6,10:14:33,237.9
2026/7/6,10:16:41,247.6
2026/7/6,10:18:01,258.6
2026/7/6,10:19:19,267.7
2026/7/6,10:21:36,277.5
2026/7/6,10:22:56,288.2
2026/7/6,10:24:14,297.2
2026/7/6,10:26:31,308.1
2026/7/6,10:27:51,317.5
2026/7/6,10:29:09,327.9
2026/7/6,10:31:26,337.9
2026/7/6,12:34:11,98.6
2026/7/6,12:35:29,108.6
2026/7/6,12:36:49,118.5
2026/7/6,12:39:06,128.4
2026/7/6,17:55:40,118.5
2026/7/6,17:57:23,128.5
2026/7/6,17:58:17,178.4
2026/7/6,18:00:35,188.6
2026/7/6,18:02:20,198.1
2026/7/6,18:03:45,258.6
2026/7/6,18:05:53,308.1
2026/7/6,18:07:12,327.9
2026/7/6,18:08:42,338.1
2026/7/6,19:35:36,98.6
2026/7/6,19:37:53,108.6
2026/7/6,19:39:37,118.5
2026/7/6,19:40:30,128.5
2026/7/6,19:42:58,138.4
2026/7/6,19:44:33,148.2
2026/7/6,19:45:58,158.0
2026/7/6,19:48:28,167.9
2026/7/6,19:49:48,178.4
2026/7/6,19:51:04,188.6
2026/7/6,19:53:36,198.2
2026/7/6,19:55:04,207.6
2026/7/6,19:56:29,217.8
2026/7/6,19:58:46,228.7
2026/7/6,20:00:13,237.9
2026/7/6,20:01:39,247.6
2026/7/6,20:03:54,258.6
2026/7/6,20:05:23,267.7
2026/7/6,20:06:48,277.5
2026/7/6,20:09:02,288.2
2026/7/6,20:10:31,297.2
2026/7/6,20:11:57,308.1
2026/7/6,20:14:31,317.6
2026/7/6,20:15:50,328.0
2026/7/6,20:17:09,338.0
2026/7/7,03:09:28,98.6
2026/7/7,03:10:47,108.6
2026/7/7,03:12:06,118.5
2026/7/7,03:14:41,128.5
2026/7/7,03:16:08,138.4
2026/7/7,03:17:35,148.2
2026/7/7,03:20:17,158.0
2026/7/7,03:21:36,167.9
2026/7/7,03:22:54,178.4
2026/7/7,03:25:26,188.6
2026/7/7,03:26:52,198.1
2026/7/7,03:28:17,207.6
2026/7/7,03:30:38,217.8
2026/7/7,03:32:03,228.7
2026/7/7,03:33:28,238.0
2026/7/7,03:35:50,247.6
2026/7/7,03:37:15,258.6
2026/7/7,03:38:40,267.7
2026/7/7,03:41:01,277.5
2026/7/7,03:42:27,288.2
2026/7/7,03:43:55,297.2
2026/7/7,03:46:34,308.1
2026/7/7,03:47:53,317.6
2026/7/7,03:49:11,328.0
2026/7/7,03:51:46,338.1
2026/7/7,04:34:56,98.6
2026/7/7,04:37:04,108.6
2026/7/7,04:38:23,118.5
2026/7/7,04:39:53,128.5
2026/7/7,04:41:59,138.4
2026/7/7,04:43:42,148.3
2026/7/7,04:44:36,158.0
2026/7/7,04:46:53,167.9
2026/7/7,04:48:11,178.4
2026/7/7,04:49:30,188.7
2026/7/7,04:51:46,198.3
2026/7/7,04:53:06,207.6
2026/7/7,04:54:24,217.8
2026/7/7,04:56:40,228.7
2026/7/7,04:58:27,237.9
2026/7/7,04:59:52,247.6
2026/7/7,05:01:56,258.6
2026/7/7,05:03:15,267.7
2026/7/7,05:04:48,277.5
2026/7/7,05:06:52,288.2
2026/7/7,05:08:12,297.1
2026/7/7,05:09:29,308.1
2026/7/7,05:11:46,317.6
2026/7/7,05:13:06,327.9
2026/7/7,05:14:23,338.2
2026/7/7,07:40:17,98.6
2026/7/7,07:43:14,108.6
2026/7/7,07:44:32,118.5
2026/7/7,07:47:31,128.5
2026/7/7,07:48:57,138.4
2026/7/7,07:52:01,148.2
2026/7/7,07:53:19,158.0
2026/7/7,07:56:14,167.9
2026/7/7,07:57:34,178.4
2026/7/7,08:00:30,188.6
2026/7/7,08:01:50,198.1
2026/7/7,08:05:02,207.6
2026/7/7,08:06:23,217.8
2026/7/7,08:09:18,228.7
2026/7/7,08:10:47,238.0
2026/7/7,08:13:50,247.6
2026/7/7,08:15:23,258.6
2026/7/7,08:18:05,267.7
2026/7/7,08:19:25,277.5
2026/7/7,08:22:21,288.2
2026/7/7,08:23:41,297.1
2026/7/7,08:26:36,308.1
2026/7/7,08:27:57,317.5
2026/7/7,08:30:53,327.9
2026/7/7,08:32:22,338.1
2026/7/7,12:00:13,98.6
2026/7/7,12:01:31,108.6
2026/7/7,12:05:11,118.5
2026/7/7,12:06:46,128.4
2026/7/7,12:09:40,138.4
2026/7/7,12:11:19,148.2
2026/7/7,12:13:57,158.0
2026/7/7,12:15:15,167.9
2026/7/7,12:18:13,178.4
2026/7/7,12:19:33,188.7
2026/7/7,12:22:30,198.2
2026/7/7,12:23:50,207.6
2026/7/7,12:26:47,217.8
2026/7/7,12:28:16,228.5
2026/7/7,12:31:18,238.0
2026/7/7,12:32:52,247.6
2026/7/7,12:35:34,258.6
2026/7/7,12:36:54,267.8
2026/7/7,12:39:50,277.5
2026/7/7,12:41:10,288.2
2026/7/7,12:44:07,297.2
2026/7/7,12:45:27,308.1
2026/7/7,12:48:24,317.6
2026/7/7,12:49:53,327.9
2026/7/7,12:52:56,337.9
2026/7/7,17:00:49,98.6
2026/7/7,17:02:08,108.6
2026/7/7,17:05:38,118.5
2026/7/7,17:06:56,128.5
2026/7/7,17:09:49,138.4
2026/7/7,17:11:08,148.3
2026/7/7,17:14:02,158.0
2026/7/7,17:15:20,167.9
2026/7/7,17:18:13,178.4
2026/7/7,17:19:41,188.6
2026/7/7,17:22:40,198.1
2026/7/7,17:24:18,207.6
2026/7/7,17:26:52,217.8
2026/7/7,17:28:12,228.5
2026/7/7,17:31:04,237.9
2026/7/7,17:32:24,247.6
2026/7/7,17:35:17,258.6
2026/7/7,17:36:37,267.8
2026/7/7,17:39:29,277.5
2026/7/7,17:40:58,288.2
2026/7/7,17:43:57,297.2
2026/7/7,17:45:34,308.1
2026/7/7,17:48:09,317.6
2026/7/7,17:49:29,328.0
2026/7/7,17:52:21,337.9
2026/7/7,20:27:25,98.6
2026/7/7,21:40:01,98.6
2026/7/7,21:41:00,108.6
2026/7/7,21:44:04,118.5
2026/7/7,21:45:38,128.5
2026/7/7,21:48:20,138.4
2026/7/7,21:49:38,148.3
2026/7/7,21:52:35,158.0
2026/7/7,21:53:54,167.9
2026/7/7,21:56:49,178.4
2026/7/7,21:58:09,188.6
2026/7/7,22:01:04,198.1
2026/7/7,22:02:33,207.6
2026/7/7,22:05:35,217.8
2026/7/7,22:06:55,228.6
2026/7/7,22:09:50,237.9
2026/7/7,22:11:10,247.7
2026/7/7,22:14:05,258.6
2026/7/7,22:15:25,267.8
2026/7/7,22:18:20,277.5
2026/7/7,22:19:41,288.2
2026/7/7,22:22:36,297.2
2026/7/7,22:24:05,308.1
2026/7/7,22:27:07,317.5
2026/7/7,22:28:41,328.0
2026/7/7,22:31:23,338.0
2026/7/7,22:57:45,98.6
2026/7/7,22:59:02,108.6
2026/7/7,23:02:07,118.4
2026/7/7,23:03:26,128.5
2026/7/7,23:07:00,138.4
2026/7/7,23:08:19,148.2
2026/7/7,23:11:52,158.0
2026/7/7,23:13:11,167.8
2026/7/7,23:16:44,178.4
2026/7/7,23:18:26,188.6
2026/7/7,23:21:50,198.3
2026/7/7,23:23:09,207.6
2026/7/7,23:26:41,217.8
2026/7/7,23:28:20,228.7
2026/7/7,23:31:31,238.0
2026/7/7,23:33:11,247.6
2026/7/7,23:36:25,258.6
2026/7/7,23:38:01,267.7
2026/7/7,23:41:16,277.5
2026/7/7,23:42:55,288.3
2026/7/7,23:46:24,297.2
2026/7/7,23:47:42,308.1
2026/7/7,23:51:14,317.6
2026/7/7,23:52:54,328.0
2026/7/7,23:56:07,337.8
2026/7/8,01:59:02,98.6
2026/7/8,02:02:13,108.6
2026/7/8,02:03:53,118.5
2026/7/8,02:07:06,128.5
2026/7/8,02:08:45,138.4
2026/7/8,02:12:15,148.3
2026/7/8,02:13:34,158.0
2026/7/8,02:17:06,167.9
2026/7/8,02:18:43,178.4
2026/7/8,02:22:00,188.6
2026/7/8,02:23:37,198.3
2026/7/8,02:26:53,207.6
2026/7/8,02:28:30,217.8
2026/7/8,02:31:46,228.7
2026/7/8,02:33:23,237.9
2026/7/8,02:36:57,247.6
2026/7/8,02:38:16,258.6
2026/7/8,02:41:51,267.7
2026/7/8,02:43:28,277.5
2026/7/8,02:46:46,288.2
2026/7/8,02:48:22,297.2
2026/7/8,02:51:39,308.1
2026/7/8,02:53:17,317.6
2026/7/8,02:56:33,328.0
2026/7/8,02:58:10,338.0
2026/7/8,04:49:31,98.6
2026/7/8,04:51:07,108.6
2026/7/8,04:53:44,118.5
2026/7/8,04:55:02,138.4
2026/7/8,04:57:58,148.2
2026/7/8,04:59:16,158.0
2026/7/8,05:02:13,167.9
2026/7/8,05:03:31,178.4
2026/7/8,05:06:25,188.6
2026/7/8,05:07:54,198.4
2026/7/8,05:10:55,207.6
2026/7/8,05:12:30,217.8
2026/7/8,05:15:09,228.7
2026/7/8,05:16:29,247.7
2026/7/8,05:19:24,258.6
2026/7/8,05:20:44,267.8
2026/7/8,05:23:38,288.2
2026/7/8,05:24:58,297.2
2026/7/8,05:27:52,308.1
2026/7/8,05:29:21,317.5
2026/7/8,05:32:22,337.9
2026/7/8,06:24:12,98.6
2026/7/8,06:25:29,108.6
2026/7/8,06:28:34,118.4
2026/7/8,06:29:53,128.4
2026/7/8,06:33:24,138.4
2026/7/8,06:34:43,148.3
2026/7/8,06:38:13,158.0
2026/7/8,06:39:32,167.9
2026/7/8,06:43:02,178.4
2026/7/8,06:44:31,188.6
2026/7/8,06:48:08,198.1
2026/7/8,06:49:26,207.6
2026/7/8,06:52:57,217.8
2026/7/8,06:54:17,228.5
2026/7/8,06:57:45,238.0
2026/7/8,06:59:05,247.7
2026/7/8,07:02:34,258.6
2026/7/8,07:04:15,267.7
2026/7/8,07:07:23,277.5
2026/7/8,07:09:05,288.2
2026/7/8,07:12:28,297.2
2026/7/8,07:13:47,308.1
2026/7/8,07:17:15,317.6
2026/7/8,07:18:36,328.0
2026/7/8,07:22:05,337.8
2026/7/8,18:28:10,258.7
2026/7/8,18:28:29,267.7
2026/7/8,18:32:35,277.5
2026/7/8,18:33:28,288.2
2026/7/8,19:00:50,217.8
2026/7/8,19:01:08,228.5
2026/7/8,19:05:41,238.0
2026/7/8,19:06:34,247.7
2026/7/8,21:02:12,98.6
2026/7/8,21:03:31,108.6
2026/7/8,21:06:53,118.5
2026/7/8,21:08:11,128.5
2026/7/8,21:11:42,138.4
2026/7/8,21:13:00,148.2
2026/7/8,21:16:32,158.0
2026/7/8,21:17:50,167.9
2026/7/8,21:21:19,178.4
2026/7/8,21:23:07,188.6
2026/7/8,21:26:24,198.4
2026/7/8,21:27:42,207.6
2026/7/8,21:31:12,217.8
2026/7/8,21:32:32,228.6
2026/7/8,21:36:00,237.9
2026/7/8,21:37:20,247.6
2026/7/8,21:40:50,258.6
2026/7/8,21:42:31,267.7
2026/7/8,21:45:38,277.5
2026/7/8,21:47:21,288.2
2026/7/8,21:50:40,297.2
2026/7/8,21:51:59,308.1
2026/7/8,21:55:28,317.6
2026/7/8,21:56:48,327.9
2026/7/8,22:00:16,338.1
2026/7/8,23:11:11,297.2
2026/7/8,23:11:38,308.1
2026/7/8,23:11:58,317.6
2026/7/8,23:14:29,327.9
2026/7/9,00:17:38,98.6
2026/7/9,00:19:20,108.6
2026/7/9,00:23:07,118.5
2026/7/9,00:24:09,128.5
2026/7/9,00:26:43,138.4
2026/7/9,00:28:02,148.3
2026/7/9,00:31:06,158.0
2026/7/9,00:32:34,167.8
2026/7/9,00:35:30,178.4
2026/7/9,00:37:09,188.6
2026/7/9,00:39:47,198.1
2026/7/9,00:41:06,207.6
2026/7/9,00:44:03,217.8
2026/7/9,00:45:23,228.5
2026/7/9,00:48:19,238.0
2026/7/9,00:49:40,247.7
2026/7/9,00:52:43,258.6
2026/7/9,00:54:12,267.8
2026/7/9,00:57:08,277.5
2026/7/9,00:58:28,288.2
2026/7/9,01:01:24,297.2
2026/7/9,01:02:45,308.1
2026/7/9,01:05:40,317.6
2026/7/9,01:07:01,327.9
2026/7/9,01:09:57,338.0
2026/7/9,02:56:51,98.6
2026/7/9,03:00:01,108.6
2026/7/9,03:01:42,118.5
2026/7/9,03:04:39,128.5
2026/7/9,03:05:57,138.4
2026/7/9,03:09:00,148.3
2026/7/9,03:10:25,158.0
2026/7/9,03:13:19,167.9
2026/7/9,03:14:39,178.4
2026/7/9,03:17:33,188.6
2026/7/9,03:18:53,198.2
2026/7/9,03:21:47,207.4
2026/7/9,03:23:07,217.8
2026/7/9,03:26:01,228.7
2026/7/9,03:27:21,238.0
2026/7/9,03:30:21,247.6
2026/7/9,03:31:49,258.7
2026/7/9,03:34:42,267.7
2026/7/9,03:36:02,277.5
2026/7/9,03:38:55,288.2
2026/7/9,03:40:16,297.2
2026/7/9,03:43:09,308.1
2026/7/9,03:44:30,317.6
2026/7/9,03:47:23,328.0
2026/7/9,03:48:43,338.0
2026/7/9,08:03:30,98.6
2026/7/9,08:05:06,108.6
2026/7/9,08:07:44,118.4
2026/7/9,08:09:04,128.5
2026/7/9,08:12:19,138.4
2026/7/9,08:13:38,148.3
2026/7/9,08:16:55,158.0
2026/7/9,08:18:15,167.9
2026/7/9,08:21:32,178.4
2026/7/9,08:23:00,188.6
2026/7/9,08:26:24,198.1
2026/7/9,08:27:44,207.5
2026/7/9,08:31:02,217.8
2026/7/9,08:32:23,228.5
2026/7/9,08:35:40,237.9
2026/7/9,08:37:01,247.7
2026/7/9,08:40:17,258.6
2026/7/9,08:41:38,267.7
2026/7/9,08:44:55,277.5
2026/7/9,08:46:23,288.2
2026/7/9,08:49:45,297.2
2026/7/9,08:51:06,308.1
2026/7/9,08:54:24,317.6
2026/7/9,08:55:45,328.0
2026/7/9,08:59:00,337.9
2026/7/9,16:23:27,98.6
2026/7/9,16:24:54,108.6
2026/7/9,16:26:17,118.5
2026/7/9,16:27:41,128.5
2026/7/9,17:40:24,98.6
2026/7/9,17:41:21,108.6
2026/7/9,17:42:52,118.5
2026/7/9,17:44:10,128.5
2026/7/10,06:04:42,178.4
2026/7/10,06:05:00,188.6
2026/7/10,06:08:59,198.1
2026/7/10,06:09:50,207.6
2026/7/10,09:24:00,98.6
2026/7/10,09:26:57,108.6
2026/7/10,09:28:16,118.5
2026/7/10,09:31:13,128.5
2026/7/10,09:32:41,138.4
2026/7/10,09:35:44,148.3
2026/7/10,09:37:18,158.0
2026/7/10,09:39:58,167.9
2026/7/10,09:41:17,178.4
2026/7/10,09:44:12,188.6
2026/7/10,09:45:32,198.2
2026/7/10,09:48:28,207.6
2026/7/10,09:49:48,217.8
2026/7/10,09:52:43,228.7
2026/7/10,09:54:12,238.0
2026/7/10,09:57:16,247.6
2026/7/10,09:58:48,258.6
2026/7/10,10:01:31,267.7
2026/7/10,10:02:51,277.5
2026/7/10,10:05:46,288.2
2026/7/10,10:07:06,297.1
2026/7/10,10:10:01,308.1
2026/7/10,10:11:21,317.6
2026/7/10,10:14:16,327.9
2026/7/10,10:15:45,338.1
2026/7/10,12:06:46,98.6
2026/7/10,12:08:19,108.6
2026/7/10,12:11:03,118.5
2026/7/10,12:12:22,128.5
2026/7/10,12:15:18,138.4
2026/7/10,12:16:37,148.3
2026/7/10,12:19:32,158.0
2026/7/10,12:21:25,167.9
2026/7/10,12:23:45,178.4
2026/7/10,12:25:12,188.6
2026/7/10,12:28:13,198.1
2026/7/10,12:29:50,207.6
2026/7/10,12:32:27,217.8
2026/7/10,12:33:46,228.5
2026/7/10,12:36:40,238.0
2026/7/10,12:38:00,247.7
2026/7/10,12:40:54,258.6
2026/7/10,12:42:14,267.7
2026/7/10,12:45:08,277.5
2026/7/10,12:46:37,288.2
2026/7/10,12:49:37,297.2
2026/7/10,12:51:14,308.1
2026/7/10,12:53:51,317.6
2026/7/10,12:55:11,327.9
2026/7/10,12:58:05,338.1
2026/7/10,13:55:00,98.6
2026/7/10,13:56:30,108.6
2026/7/10,13:59:21,118.5
2026/7/10,14:00:39,128.5
2026/7/10,14:03:34,138.4
2026/7/10,14:04:52,148.2
2026/7/10,14:07:48,158.0
2026/7/10,14:09:07,167.9
2026/7/10,14:12:01,178.5
2026/7/10,14:13:29,188.7
2026/7/10,14:16:30,198.2
2026/7/10,14:18:05,207.6
2026/7/10,14:20:44,217.8
2026/7/10,14:22:04,228.6
2026/7/10,14:24:58,237.9
2026/7/10,14:26:18,247.7
2026/7/10,14:29:12,258.6
2026/7/10,14:30:32,267.8
2026/7/10,14:33:26,277.5
2026/7/10,14:34:54,288.2
2026/7/10,14:37:55,297.2
2026/7/10,14:39:32,308.1
2026/7/10,14:42:09,317.6
2026/7/10,14:43:29,327.9
2026/7/10,14:46:23,338.2
2026/7/10,16:23:00,98.6
2026/7/10,16:26:04,108.6
2026/7/10,16:27:39,118.5
2026/7/10,16:30:27,128.5
2026/7/10,16:31:47,138.4
2026/7/10,16:35:10,148.2
2026/7/10,16:36:30,158.0
2026/7/10,16:39:52,167.9
2026/7/10,16:41:13,178.4
2026/7/10,16:44:32,188.6
2026/7/10,16:46:02,198.2
2026/7/10,16:49:29,207.7
2026/7/10,16:50:50,217.8
2026/7/10,16:54:10,228.7
2026/7/10,16:55:32,238.0
2026/7/10,16:58:52,247.6
2026/7/10,17:00:14,258.6
2026/7/10,17:03:32,267.7
2026/7/10,17:04:54,277.5
2026/7/10,17:08:15,288.2
2026/7/10,17:09:43,297.2
2026/7/10,17:13:09,308.1
2026/7/10,17:14:31,317.6
2026/7/10,17:17:51,328.0
2026/7/10,17:19:12,338.0
2026/7/10,18:33:30,98.6
2026/7/10,18:34:24,108.6
2026/7/10,18:36:41,118.5
2026/7/10,18:38:26,128.5
2026/7/10,18:39:51,138.4
2026/7/10,18:41:53,148.2
2026/7/10,18:43:26,158.0
2026/7/10,18:44:51,167.9
2026/7/10,18:46:54,178.4
2026/7/10,18:48:12,188.6
2026/7/10,18:49:32,198.2
2026/7/10,18:51:47,207.6
2026/7/10,18:53:09,217.8
2026/7/10,18:54:26,228.7
2026/7/10,18:56:42,237.9
2026/7/10,18:58:04,247.7
2026/7/10,18:59:21,258.6
2026/7/10,19:01:39,267.7
2026/7/10,19:03:00,277.5
2026/7/10,19:04:47,288.1
2026/7/10,19:06:47,297.2
2026/7/10,19:08:22,308.1
2026/7/10,19:09:48,317.6
2026/7/10,19:11:49,328.0
2026/7/10,19:13:09,337.9
2026/7/10,23:23:42,98.6
2026/7/10,23:23:59,108.6
2026/7/10,23:24:23,118.5
2026/7/10,23:26:17,128.5
2026/7/11,08:26:03,98.6
2026/7/11,08:27:22,108.6
2026/7/11,08:29:39,118.5
2026/7/11,08:30:58,128.5
2026/7/11,08:32:25,138.4
2026/7/11,08:35:01,148.2
2026/7/11,08:36:31,158.0
2026/7/11,08:37:50,167.9
2026/7/11,08:40:19,178.4
2026/7/11,08:41:37,188.6
2026/7/11,08:43:03,198.3
2026/7/11,08:45:23,207.4
2026/7/11,08:46:55,217.8
2026/7/11,08:48:20,228.7
2026/7/11,08:50:28,237.9
2026/7/11,08:52:01,247.6
2026/7/11,08:53:26,258.6
2026/7/11,08:55:34,267.7
2026/7/11,08:57:06,277.5
2026/7/11,08:58:31,288.2
2026/7/11,09:00:56,297.2
2026/7/11,09:02:25,308.1
2026/7/11,09:03:44,317.6
2026/7/11,09:06:11,328.0
2026/7/11,09:07:31,337.9
2026/7/11,10:34:14,98.6
2026/7/11,10:35:32,108.6
2026/7/11,10:37:49,118.4
2026/7/11,10:39:08,128.5
2026/7/11,10:40:35,138.4
2026/7/11,10:42:58,148.2
2026/7/11,10:44:34,158.0
2026/7/11,10:45:59,167.9
2026/7/11,10:48:02,178.4
2026/7/11,10:49:20,188.7
2026/7/11,10:51:00,198.1
2026/7/11,10:52:55,207.4
2026/7/11,10:54:16,217.8
2026/7/11,10:55:34,228.7
2026/7/11,10:57:50,238.0
2026/7/11,10:59:11,247.6
2026/7/11,11:00:28,258.6
2026/7/11,11:02:45,267.7
2026/7/11,11:04:06,277.5
2026/7/11,11:05:30,288.2
2026/7/11,11:07:56,297.2
2026/7/11,11:09:28,308.1
2026/7/11,11:10:53,317.6
2026/7/11,11:13:00,327.9
2026/7/11,11:14:20,337.9
2026/7/11,12:39:08,98.6
2026/7/11,12:40:27,108.6
2026/7/11,12:42:43,118.5
2026/7/11,12:44:03,128.5
2026/7/11,13:46:30,98.6
2026/7/11,13:47:58,108.6
2026/7/11,13:50:15,118.4
2026/7/11,13:51:49,128.5
2026/7/11,13:53:14,138.4
2026/7/11,13:55:10,148.2
2026/7/11,13:56:54,158.0
2026/7/11,13:57:49,167.9
2026/7/11,14:00:05,178.4
2026/7/11,14:01:25,188.6
2026/7/11,14:03:13,198.2
2026/7/11,14:05:17,207.6
2026/7/11,14:06:48,217.8
2026/7/11,14:08:13,228.7
2026/7/11,14:10:20,237.9
2026/7/11,14:11:41,247.6
2026/7/11,14:13:21,258.6
2026/7/11,14:15:16,267.7
2026/7/11,14:16:37,277.5
2026/7/11,14:17:54,288.2
2026/7/11,14:20:10,297.2
2026/7/11,14:21:32,308.1
2026/7/11,14:22:49,317.6
2026/7/11,14:25:06,328.0
2026/7/11,14:26:27,338.1
2026/7/11,15:10:13,98.6
2026/7/11,15:11:57,108.6
2026/7/11,15:12:52,118.5
2026/7/11,15:15:08,128.5
2026/7/11,15:16:53,138.4
2026/7/11,15:18:18,148.2
2026/7/11,15:20:27,158.0
2026/7/11,15:21:58,167.9
2026/7/11,15:23:16,178.4
2026/7/11,15:25:39,188.7
2026/7/11,15:27:00,198.2
2026/7/11,15:28:29,207.7
2026/7/11,15:30:42,217.8
2026/7/11,15:32:03,228.7
2026/7/11,15:33:41,237.9
2026/7/11,15:35:46,247.7
2026/7/11,15:37:07,258.6
2026/7/11,15:38:45,267.7
2026/7/11,15:40:50,277.5
2026/7/11,15:42:11,288.2
2026/7/11,15:43:49,297.2
2026/7/11,15:46:07,308.1
2026/7/11,15:47:37,317.6
2026/7/11,15:48:56,328.0
2026/7/11,15:51:18,338.0
2026/7/11,17:17:53,98.6
2026/7/11,17:19:13,108.6
2026/7/11,17:20:32,118.5
2026/7/11,17:23:08,128.5
2026/7/11,17:24:34,138.4
2026/7/11,17:25:59,148.2
2026/7/11,17:28:38,158.0
2026/7/11,17:30:07,167.9
2026/7/11,17:31:26,178.4
2026/7/11,17:34:02,188.6
2026/7/11,17:35:21,198.2
2026/7/11,17:36:41,207.6
2026/7/11,17:39:16,217.8
2026/7/11,17:40:39,228.6
2026/7/11,17:42:05,237.9
2026/7/11,17:44:31,247.6
2026/7/11,17:45:54,258.6
2026/7/11,17:47:20,267.7
2026/7/11,17:49:47,277.5
2026/7/11,17:51:09,288.3
2026/7/11,17:52:34,297.2
2026/7/11,17:55:17,308.1
2026/7/11,17:56:43,317.6
2026/7/11,17:58:02,328.0
2026/7/11,18:00:38,337.9
2026/7/11,19:25:51,98.6
2026/7/11,19:27:11,108.6
2026/7/11,19:28:29,118.5
2026/7/11,19:30:46,128.5
2026/7/11,19:32:06,138.4
2026/7/11,19:33:32,148.3
2026/7/11,19:35:55,158.0
2026/7/11,19:37:31,167.9
2026/7/11,19:38:57,178.4
2026/7/11,19:41:01,188.6
2026/7/11,19:42:19,198.3
2026/7/11,19:43:58,207.6
2026/7/11,19:45:54,217.8
2026/7/11,19:47:15,228.5
2026/7/11,19:48:32,238.0
2026/7/11,19:50:48,247.6
2026/7/11,19:52:10,258.5
2026/7/11,19:53:28,267.7
2026/7/11,19:55:44,277.5
2026/7/11,19:57:06,288.2
2026/7/11,19:58:54,297.2
2026/7/11,20:00:56,308.1
2026/7/11,20:02:28,317.6
2026/7/11,20:03:53,327.9
2026/7/11,20:06:02,337.9
2026/7/11,20:57:52,98.6
2026/7/11,20:59:13,108.6
2026/7/11,21:00:40,118.5
2026/7/11,21:02:59,128.5
2026/7/11,21:04:19,138.4
2026/7/11,21:05:55,148.2
2026/7/11,21:08:03,158.0
2026/7/11,21:09:37,167.9
2026/7/11,21:11:03,178.4
2026/7/11,21:13:09,188.7
2026/7/11,21:14:41,198.3
2026/7/11,21:16:07,207.6
2026/7/11,21:18:27,217.8
2026/7/11,21:19:56,228.5
2026/7/11,21:21:16,238.0
2026/7/11,21:23:42,247.7
2026/7/11,21:25:02,258.6
2026/7/11,21:26:31,267.7
2026/7/11,21:28:50,277.5
2026/7/11,21:30:20,288.2
2026/7/11,21:31:46,297.2
2026/7/11,21:33:57,308.1
2026/7/11,21:35:29,317.6
2026/7/11,21:36:54,328.0
2026/7/11,21:39:03,338.0
2026/7/11,23:05:31,98.6
2026/7/11,23:06:52,108.6
2026/7/11,23:08:34,118.5
2026/7/11,23:10:27,128.5
2026/7/11,23:12:11,138.4
2026/7/11,23:13:06,148.2
2026/7/11,23:15:22,158.0
2026/7/11,23:16:42,167.9
2026/7/11,23:18:00,178.4
2026/7/11,23:20:16,188.6
2026/7/11,23:21:37,198.3
2026/7/11,23:23:26,207.4
2026/7/11,23:25:29,217.8
2026/7/11,23:27:00,228.7
2026/7/11,23:28:25,237.9
2026/7/11,23:30:35,247.6
2026/7/11,23:31:55,258.6
2026/7/11,23:33:33,267.7
2026/7/11,23:35:30,277.5
2026/7/11,23:36:51,288.2
2026/7/11,23:38:09,297.2
2026/7/11,23:40:24,308.1
2026/7/11,23:41:45,317.6
2026/7/11,23:43:03,328.0
2026/7/11,23:45:19,337.9
2026/7/12,01:12:46,98.6
2026/7/12,01:14:06,108.6
2026/7/12,01:15:47,118.5
2026/7/12,01:17:41,128.5
2026/7/12,02:41:14,98.6
2026/7/12,02:42:42,108.6
2026/7/12,02:44:08,118.5
2026/7/12,02:46:23,128.5
2026/7/12,02:47:53,138.4
2026/7/12,02:49:18,148.3
2026/7/12,02:51:42,158.0
2026/7/12,02:53:13,167.9
2026/7/12,02:54:35,178.4
2026/7/12,02:57:12,188.6
2026/7/12,02:58:32,198.3
2026/7/12,02:59:51,207.4
2026/7/12,03:02:16,217.8
2026/7/12,03:03:37,228.7
2026/7/12,03:05:14,238.0
2026/7/12,03:07:18,247.6
2026/7/12,03:08:40,258.6
2026/7/12,03:10:19,267.7
2026/7/12,03:12:22,277.5
2026/7/12,03:13:43,288.2
2026/7/12,03:15:22,297.2
2026/7/12,03:17:43,308.1
2026/7/12,03:19:13,317.6
2026/7/12,03:20:32,328.0
2026/7/12,03:22:57,338.0
2026/7/12,03:54:31,98.6
2026/7/12,03:55:59,108.6
2026/7/12,03:57:17,118.4
2026/7/12,03:59:33,128.4
2026/7/12,04:00:53,138.4
2026/7/12,04:02:31,148.3
2026/7/12,04:04:45,158.0
2026/7/12,04:06:18,167.9
2026/7/12,04:07:44,178.4
2026/7/12,04:10:00,188.6
2026/7/12,04:11:27,198.1
2026/7/12,04:12:53,207.6
2026/7/12,04:15:20,217.8
2026/7/12,04:16:50,228.7
2026/7/12,04:18:09,237.9
2026/7/12,04:20:39,247.6
2026/7/12,04:21:59,258.6
2026/7/12,04:23:24,267.7
2026/7/12,04:25:49,277.5
2026/7/12,04:27:18,288.2
2026/7/12,04:28:43,297.2
2026/7/12,04:30:59,308.1
2026/7/12,04:32:28,317.6
2026/7/12,04:33:53,328.0
2026/7/12,04:36:18,337.9
2026/7/12,06:25:09,98.6
2026/7/12,06:27:25,108.6
2026/7/12,06:29:09,118.5
2026/7/12,06:30:04,128.5
2026/7/12,06:32:20,138.4
2026/7/12,06:34:04,148.3
2026/7/12,06:34:59,158.0
2026/7/12,06:37:16,167.8
2026/7/12,06:38:36,178.4
2026/7/12,06:40:24,188.6
2026/7/12,06:42:26,198.3
2026/7/12,06:43:59,207.6
2026/7/12,06:45:24,217.8
2026/7/12,06:47:28,228.7
2026/7/12,06:48:48,237.9
2026/7/12,06:50:07,247.6
2026/7/12,06:52:23,258.6
2026/7/12,06:53:44,267.7
2026/7/12,06:55:01,277.5
2026/7/12,06:57:39,288.2
2026/7/12,06:59:02,297.2
2026/7/12,06:59:58,308.1
2026/7/12,07:02:14,317.7
2026/7/12,07:03:35,328.0
2026/7/12,07:05:23,337.9
2026/7/12,07:55:43,258.6
2026/7/12,07:56:02,267.7
2026/7/12,07:59:26,277.5
2026/7/12,08:00:17,288.2
2026/7/12,08:50:15,98.6
2026/7/12,08:51:40,108.6
2026/7/12,08:53:54,118.5
2026/7/12,08:55:28,128.5
2026/7/12,08:56:54,138.4
2026/7/12,08:59:00,148.2
2026/7/12,09:00:20,158.0
2026/7/12,09:01:59,167.9
2026/7/12,09:03:55,178.4
2026/7/12,09:05:37,188.6
2026/7/12,09:06:33,198.4
2026/7/12,09:08:49,207.4
2026/7/12,09:10:10,217.8
2026/7/12,09:11:27,228.7
2026/7/12,09:13:44,237.9
2026/7/12,09:15:06,247.7
2026/7/12,09:16:53,258.6
2026/7/12,09:18:56,267.7
2026/7/12,09:20:29,277.5
2026/7/12,09:21:54,288.1
2026/7/12,09:24:00,297.2
2026/7/12,09:25:20,308.1
2026/7/12,09:27:00,317.6
2026/7/12,09:28:55,328.0
2026/7/12,09:30:38,338.0
2026/7/12,10:55:05,98.6
2026/7/12,10:56:30,108.6
2026/7/12,10:58:55,118.5
2026/7/12,11:00:28,128.5
2026/7/12,11:01:54,138.4
2026/7/12,11:03:56,148.2
2026/7/12,11:05:16,158.0
2026/7/12,11:06:34,167.9
2026/7/12,11:08:51,178.4
2026/7/12,11:10:40,188.6
2026/7/12,11:11:30,198.2
2026/7/12,11:13:45,207.6
2026/7/12,11:15:06,217.8
2026/7/12,11:16:23,228.7
2026/7/12,11:18:40,237.9
2026/7/12,11:20:02,247.7
2026/7/12,11:21:25,258.6
2026/7/12,11:23:50,267.7
2026/7/12,11:25:23,277.5
2026/7/12,11:26:48,288.2
2026/7/12,11:28:52,297.2
2026/7/12,11:30:11,308.1
2026/7/12,11:31:31,317.5
2026/7/12,11:33:46,327.9
2026/7/12,11:35:08,338.0
2026/7/12,13:00:01,98.6
2026/7/12,13:01:51,108.6
2026/7/12,13:03:51,118.5
2026/7/12,13:05:26,128.5
2026/7/12,13:06:51,138.4
2026/7/12,13:09:00,148.2
2026/7/12,13:10:21,158.0
2026/7/12,13:11:56,167.9
2026/7/12,13:14:03,178.4
2026/7/12,13:15:45,188.6
2026/7/12,13:17:02,198.3
2026/7/12,13:19:04,207.6
2026/7/12,13:20:40,217.8
2026/7/12,13:21:44,228.6
2026/7/12,13:24:07,237.9
2026/7/12,13:25:42,247.6
2026/7/12,13:27:08,258.6
2026/7/12,13:29:28,267.6
2026/7/12,13:30:58,277.5
2026/7/12,13:32:17,288.2
2026/7/12,13:34:40,297.2
2026/7/12,13:36:01,308.1
2026/7/12,13:37:32,317.6
2026/7/12,13:39:44,328.0
2026/7/12,13:41:05,338.0
2026/7/12,14:26:18,98.6
2026/7/12,14:28:01,108.6
2026/7/12,14:30:01,118.5
2026/7/12,14:31:37,128.5
2026/7/12,14:33:02,138.4
2026/7/12,14:34:55,148.2
2026/7/12,14:36:14,158.0
2026/7/12,14:37:33,167.8
2026/7/12,14:39:51,178.4
2026/7/12,14:41:08,188.6
2026/7/12,14:42:33,198.0
2026/7/12,14:44:58,207.6
2026/7/12,14:46:31,217.8
2026/7/12,14:47:57,228.7
2026/7/12,14:50:02,237.9
2026/7/12,14:51:22,247.6
2026/7/12,14:53:02,258.6
2026/7/12,14:54:57,267.7
2026/7/12,14:56:18,277.5
2026/7/12,14:57:36,288.2
2026/7/12,14:59:52,297.2
2026/7/12,15:01:13,308.1
2026/7/12,15:02:31,317.6
2026/7/12,15:04:46,328.0
2026/7/12,15:06:08,338.0
2026/7/12,16:33:12,98.6
2026/7/12,16:34:38,108.6
2026/7/12,16:37:03,118.5
2026/7/12,16:38:31,128.5
2026/7/12,16:39:57,138.4
2026/7/12,16:41:57,148.3
2026/7/12,16:43:17,158.0
2026/7/12,16:44:36,167.9
2026/7/12,16:46:52,178.4
2026/7/12,16:48:13,188.6
2026/7/12,16:50:01,198.4
2026/7/12,16:52:03,207.7
2026/7/12,16:53:36,217.8
2026/7/12,16:55:01,228.6
2026/7/12,16:57:06,237.9
2026/7/12,16:58:26,247.6
2026/7/12,17:00:07,258.6
2026/7/12,17:02:01,267.7
2026/7/12,17:03:22,277.5
2026/7/12,17:04:40,288.2
2026/7/12,17:06:57,297.2
2026/7/12,17:08:18,308.1
2026/7/12,17:09:35,317.7
2026/7/12,17:11:52,328.0
2026/7/12,17:13:14,337.9
2026/7/12,18:03:11,138.4
2026/7/12,18:04:37,148.3
2026/7/12,18:07:02,158.0
2026/7/12,18:08:36,167.8
2026/7/12,19:35:57,98.6
2026/7/12,19:36:53,108.6
2026/7/12,19:39:08,118.4
2026/7/12,19:40:28,128.5
2026/7/12,19:41:47,138.4
2026/7/12,19:44:04,148.2
2026/7/12,19:45:24,158.0
2026/7/12,19:47:15,167.8
2026/7/12,19:49:16,178.4
2026/7/12,19:50:47,188.6
2026/7/12,19:52:13,198.0
2026/7/12,19:54:20,207.6
2026/7/12,19:55:40,217.8
2026/7/12,19:57:19,228.7
2026/7/12,19:59:15,237.9
2026/7/12,20:00:36,247.6
2026/7/12,20:01:53,258.6
2026/7/12,20:04:10,267.7
2026/7/12,20:05:31,277.5
2026/7/12,20:06:48,288.2
2026/7/12,20:09:05,297.2
2026/7/12,20:10:26,308.1
2026/7/12,20:12:15,317.6
2026/7/12,20:14:17,328.0
2026/7/12,20:15:50,338.0
2026/7/12,21:00:19,98.6
2026/7/12,21:01:46,108.6
2026/7/12,21:04:10,118.5
2026/7/12,21:05:45,128.5
2026/7/12,21:07:10,138.4
2026/7/12,21:09:27,148.2
2026/7/12,21:10:47,158.0
2026/7/12,21:12:15,167.9
2026/7/12,21:14:38,178.4
2026/7/12,21:16:03,188.6
2026/7/12,21:17:29,198.3
2026/7/12,21:19:46,207.4
2026/7/12,21:21:14,217.8
2026/7/12,21:22:40,228.6
2026/7/12,21:24:57,237.9
2026/7/12,21:26:24,247.6
2026/7/12,21:27:49,258.6
2026/7/12,21:30:22,267.7
2026/7/12,21:31:52,277.5
2026/7/12,21:33:11,288.2
2026/7/12,21:35:40,297.2
2026/7/12,21:37:00,308.1
2026/7/12,21:38:26,317.6
2026/7/12,21:40:50,327.9
2026/7/12,21:42:18,338.0
2026/7/13,00:38:50,98.6
2026/7/13,00:40:09,108.6
2026/7/13,00:42:25,118.5
2026/7/13,00:43:44,128.5
2026/7/13,00:45:12,138.4
2026/7/13,00:48:01,148.2
2026/7/13,00:49:30,158.0
2026/7/13,00:50:58,167.9
2026/7/13,00:53:34,178.4
2026/7/13,00:54:57,188.6
2026/7/13,00:56:16,198.3
2026/7/13,00:58:59,207.6
2026/7/13,01:00:22,217.8
2026/7/13,01:01:42,228.7
2026/7/13,01:04:25,237.9
2026/7/13,01:05:48,247.6
2026/7/13,01:07:09,258.5
2026/7/13,01:09:51,267.7
2026/7/13,01:11:13,277.5
2026/7/13,01:12:42,288.1
2026/7/13,01:15:30,297.2
2026/7/13,01:17:00,308.1
2026/7/13,01:18:21,317.6
2026/7/13,01:21:02,328.0
2026/7/13,01:22:26,337.9
2026/7/13,02:44:42,98.6
2026/7/13,02:46:13,108.6
2026/7/13,02:47:38,118.5
2026/7/13,02:49:48,128.4
2026/7/13,02:51:21,138.4
2026/7/13,02:52:46,148.3
2026/7/13,02:54:54,158.0
2026/7/13,02:56:16,167.8
2026/7/13,02:57:54,178.3
2026/7/13,03:00:12,188.7
2026/7/13,03:01:40,198.3
2026/7/13,03:02:58,207.6
2026/7/13,03:05:22,217.8
2026/7/13,03:06:42,228.7
2026/7/13,03:08:13,237.9
2026/7/13,03:10:26,247.6
2026/7/13,03:12:00,258.6
2026/7/13,03:13:26,267.7
2026/7/13,03:15:32,277.5
2026/7/13,03:17:06,288.1
2026/7/13,03:18:31,297.2
2026/7/13,03:20:36,308.1
2026/7/13,03:22:11,317.6
2026/7/13,03:23:37,328.0
2026/7/13,03:25:52,338.3
2026/7/13,04:55:01,98.6
2026/7/13,04:56:31,108.6
2026/7/13,04:57:56,118.5
2026/7/13,05:00:10,128.5
2026/7/13,05:01:40,138.4
2026/7/13,05:03:06,148.3
2026/7/13,05:05:22,158.0
2026/7/13,05:06:49,167.8
2026/7/13,05:08:15,178.4
2026/7/13,05:10:50,188.7
2026/7/13,05:12:17,198.3
2026/7/13,05:13:36,207.6
2026/7/13,05:16:09,217.8
2026/7/13,05:17:29,228.7
2026/7/13,05:18:52,237.9
2026/7/13,05:21:22,247.6
2026/7/13,05:22:47,258.6
2026/7/13,05:24:13,267.7
2026/7/13,05:26:35,277.5
2026/7/13,05:28:01,288.2
2026/7/13,05:29:26,297.2
2026/7/13,05:31:47,308.1
2026/7/13,05:33:13,317.6
2026/7/13,05:34:39,327.9
2026/7/13,05:37:16,338.0
2026/7/13,06:47:16,98.6
2026/7/13,06:49:32,108.6
2026/7/13,06:50:51,118.4
2026/7/13,06:52:16,128.5
2026/7/13,08:20:35,138.4
2026/7/13,08:22:46,148.2
2026/7/13,08:24:23,167.8
2026/7/13,08:25:49,178.4
2026/7/13,09:52:52,98.6
2026/7/13,09:55:13,108.6
2026/7/13,09:56:40,118.5
2026/7/13,09:58:00,128.5
2026/7/13,10:00:26,138.4
2026/7/13,10:01:45,148.2
2026/7/13,10:03:18,158.0
2026/7/13,10:05:28,167.9
2026/7/13,10:07:04,178.4
2026/7/13,10:08:49,188.6
2026/7/13,10:10:31,198.3
2026/7/13,10:12:04,207.6
2026/7/13,10:13:29,217.8
2026/7/13,10:15:36,228.7
2026/7/13,10:17:09,237.9
2026/7/13,10:18:35,247.6
2026/7/13,10:20:57,258.6
2026/7/13,10:22:27,267.7
2026/7/13,10:23:46,277.5
2026/7/13,10:26:12,288.2
2026/7/13,10:27:31,297.2
2026/7/13,10:29:01,308.1
2026/7/13,10:31:15,317.6
2026/7/13,10:32:50,328.0
2026/7/13,10:34:15,338.0
2026/7/13,12:01:36,98.6
2026/7/13,12:03:57,108.6
2026/7/13,12:05:26,118.5
2026/7/13,12:06:46,128.5
2026/7/13,12:09:00,138.4
2026/7/13,12:10:20,148.2
2026/7/13,12:12:02,158.0
2026/7/13,12:13:54,167.8
2026/7/13,12:15:39,178.4
2026/7/13,12:16:32,188.6
2026/7/13,12:18:47,198.2
2026/7/13,12:20:08,207.6
2026/7/13,12:21:26,217.8
2026/7/13,12:23:41,228.7
2026/7/13,12:25:02,238.0
2026/7/13,12:26:26,247.6
2026/7/13,12:28:51,258.6
2026/7/13,12:30:23,267.8
2026/7/13,12:31:49,277.5
2026/7/13,12:33:55,288.2
2026/7/13,12:35:15,297.2
2026/7/13,12:36:55,308.1
2026/7/13,12:38:49,317.6
2026/7/13,12:40:10,327.9
2026/7/13,12:41:28,337.9
2026/7/13,14:07:46,178.4
2026/7/13,14:10:08,188.7
2026/7/13,14:11:44,198.2
2026/7/13,14:13:10,288.2
2026/7/13,15:37:26,98.6
2026/7/13,15:39:42,108.6
2026/7/13,15:41:01,118.5
2026/7/13,15:42:20,128.5
2026/7/13,15:44:36,138.4
2026/7/13,15:45:55,148.2
2026/7/13,15:47:22,158.0
2026/7/13,15:49:47,167.8
2026/7/13,15:51:21,178.4
2026/7/13,15:53:06,188.6
2026/7/13,15:54:48,198.3
2026/7/13,15:56:08,207.5
2026/7/13,15:57:27,217.8
2026/7/13,15:59:42,228.7
2026/7/13,16:01:03,238.0
2026/7/13,16:02:20,247.6
2026/7/13,16:04:35,258.6
2026/7/13,16:05:57,267.7
2026/7/13,16:07:14,277.5
2026/7/13,16:09:29,288.1
2026/7/13,16:10:51,297.1
2026/7/13,16:12:17,308.1
2026/7/13,16:14:42,317.6
2026/7/13,16:16:15,328.0
2026/7/13,16:17:40,337.9
2026/7/13,17:43:01,98.6
2026/7/13,17:45:16,108.6
2026/7/13,17:46:36,118.5
2026/7/13,17:47:56,128.5
2026/7/13,17:50:11,138.4
2026/7/13,17:51:31,148.2
2026/7/13,17:52:59,158.0
2026/7/13,17:55:23,167.9
2026/7/13,17:56:58,178.4
2026/7/13,17:59:02,188.6
2026/7/13,18:00:25,198.3
2026/7/13,18:01:45,207.7
2026/7/13,18:03:25,217.8
2026/7/13,18:05:19,228.7
2026/7/13,18:06:40,238.0
2026/7/13,18:07:57,247.6
2026/7/13,18:10:13,258.6
2026/7/13,18:11:34,267.7
2026/7/13,18:12:52,277.5
2026/7/13,18:15:08,288.2
2026/7/13,18:16:29,297.1
2026/7/13,18:17:55,308.1
2026/7/13,18:20:19,317.6
2026/7/13,18:21:52,328.0
2026/7/13,18:23:18,338.0
2026/7/13,19:43:02,98.6
2026/7/13,19:44:42,108.6
2026/7/13,19:46:37,118.5
2026/7/13,19:48:22,128.5
2026/7/13,19:49:15,138.4
2026/7/13,19:51:31,148.2
2026/7/13,19:52:51,158.0
2026/7/13,19:54:10,167.8
2026/7/13,19:56:26,178.4
2026/7/13,19:57:45,188.6
2026/7/13,19:59:12,198.2
2026/7/13,20:01:32,207.6
2026/7/13,20:03:08,217.8
2026/7/13,20:04:33,228.7
2026/7/13,20:06:35,238.0
2026/7/13,20:07:55,247.6
2026/7/13,20:09:15,258.6
2026/7/13,20:11:29,267.7
2026/7/13,20:12:50,277.5
2026/7/13,20:14:07,288.2
2026/7/13,20:16:23,297.2
2026/7/13,20:17:45,308.1
2026/7/13,20:19:02,317.5
2026/7/13,20:21:17,328.0
2026/7/13,20:22:39,338.0
2026/7/13,21:48:51,98.6
2026/7/13,21:50:22,108.6
2026/7/13,21:52:36,118.5
2026/7/13,21:54:10,128.5
2026/7/13,21:55:36,138.4
2026/7/13,21:57:38,148.2
2026/7/13,21:59:16,158.0
2026/7/13,22:00:41,167.9
2026/7/13,22:02:39,178.4
2026/7/13,22:04:16,188.6
2026/7/13,22:05:41,198.4
2026/7/13,22:07:55,207.7
2026/7/13,22:09:24,217.7
2026/7/13,22:10:48,228.7
2026/7/13,22:13:06,238.0
2026/7/13,22:14:26,247.6
2026/7/13,22:15:59,258.6
2026/7/13,22:18:06,267.7
2026/7/13,22:19:45,277.5
2026/7/13,22:20:47,288.2
2026/7/13,22:23:09,297.2
2026/7/13,22:24:45,308.1
2026/7/13,22:26:10,317.6
2026/7/13,22:28:10,328.0
2026/7/13,22:29:48,338.0
2026/7/13,23:48:18,98.6
2026/7/13,23:49:53,108.6
2026/7/13,23:51:19,118.4
2026/7/13,23:53:31,128.4
2026/7/13,23:54:51,138.4
2026/7/13,23:56:23,148.2
2026/7/13,23:58:34,158.0
2026/7/14,00:00:10,167.9
2026/7/14,00:01:35,178.4
2026/7/14,00:03:40,188.6
2026/7/14,00:05:11,198.1
2026/7/14,00:06:36,207.6
2026/7/14,00:08:42,217.8
2026/7/14,00:10:16,228.7
2026/7/14,00:11:42,237.9
2026/7/14,00:13:59,247.6
2026/7/14,00:15:28,258.6
2026/7/14,00:16:49,267.7
2026/7/14,00:19:11,277.5
2026/7/14,00:20:31,288.2
2026/7/14,00:22:03,297.2
2026/7/14,00:24:17,308.1
2026/7/14,00:25:49,317.7
2026/7/14,00:27:14,327.9
2026/7/14,00:29:21,338.0
2026/7/14,05:11:07,98.6
2026/7/14,05:11:25,108.6
2026/7/14,05:15:17,118.5
2026/7/14,05:16:09,128.4
2026/7/14,05:17:02,138.4
2026/7/14,05:18:03,148.2
2026/7/14,05:19:34,158.0
2026/7/14,05:20:52,167.9
2026/7/14,06:54:07,98.6
2026/7/14,06:55:26,108.6
2026/7/14,06:56:46,118.4
2026/7/14,06:58:13,128.5
2026/7/14,13:19:14,138.4
2026/7/14,13:19:32,148.2
2026/7/14,13:22:49,158.0
2026/7/14,13:23:43,167.8
2026/7/14,15:07:32,98.6
2026/7/14,15:08:55,108.6
2026/7/14,15:10:19,118.4
2026/7/14,15:11:43,128.5
2026/7/14,15:13:07,138.4
2026/7/14,15:14:31,148.2
2026/7/14,15:15:55,158.0
2026/7/14,15:17:20,167.8
2026/7/14,15:18:44,178.4
2026/7/14,15:20:08,188.6
2026/7/14,15:21:32,198.2
2026/7/14,15:22:55,207.5
2026/7/14,15:24:16,217.8
2026/7/14,15:25:41,228.6
2026/7/14,15:27:04,238.0
2026/7/14,15:28:28,247.6
2026/7/14,15:29:53,258.6
2026/7/14,15:31:17,267.7
2026/7/14,15:32:41,277.5
2026/7/14,15:34:05,288.1
2026/7/14,15:35:29,297.2
2026/7/14,15:36:53,308.1
2026/7/14,15:38:17,317.6
2026/7/14,15:39:40,327.9
2026/7/14,15:41:05,337.9
2026/7/14,16:52:35,118.4
2026/7/14,16:53:59,158.0
2026/7/14,16:55:23,178.4
2026/7/14,18:06:41,98.6
2026/7/14,18:08:05,108.6
2026/7/14,18:09:29,118.5
2026/7/14,18:10:54,128.5
2026/7/14,18:12:17,138.4
2026/7/14,18:13:41,148.3
2026/7/14,18:15:05,158.0
2026/7/14,18:16:29,167.8
2026/7/14,18:17:53,178.4
2026/7/14,18:19:17,188.6
2026/7/14,18:20:41,198.2
2026/7/14,18:22:05,207.5
2026/7/14,18:23:26,217.8
2026/7/14,18:24:49,228.7
2026/7/14,18:26:13,238.0
2026/7/14,18:27:38,247.6
2026/7/14,18:29:02,258.6
2026/7/14,18:30:25,267.7
2026/7/14,18:31:49,277.5
2026/7/14,18:33:18,288.2
2026/7/14,18:34:38,297.2
2026/7/14,18:36:01,308.1
2026/7/14,18:37:25,317.6
2026/7/14,18:38:49,328.0
2026/7/14,18:40:13,338.1
2026/7/14,19:45:57,98.6
2026/7/14,19:47:21,108.6
2026/7/14,19:48:45,118.5
2026/7/14,19:50:09,128.5
2026/7/14,19:51:34,138.4
2026/7/14,19:52:57,148.2
2026/7/14,19:54:21,158.0
2026/7/14,19:55:45,167.8
2026/7/14,19:57:10,178.4
2026/7/14,19:58:33,188.6
2026/7/14,19:59:57,198.1
2026/7/14,20:01:21,207.6
2026/7/14,20:02:42,217.8
2026/7/14,20:04:06,228.7
2026/7/14,20:05:29,237.9
2026/7/14,20:06:53,247.6
2026/7/14,20:08:17,258.6
2026/7/14,20:09:41,267.6
2026/7/14,20:11:04,277.5
2026/7/14,20:12:28,288.2
2026/7/14,20:13:52,297.2
2026/7/14,20:15:16,308.1
2026/7/14,20:16:40,317.6
2026/7/14,20:18:04,327.9
2026/7/14,20:19:28,338.0
2026/7/14,21:30:51,98.6
2026/7/14,21:32:15,108.6
2026/7/14,21:33:39,118.5
2026/7/14,21:35:03,128.5
2026/7/14,21:36:27,138.4
2026/7/14,21:37:51,148.2
2026/7/14,21:39:16,158.0
2026/7/14,21:40:40,167.9
2026/7/14,21:42:03,178.4
2026/7/14,21:43:27,188.6
2026/7/14,21:44:52,198.1
2026/7/14,21:46:15,207.5
2026/7/14,21:47:58,217.8
2026/7/14,21:49:02,228.7
2026/7/14,21:50:24,237.9
2026/7/14,21:51:48,247.6
2026/7/14,21:53:12,258.5
2026/7/14,21:54:35,267.7
2026/7/14,21:56:00,277.5
2026/7/14,21:57:24,288.2
2026/7/14,21:58:48,297.2
2026/7/14,22:00:12,308.1
2026/7/14,22:01:36,317.5
2026/7/14,22:03:00,328.0
2026/7/14,22:04:23,337.9
2026/7/14,23:15:43,98.6
2026/7/14,23:17:07,108.6
2026/7/14,23:18:31,118.4
2026/7/14,23:19:55,128.5
2026/7/14,23:21:19,138.5
2026/7/14,23:22:43,148.2
2026/7/14,23:24:07,158.0
2026/7/14,23:25:31,167.9
2026/7/14,23:26:54,178.4
2026/7/14,23:28:18,188.6
2026/7/14,23:29:42,198.2
2026/7/14,23:31:06,207.5
2026/7/14,23:32:49,217.8
2026/7/14,23:33:51,228.6
2026/7/14,23:35:15,237.9
2026/7/14,23:36:39,247.6
2026/7/14,23:38:03,258.6
2026/7/14,23:39:27,267.7
2026/7/14,23:40:51,277.5
2026/7/14,23:42:14,288.2
2026/7/14,23:43:39,297.2
2026/7/14,23:45:02,308.1
2026/7/14,23:46:27,317.6
2026/7/14,23:47:51,328.0
2026/7/14,23:49:15,338.0
2026/7/15,01:00:34,98.6
2026/7/15,01:01:58,108.6
2026/7/15,01:03:22,118.5
2026/7/15,01:04:50,128.5
2026/7/15,01:06:10,138.4
2026/7/15,01:07:34,148.2
2026/7/15,01:08:58,158.0
2026/7/15,01:10:22,167.9
2026/7/15,01:11:46,178.3
2026/7/15,01:13:10,188.6
2026/7/15,01:14:34,198.1
2026/7/15,01:15:58,207.6
2026/7/15,01:17:19,217.7
2026/7/15,01:18:43,228.7
2026/7/15,01:20:07,237.9
2026/7/15,01:21:31,247.6
2026/7/15,01:22:55,258.6
2026/7/15,01:24:18,267.7
2026/7/15,01:25:42,277.5
2026/7/15,01:27:07,288.2
2026/7/15,01:28:30,297.2
2026/7/15,01:29:55,308.1
2026/7/15,01:31:18,317.6
2026/7/15,01:32:47,328.0
2026/7/15,01:34:06,338.2
2026/7/15,10:45:02,98.7
2026/7/15,10:46:23,108.6
2026/7/15,10:47:41,118.5
2026/7/15,10:49:00,128.5
2026/7/15,10:50:19,138.4
2026/7/15,10:51:39,148.2
2026/7/15,10:52:58,158.0
2026/7/15,10:54:22,167.9
2026/7/15,10:55:46,178.4
2026/7/15,10:57:10,188.6
2026/7/15,10:58:34,198.1
2026/7/15,10:59:58,207.5
2026/7/15,11:01:19,217.8
2026/7/15,11:02:43,228.7
2026/7/15,11:04:07,238.0
2026/7/15,11:05:30,247.6
2026/7/15,11:06:54,258.6
2026/7/15,11:08:23,267.7
2026/7/15,11:09:42,277.5
2026/7/15,11:11:06,288.2
2026/7/15,11:12:30,297.2
2026/7/15,11:13:54,308.1
2026/7/15,11:15:18,317.6
2026/7/15,11:16:42,327.9
2026/7/15,11:18:06,337.9
2026/7/15,12:29:26,98.6
2026/7/15,12:30:50,108.6
2026/7/15,12:32:15,118.5
2026/7/15,12:33:39,128.4
2026/7/15,12:35:03,138.4
2026/7/15,12:36:26,148.2
2026/7/15,12:37:51,158.0
2026/7/15,12:39:15,167.9
2026/7/15,12:40:39,178.4
2026/7/15,12:42:02,188.7
2026/7/15,12:43:26,198.1
2026/7/15,12:44:50,207.6
2026/7/15,12:46:53,217.8
2026/7/15,12:47:35,228.7
2026/7/15,12:49:41,238.0
2026/7/15,12:50:23,247.6
2026/7/15,12:51:47,258.6
2026/7/15,12:53:11,267.7
2026/7/15,12:54:35,277.5
2026/7/15,12:55:59,288.1
2026/7/15,12:57:23,297.2
2026/7/15,12:58:47,308.1
2026/7/15,13:00:13,317.6
2026/7/15,13:01:35,328.0
2026/7/15,13:02:59,338.0
2026/7/15,13:44:58,98.6
2026/7/15,13:46:22,108.6
2026/7/15,13:47:46,118.4
2026/7/15,13:49:10,128.4
2026/7/15,13:50:34,138.4
2026/7/15,13:51:57,148.2
2026/7/15,13:53:22,158.0
2026/7/15,13:54:45,167.9
2026/7/15,13:56:29,178.4
2026/7/15,13:57:33,188.6
2026/7/15,13:58:57,198.1
2026/7/15,14:00:21,207.5
2026/7/15,14:01:43,217.8
2026/7/15,14:03:07,228.7
2026/7/15,14:04:31,237.9
2026/7/15,14:05:55,247.6
2026/7/15,14:07:19,258.6
2026/7/15,14:08:43,267.7
2026/7/15,14:10:07,277.5
2026/7/15,14:11:31,288.2
2026/7/15,14:12:55,297.2
2026/7/15,14:14:19,308.1
2026/7/15,14:15:42,317.6
2026/7/15,14:17:06,328.0
2026/7/15,14:18:30,337.8
2026/7/15,15:29:50,98.6
2026/7/15,15:31:15,108.6
2026/7/15,15:32:39,118.5
2026/7/15,15:34:03,128.5
2026/7/15,15:35:27,138.4
2026/7/15,15:36:50,148.2
2026/7/15,15:38:14,158.0
2026/7/15,15:39:38,167.8
2026/7/15,15:41:03,178.4
2026/7/15,15:42:27,188.6
2026/7/15,15:43:50,198.1
2026/7/15,15:45:15,207.6
2026/7/15,15:46:36,217.8
2026/7/15,15:48:04,228.6
2026/7/15,15:49:23,237.9
2026/7/15,15:50:47,247.6
2026/7/15,15:52:11,258.6
2026/7/15,15:53:35,267.7
2026/7/15,15:54:59,277.5
2026/7/15,15:56:23,288.2
2026/7/15,15:57:47,297.2
2026/7/15,15:59:11,308.1
2026/7/15,16:00:35,317.6
2026/7/15,16:01:59,328.0
2026/7/15,16:03:23,338.0
2026/7/15,16:44:54,98.6
2026/7/15,16:46:27,108.6
2026/7/15,16:48:04,118.5
2026/7/15,16:49:41,128.5
2026/7/15,16:51:00,138.4
2026/7/15,16:52:25,148.2
2026/7/15,16:53:49,158.0
2026/7/15,16:55:13,167.9
2026/7/15,16:56:37,178.4
2026/7/15,16:57:35,188.6
2026/7/15,16:58:57,198.2
2026/7/15,17:00:16,207.6
2026/7/15,17:01:35,217.7
2026/7/15,17:02:52,228.7
2026/7/15,17:04:12,237.9
2026/7/15,17:05:31,247.6
2026/7/15,17:06:50,258.5
2026/7/15,17:08:08,267.7
2026/7/15,17:09:29,277.5
2026/7/15,17:10:54,288.2
2026/7/15,17:12:19,297.2
2026/7/15,17:13:45,308.1
2026/7/15,17:15:14,317.6
2026/7/15,17:16:33,328.0
2026/7/15,17:17:53,338.0
2026/7/15,17:59:43,98.6
2026/7/15,18:01:07,108.6
2026/7/15,18:02:31,118.5
2026/7/15,18:03:55,128.4
2026/7/15,18:05:19,138.4
2026/7/15,18:06:43,148.2
2026/7/15,18:08:07,158.0
2026/7/15,18:09:31,167.9
2026/7/15,18:10:54,178.4
2026/7/15,18:12:18,188.7
2026/7/15,18:13:42,198.2
2026/7/15,18:15:06,207.5
2026/7/15,18:16:28,217.8
2026/7/15,18:17:52,228.7
2026/7/15,18:19:16,237.9
2026/7/15,18:20:39,247.6
2026/7/15,18:22:03,258.6
2026/7/15,18:23:28,267.7
2026/7/15,18:24:51,277.5
2026/7/15,18:26:15,288.2
2026/7/15,18:27:39,297.2
2026/7/15,18:29:03,308.1
2026/7/15,18:30:27,317.6
2026/7/15,18:31:51,327.9
2026/7/15,18:33:15,337.9
2026/7/15,19:44:36,207.5
2026/7/15,19:46:00,217.8
2026/7/15,19:47:24,228.6
2026/7/15,19:48:48,238.0
2026/7/15,20:57:18,98.6
2026/7/15,20:58:43,108.6
2026/7/15,21:00:06,118.4
2026/7/15,21:01:30,128.4
2026/7/15,21:02:54,138.4
2026/7/15,21:04:18,148.2
2026/7/15,21:05:42,158.0
2026/7/15,21:07:06,167.8
2026/7/15,21:08:30,178.4
2026/7/15,21:09:54,188.7
2026/7/15,21:11:18,198.2
2026/7/15,21:12:42,207.5
2026/7/15,21:14:02,217.8
2026/7/15,21:15:26,228.7
2026/7/15,21:16:50,237.9
2026/7/15,21:18:14,247.6
2026/7/15,21:19:38,258.6
2026/7/15,21:21:02,267.7
2026/7/15,21:22:26,277.5
2026/7/15,21:23:50,288.2
2026/7/15,21:25:14,297.2
2026/7/15,21:26:39,308.1
2026/7/15,21:28:02,317.6
2026/7/15,21:29:26,328.0
2026/7/15,21:30:49,338.0
2026/7/16,02:44:15,98.6
2026/7/16,02:44:58,108.5
2026/7/16,02:46:29,118.4
2026/7/16,02:47:46,128.4
2026/7/16,06:18:33,98.6
2026/7/16,06:19:53,108.6
2026/7/16,06:21:20,118.4
2026/7/16,06:22:44,128.4
2026/7/16,06:24:08,138.4
2026/7/16,06:25:39,148.2
2026/7/16,06:27:15,158.0
2026/7/16,06:28:46,167.8
2026/7/16,06:30:18,178.4
2026/7/16,06:31:55,188.7
2026/7/16,06:33:30,198.2
2026/7/16,06:35:00,207.6
2026/7/16,06:37:06,217.8
2026/7/16,06:38:08,228.6
2026/7/16,06:39:44,237.9
2026/7/16,06:41:15,247.6
2026/7/16,06:42:47,258.6
2026/7/16,06:44:23,267.7
2026/7/16,06:45:59,277.5
2026/7/16,06:47:30,288.2
2026/7/16,06:49:02,297.1
2026/7/16,06:50:38,308.1
2026/7/16,06:52:13,317.6
2026/7/16,06:53:45,328.0
2026/7/16,06:55:17,338.1
2026/7/16,11:38:04,98.6
2026/7/16,11:39:25,108.6
2026/7/16,11:40:43,118.5
2026/7/16,11:42:03,128.5
2026/7/16,11:43:21,138.4
2026/7/16,11:44:42,148.2
2026/7/16,11:46:06,158.0
2026/7/16,11:47:30,167.8
2026/7/16,11:48:54,178.3
2026/7/16,11:50:18,188.6
2026/7/16,11:51:42,198.1
2026/7/16,11:53:06,207.6
2026/7/16,11:54:50,217.8
2026/7/16,11:55:51,228.6
2026/7/16,11:57:15,237.9
2026/7/16,11:58:39,247.6
2026/7/16,12:00:03,258.6
2026/7/16,12:01:28,267.7
2026/7/16,12:02:51,277.5
2026/7/16,12:04:15,288.2
2026/7/16,12:05:38,297.2
2026/7/16,12:07:03,308.1
2026/7/16,12:08:27,317.6
2026/7/16,12:09:51,327.9
2026/7/16,12:11:14,338.0
2026/7/16,13:22:33,98.6
2026/7/16,13:23:57,108.6
2026/7/16,13:25:22,118.4
2026/7/16,13:26:45,128.4
2026/7/16,13:28:09,138.4
2026/7/16,13:29:33,148.2
2026/7/16,13:30:57,158.0
2026/7/16,13:32:20,167.9
2026/7/16,13:33:44,178.4
2026/7/16,13:35:08,188.7
2026/7/16,13:36:32,198.1
2026/7/16,13:38:16,207.6
2026/7/16,13:39:17,217.8
2026/7/16,13:40:41,228.7
2026/7/16,13:42:05,237.9
2026/7/16,13:43:29,247.6
2026/7/16,13:44:53,258.6
2026/7/16,13:46:17,267.7
2026/7/16,13:47:40,277.5
2026/7/16,13:49:05,288.2
2026/7/16,13:50:29,297.1
2026/7/16,13:51:53,308.1
2026/7/16,13:53:17,317.6
2026/7/16,13:54:40,328.0
2026/7/16,13:56:04,338.1
2026/7/16,15:07:25,98.6
2026/7/16,15:08:49,108.6
2026/7/16,15:10:12,118.4
2026/7/16,15:11:36,128.5
2026/7/16,15:13:00,138.4
2026/7/16,15:14:24,148.3
2026/7/16,15:15:48,158.0
2026/7/16,15:17:14,167.8
2026/7/16,15:18:36,178.4
2026/7/16,15:20:00,188.7
2026/7/16,15:21:24,198.1
2026/7/16,15:22:48,207.6
2026/7/16,15:24:51,217.8
2026/7/16,15:25:33,228.7
2026/7/16,15:26:57,237.9
2026/7/16,15:28:22,247.6
2026/7/16,15:29:46,258.6
2026/7/16,15:31:10,267.7
2026/7/16,15:32:34,277.5
2026/7/16,15:33:57,288.1
2026/7/16,15:35:21,297.2
2026/7/16,15:36:45,308.1
2026/7/16,15:38:09,317.6
2026/7/16,15:39:33,328.0
2026/7/16,15:40:57,338.0
2026/7/16,16:05:27,98.6
2026/7/16,16:06:22,108.6
2026/7/16,16:07:49,118.4
2026/7/16,16:09:17,128.4
2026/7/16,16:10:42,138.4
2026/7/16,16:12:02,148.3
2026/7/16,16:13:29,158.0
2026/7/16,16:15:09,167.9
2026/7/16,16:16:13,178.4
2026/7/16,16:17:37,188.7
2026/7/16,16:19:01,198.2
2026/7/16,16:20:45,207.6
2026/7/16,16:21:47,217.8
2026/7/16,16:23:11,228.7
2026/7/16,16:24:11,238.0
2026/7/16,16:25:28,247.6
2026/7/16,16:26:47,258.6
2026/7/16,16:28:08,267.7
2026/7/16,16:29:26,277.5
2026/7/16,16:30:45,288.2
2026/7/16,16:32:04,297.2
2026/7/16,16:33:24,308.1
2026/7/16,16:34:43,317.6
2026/7/16,16:36:12,328.0
2026/7/16,16:37:37,337.8
2026/7/16,17:48:31,98.6
2026/7/16,17:49:55,108.6
2026/7/16,17:51:19,118.4
2026/7/16,17:52:43,128.4
2026/7/16,17:54:07,138.4
2026/7/16,17:55:31,148.2
2026/7/16,17:56:55,158.0
2026/7/16,17:58:19,167.9
2026/7/16,17:59:43,178.4
2026/7/16,18:01:07,188.7
2026/7/16,18:02:31,198.0
2026/7/16,18:03:55,207.6
2026/7/16,18:05:17,217.8
2026/7/16,18:06:40,228.7
2026/7/16,18:08:04,237.9
2026/7/16,18:09:28,247.6
2026/7/16,18:10:52,258.6
2026/7/16,18:12:16,267.7
2026/7/16,18:13:40,277.5
2026/7/16,18:15:04,288.2
2026/7/16,18:16:28,297.1
2026/7/16,18:17:52,308.1
2026/7/16,18:19:16,317.6
2026/7/16,18:20:40,328.0
2026/7/16,18:22:04,338.0
2026/7/16,19:05:27,108.6
2026/7/16,19:06:51,118.5
2026/7/16,19:08:15,128.4
2026/7/16,19:09:39,138.4
2026/7/16,19:11:03,148.2
2026/7/16,19:12:27,158.0
2026/7/16,19:13:51,167.8
2026/7/16,19:15:54,178.4
2026/7/16,19:16:37,188.7
2026/7/16,19:18:01,198.1
2026/7/16,19:19:25,207.5
2026/7/16,19:20:49,217.8
2026/7/16,19:22:33,228.5
2026/7/16,19:23:36,237.9
2026/7/16,19:24:59,247.5
2026/7/16,19:26:23,258.6
2026/7/16,19:27:47,267.7
2026/7/16,19:29:11,277.5
2026/7/16,19:30:35,288.2
2026/7/16,19:31:59,297.2
2026/7/16,19:33:23,308.1
2026/7/16,19:34:47,317.6
2026/7/16,19:36:11,327.9
2026/7/16,19:37:35,338.1
2026/7/16,20:15:23,98.6
2026/7/16,20:16:46,108.6
2026/7/16,20:18:10,118.5
2026/7/16,20:19:34,128.4
2026/7/16,20:20:58,138.4
2026/7/16,20:22:22,148.2
2026/7/16,20:23:46,158.0
2026/7/16,20:25:10,167.9
2026/7/16,20:26:34,178.3
2026/7/16,20:27:58,188.7
2026/7/16,20:29:23,198.1
2026/7/16,20:30:46,207.6
2026/7/16,20:32:08,217.8
2026/7/16,20:33:32,228.6
2026/7/16,20:34:55,237.9
2026/7/16,20:36:20,247.6
2026/7/16,20:37:44,258.6
2026/7/16,20:39:07,267.7
2026/7/16,20:40:31,277.5
2026/7/16,20:41:55,288.2
2026/7/16,20:43:19,297.2
2026/7/16,20:44:43,308.1
2026/7/16,20:46:07,317.6
2026/7/16,20:47:31,327.9
2026/7/16,20:48:55,338.1
2026/7/16,23:17:06,98.6
2026/7/16,23:18:26,108.6
2026/7/16,23:19:45,118.4
2026/7/16,23:21:04,128.4
2026/7/16,23:22:23,138.4
2026/7/16,23:23:44,148.2
2026/7/16,23:25:08,158.0
2026/7/16,23:26:32,167.8
2026/7/16,23:27:56,178.4
2026/7/16,23:29:20,188.6
2026/7/16,23:30:44,198.2
2026/7/16,23:32:08,207.5
2026/7/16,23:33:29,217.8
2026/7/16,23:34:53,228.6
2026/7/16,23:36:17,237.9
2026/7/16,23:37:41,247.6
2026/7/16,23:39:04,258.6
2026/7/16,23:40:31,267.7
2026/7/16,23:41:53,277.5
2026/7/16,23:43:16,288.2
2026/7/16,23:44:40,297.2
2026/7/16,23:46:04,308.1
2026/7/16,23:47:28,317.6
2026/7/16,23:48:52,327.9
2026/7/16,23:50:16,337.8
2026/7/17,00:44:44,148.2
2026/7/17,00:45:42,158.0
2026/7/17,00:47:13,167.8
2026/7/17,00:48:31,198.1
2026/7/17,02:01:46,98.6
2026/7/17,02:03:20,108.6
2026/7/17,02:04:51,118.5
2026/7/17,02:06:23,128.5
2026/7/17,02:07:43,138.4
2026/7/17,02:09:08,148.2
2026/7/17,02:10:36,158.0
2026/7/17,02:12:03,167.9
2026/7/17,02:13:33,178.4
2026/7/17,02:14:51,188.6
2026/7/17,02:16:17,198.4
2026/7/17,02:17:38,207.6
2026/7/17,02:19:02,217.8
2026/7/17,02:20:26,228.7
2026/7/17,02:21:26,238.0
2026/7/17,02:22:43,247.6
2026/7/17,02:24:03,258.6
2026/7/17,02:25:22,267.7
2026/7/17,02:26:41,277.5
2026/7/17,02:27:59,288.2
2026/7/17,02:29:20,297.2
2026/7/17,02:30:38,308.1
2026/7/17,02:31:57,317.6
2026/7/17,02:33:16,328.0
2026/7/17,02:34:36,338.0
2026/7/17,03:12:11,98.6
2026/7/17,03:13:35,108.6
2026/7/17,03:14:59,118.4
2026/7/17,03:16:23,128.5
2026/7/17,03:17:48,138.4
2026/7/17,03:19:11,148.2
2026/7/17,03:20:35,158.0
2026/7/17,03:21:59,167.8
2026/7/17,03:23:23,178.4
2026/7/17,03:24:47,188.6
2026/7/17,03:26:11,198.1
2026/7/17,03:27:55,207.6
2026/7/17,03:28:57,217.8
2026/7/17,03:30:21,228.6
2026/7/17,03:31:45,237.9
2026/7/17,03:33:09,247.6
2026/7/17,03:34:33,258.6
2026/7/17,03:35:56,267.7
2026/7/17,03:37:21,277.5
2026/7/17,03:38:44,288.2
2026/7/17,03:40:08,297.2
2026/7/17,03:41:32,308.1
2026/7/17,03:42:56,317.6
2026/7/17,03:44:20,327.9
2026/7/17,03:45:44,338.0
2026/7/17,05:13:36,98.6
2026/7/17,05:15:06,108.6
2026/7/17,05:16:10,118.5
2026/7/17,05:17:28,128.4
2026/7/17,05:18:47,138.4
2026/7/17,05:20:06,148.3
2026/7/17,05:21:26,158.0
2026/7/17,05:22:52,167.9
2026/7/17,05:24:16,178.4
2026/7/17,05:25:40,188.7
2026/7/17,05:27:04,198.2
2026/7/17,05:28:01,207.6
2026/7/17,05:29:20,217.8
2026/7/17,05:30:38,228.6
2026/7/17,05:31:58,238.0
2026/7/17,05:33:17,247.7
2026/7/17,05:34:36,258.6
2026/7/17,05:35:54,267.7
2026/7/17,05:37:14,277.5
2026/7/17,05:38:42,288.2
2026/7/17,05:40:09,297.2
2026/7/17,05:41:35,308.1
2026/7/17,05:43:04,317.6
2026/7/17,05:44:22,328.0
2026/7/17,05:45:42,338.0
2026/7/17,06:23:00,98.6
2026/7/17,07:37:06,98.6
2026/7/17,07:38:25,108.6
2026/7/17,07:39:44,118.4
2026/7/17,07:41:03,128.4
2026/7/17,07:42:24,138.4
2026/7/17,07:43:44,148.3
2026/7/17,07:45:08,158.0
2026/7/17,07:46:32,167.8
2026/7/17,07:47:56,178.4
2026/7/17,07:49:19,188.6
2026/7/17,07:50:43,198.0
2026/7/17,07:52:07,207.5
2026/7/17,07:53:29,217.8
2026/7/17,07:55:34,228.5
2026/7/17,07:56:17,237.9
2026/7/17,07:57:40,247.6
2026/7/17,07:59:05,258.6
2026/7/17,08:00:28,267.7
2026/7/17,08:01:52,277.5
2026/7/17,08:03:16,288.2
2026/7/17,08:04:41,297.2
2026/7/17,08:06:05,308.1
2026/7/17,08:07:28,317.6
2026/7/17,08:08:52,327.9
2026/7/17,08:10:16,337.9
2026/7/17,08:59:16,98.6
2026/7/17,09:00:41,108.6
2026/7/17,09:02:04,118.5
2026/7/17,09:04:07,128.5
2026/7/17,09:04:50,138.4
2026/7/17,09:06:14,148.2
2026/7/17,09:07:37,158.0
2026/7/17,09:09:01,167.8
2026/7/17,09:10:25,178.4
2026/7/17,09:11:50,188.6
2026/7/17,09:13:14,198.2
2026/7/17,09:14:38,207.6
2026/7/17,09:16:21,217.8
2026/7/17,09:17:24,228.7
2026/7/17,09:18:48,237.9
2026/7/17,09:20:12,247.5
2026/7/17,09:21:36,258.6
2026/7/17,09:23:00,267.7
2026/7/17,09:24:24,277.5
2026/7/17,09:25:47,288.2
2026/7/17,09:27:11,297.2
2026/7/17,09:28:38,308.0
2026/7/17,09:29:59,317.6
2026/7/17,09:31:23,327.9
2026/7/17,09:32:47,338.0
2026/7/17,10:42:42,98.6
2026/7/17,10:44:07,108.6
2026/7/17,10:45:31,118.5
2026/7/17,10:46:55,128.5
2026/7/17,10:48:19,138.4
2026/7/17,10:49:43,148.2
2026/7/17,10:51:07,158.0
2026/7/17,10:52:31,167.8
2026/7/17,10:53:55,178.4
2026/7/17,10:55:19,188.7
2026/7/17,10:56:43,198.1
2026/7/17,10:58:06,207.5
2026/7/17,10:59:28,217.8
2026/7/17,11:00:52,228.6
2026/7/17,11:02:16,237.9
2026/7/17,11:03:40,247.6
2026/7/17,11:05:04,258.6
2026/7/17,11:06:28,267.7
2026/7/17,11:07:52,277.5
2026/7/17,11:09:16,288.1
2026/7/17,11:10:40,297.2
2026/7/17,11:12:04,308.1
2026/7/17,11:13:27,317.6
2026/7/17,11:14:51,328.0
2026/7/17,11:16:16,337.9
2026/7/17,12:27:36,98.6
2026/7/17,12:29:00,108.6
2026/7/17,12:30:24,118.5
2026/7/17,12:31:48,128.4
2026/7/17,12:33:12,138.4
2026/7/17,12:34:36,148.2
2026/7/17,12:36:00,158.0
2026/7/17,12:37:24,167.8
2026/7/17,12:38:48,178.4
2026/7/17,12:40:12,188.6
2026/7/17,12:41:36,198.3
2026/7/17,12:43:00,207.6
2026/7/17,12:44:43,217.8
2026/7/17,12:45:45,228.7
2026/7/17,12:47:09,238.0
2026/7/17,12:48:33,247.7
2026/7/17,12:49:57,258.6
2026/7/17,12:51:21,267.7
2026/7/17,12:52:45,277.5
2026/7/17,12:54:09,288.2
2026/7/17,12:55:32,297.2
2026/7/17,12:56:57,308.1
2026/7/17,12:58:20,317.6
2026/7/17,12:59:44,328.0
2026/7/17,13:01:08,337.9
2026/7/17,14:12:27,98.6
2026/7/17,14:13:52,108.6
2026/7/17,14:15:15,118.5
2026/7/17,14:16:39,128.4
2026/7/17,14:18:03,138.4
2026/7/17,14:19:27,148.2
2026/7/17,14:20:51,158.0
2026/7/17,14:22:15,167.9
2026/7/17,14:23:40,178.4
2026/7/17,14:25:04,188.6
2026/7/17,14:26:28,198.2
2026/7/17,14:27:52,207.5
2026/7/17,14:29:55,217.8
2026/7/17,14:30:37,228.6
2026/7/17,14:32:01,237.9
2026/7/17,14:33:25,247.6
2026/7/17,14:34:49,258.6
2026/7/17,14:36:14,267.7
2026/7/17,14:37:37,277.5
2026/7/17,14:39:01,288.2
2026/7/17,14:40:25,297.1
2026/7/17,14:41:49,308.1
2026/7/17,14:43:13,317.6
2026/7/17,14:44:37,328.0
2026/7/17,14:46:01,337.8
2026/7/17,15:48:56,98.6
2026/7/17,15:50:20,108.6
2026/7/17,15:51:44,118.4
2026/7/17,15:53:08,128.5
2026/7/17,15:54:32,138.4
2026/7/17,15:55:56,148.2
2026/7/17,15:57:20,158.0
2026/7/17,15:58:43,167.9
2026/7/17,16:00:08,178.4
2026/7/17,16:01:32,188.6
2026/7/17,16:02:56,198.1
2026/7/17,16:04:20,207.6
2026/7/17,16:05:41,217.8
2026/7/17,16:07:05,228.7
2026/7/17,16:08:30,237.9
2026/7/17,16:09:53,247.6
2026/7/17,16:11:17,258.5
2026/7/17,16:12:41,267.7
2026/7/17,16:14:05,277.5
2026/7/17,16:15:29,288.2
2026/7/17,16:16:53,297.2
2026/7/17,16:18:17,308.1
2026/7/17,16:19:41,317.5
2026/7/17,16:21:05,327.9
2026/7/17,16:22:29,338.2
2026/7/18,04:31:48,128.4
2026/7/18,10:21:43,98.6
2026/7/18,10:23:02,108.6
2026/7/18,10:24:27,118.5
2026/7/18,10:26:59,128.4
2026/7/18,10:28:24,138.4
2026/7/18,10:29:50,148.2
2026/7/18,10:32:37,158.0
2026/7/18,10:33:56,167.8
2026/7/18,10:35:15,178.4
2026/7/18,10:37:56,188.6
2026/7/18,10:39:14,198.2
2026/7/18,10:40:38,207.7
2026/7/18,10:43:16,217.8
2026/7/18,10:44:37,228.6
2026/7/18,10:45:58,237.9
2026/7/18,10:48:36,247.6
2026/7/18,10:49:55,258.5
2026/7/18,10:51:21,267.7
2026/7/18,12:21:11,98.6
2026/7/18,12:23:46,108.6
2026/7/18,12:25:12,118.4
2026/7/18,12:26:37,128.4
2026/7/18,12:28:41,138.4
2026/7/18,12:30:25,148.2
2026/7/18,12:31:19,158.0
2026/7/18,12:33:37,167.9
2026/7/18,12:35:21,178.4
2026/7/18,12:36:14,188.6
2026/7/18,12:38:31,198.0
2026/7/18,12:40:13,207.6
2026/7/18,12:41:38,217.8
2026/7/18,12:43:48,228.6
2026/7/18,12:45:07,237.9
2026/7/18,12:46:36,247.6
2026/7/18,12:48:44,258.6
2026/7/18,12:50:04,267.7
2026/7/18,12:51:21,277.5
2026/7/18,12:53:39,288.2
2026/7/18,12:54:59,297.1
2026/7/18,12:56:17,308.1
2026/7/18,12:58:34,317.6
2026/7/18,12:59:54,327.9
2026/7/18,13:01:12,338.1
2026/7/18,14:26:34,98.6
2026/7/18,14:28:41,108.6
2026/7/18,14:30:23,118.5
2026/7/18,14:31:18,128.4
2026/7/18,14:33:37,138.4
2026/7/18,14:35:19,148.2
2026/7/18,14:36:14,158.0
2026/7/18,14:38:32,167.8
2026/7/18,14:40:15,178.3
2026/7/18,14:41:09,188.6
2026/7/18,14:43:25,198.0
2026/7/18,14:45:08,207.6
2026/7/18,14:46:34,217.8
2026/7/18,14:48:41,228.6
2026/7/18,14:50:00,237.9
2026/7/18,14:51:30,247.7
2026/7/18,14:53:36,258.6
2026/7/18,14:54:56,267.7
2026/7/18,14:56:14,277.5
2026/7/18,14:58:32,288.2
2026/7/18,14:59:52,297.2
2026/7/18,15:01:10,308.1
2026/7/18,15:03:27,317.5
2026/7/18,15:04:47,327.9
2026/7/18,15:06:05,337.9
2026/7/18,16:31:29,98.6
2026/7/18,16:33:35,108.6
2026/7/18,16:35:18,118.4
2026/7/18,16:36:12,128.5
2026/7/18,16:38:43,138.4
2026/7/18,16:40:14,148.2
2026/7/18,16:41:39,158.1
2026/7/18,16:43:53,167.8
2026/7/18,16:45:22,178.4
2026/7/18,16:47:06,188.6
2026/7/18,16:49:00,198.1
2026/7/18,16:50:28,207.6
2026/7/18,16:51:54,217.8
2026/7/18,16:54:35,228.7
2026/7/18,16:55:54,237.9
2026/7/18,16:57:12,247.6
2026/7/18,16:59:45,258.6
2026/7/18,17:01:12,267.7
2026/7/18,17:02:37,277.5
2026/7/18,17:04:52,288.2
2026/7/18,17:06:22,297.2
2026/7/18,17:07:47,308.1
2026/7/18,17:10:01,317.6
2026/7/18,17:11:30,327.9
2026/7/18,17:12:55,338.2
2026/7/18,18:41:36,98.6
2026/7/18,18:44:07,108.6
2026/7/18,18:45:36,118.5
2026/7/18,18:47:02,128.5
2026/7/18,18:49:02,138.3
2026/7/18,18:50:45,148.3
2026/7/18,18:51:39,158.0
2026/7/18,18:53:57,167.8
2026/7/18,18:55:41,178.4
2026/7/18,18:56:35,188.6
2026/7/18,20:23:11,98.6
2026/7/18,20:25:41,108.6
2026/7/18,20:27:11,118.4
2026/7/18,20:28:37,128.4
2026/7/18,20:30:51,138.4
2026/7/18,20:32:19,148.2
2026/7/18,20:33:45,158.0
2026/7/18,20:35:59,167.9
2026/7/18,20:37:29,178.4
2026/7/18,20:39:14,188.7
2026/7/18,20:41:06,198.3
2026/7/18,20:42:35,207.4
2026/7/18,20:44:00,217.7
2026/7/18,20:46:36,228.7
2026/7/18,20:47:55,237.9
2026/7/18,20:49:14,247.6
2026/7/18,20:51:45,258.6
2026/7/18,20:53:13,267.7
2026/7/18,20:54:39,277.5
2026/7/18,20:56:55,288.2
2026/7/18,20:58:23,297.2
2026/7/18,20:59:48,308.0
2026/7/18,21:02:06,317.6
2026/7/18,21:03:33,328.0
2026/7/18,21:04:58,338.0
2026/7/18,22:37:28,98.6
2026/7/18,22:40:33,108.6
2026/7/18,22:41:55,118.4
2026/7/18,22:43:26,128.4
2026/7/18,22:45:50,138.4
2026/7/18,22:47:10,148.2
2026/7/18,22:48:35,158.0
2026/7/18,22:50:45,167.8
2026/7/18,22:52:28,178.4
2026/7/18,22:53:22,188.6
2026/7/18,22:55:38,198.3
2026/7/18,22:57:20,207.6
2026/7/18,22:58:46,217.8
2026/7/18,23:00:58,228.6
2026/7/18,23:02:16,238.0
2026/7/18,23:03:45,247.6
2026/7/18,23:05:53,258.6
2026/7/18,23:07:13,267.7
2026/7/18,23:08:31,277.5
2026/7/18,23:10:49,288.1
2026/7/18,23:12:30,297.2
2026/7/18,23:13:28,308.1
2026/7/18,23:15:45,317.6
2026/7/18,23:17:26,327.9
2026/7/18,23:18:24,338.0
2026/7/19,00:45:16,98.6
2026/7/19,00:47:24,108.6
2026/7/19,00:49:06,118.4
2026/7/19,00:50:01,128.5
2026/7/19,00:52:25,138.4
2026/7/19,00:54:02,148.2
2026/7/19,00:55:28,158.0
2026/7/19,00:57:32,167.8
2026/7/19,00:59:06,178.4
2026/7/19,01:00:50,188.6
2026/7/19,01:02:37,198.1
2026/7/19,01:04:08,207.4
2026/7/19,01:05:33,217.8
2026/7/19,01:08:04,228.7
2026/7/19,01:09:24,237.9
2026/7/19,01:10:44,247.6
2026/7/19,01:13:10,258.6
2026/7/19,01:14:43,267.7
2026/7/19,01:16:08,277.5
2026/7/19,01:18:17,288.2
2026/7/19,01:19:48,297.2
2026/7/19,01:21:13,308.0
2026/7/19,01:23:22,317.6
2026/7/19,01:24:55,328.0
2026/7/19,01:26:20,338.1
2026/7/19,06:11:19,98.6
2026/7/19,06:12:40,108.6
2026/7/19,06:14:13,118.4
2026/7/19,06:17:09,128.4
2026/7/19,06:18:35,138.4
2026/7/19,06:20:04,148.2
2026/7/19,06:22:28,158.0
2026/7/19,06:23:48,167.8
2026/7/19,06:25:17,178.3
2026/7/19,06:27:22,188.6
2026/7/19,08:19:47,297.1
2026/7/19,08:20:06,308.1
2026/7/19,08:24:16,317.5
2026/7/19,08:25:08,327.9
2026/7/19,13:39:11,98.6
2026/7/19,13:41:17,108.6
2026/7/19,13:42:36,118.5
2026/7/19,13:44:07,128.5
2026/7/19,13:46:13,138.4
2026/7/19,13:47:56,148.2
2026/7/19,13:48:50,158.0
2026/7/19,13:51:08,167.8
2026/7/19,13:52:52,178.3
2026/7/19,13:53:45,188.6
2026/7/19,13:56:02,198.3
2026/7/19,13:57:22,207.6
2026/7/19,13:58:40,217.8
2026/7/19,14:00:57,228.7
2026/7/19,14:02:40,237.9
2026/7/19,14:04:06,247.6
2026/7/19,14:06:13,258.6
2026/7/19,14:07:33,267.7
2026/7/19,14:09:02,277.5
2026/7/19,14:11:09,288.2
2026/7/19,14:12:30,297.1
2026/7/19,14:13:47,308.1
2026/7/19,14:16:05,317.6
2026/7/19,14:17:26,327.9
2026/7/19,14:18:43,337.9
2026/7/19,20:48:50,98.6
2026/7/19,20:50:18,108.6
2026/7/19,20:51:43,118.5
2026/7/19,20:53:59,128.4
2026/7/19,20:55:28,138.4
2026/7/19,20:56:54,148.2
2026/7/19,20:59:18,158.0
2026/7/19,21:00:37,167.8
2026/7/19,21:02:07,178.4
2026/7/19,21:04:12,188.6
2026/7/19,21:05:31,198.1
2026/7/19,21:06:49,207.6
2026/7/19,21:09:06,217.8
2026/7/19,21:10:27,228.6
2026/7/19,21:11:45,237.9
2026/7/19,21:14:02,247.6
2026/7/19,21:15:22,258.5
2026/7/19,21:16:40,267.7
2026/7/19,21:18:58,277.5
2026/7/19,21:20:41,288.2
2026/7/19,21:22:06,297.2
2026/7/19,21:24:18,308.1
2026/7/19,21:25:37,317.6
2026/7/19,21:27:06,327.9
2026/7/19,21:29:14,337.9
2026/7/20,07:10:25,98.6
2026/7/20,07:13:05,108.6
2026/7/20,07:14:24,118.5
2026/7/20,07:15:44,128.4
2026/7/20,07:18:01,138.4
2026/7/20,07:19:44,148.2
2026/7/20,07:20:39,158.0
2026/7/20,07:22:57,167.8
2026/7/20,07:24:40,178.4
2026/7/20,07:25:35,188.7
2026/7/20,07:27:52,198.3
2026/7/20,07:29:11,207.6
2026/7/20,07:30:30,217.8
2026/7/20,07:32:48,228.6
2026/7/20,07:34:29,237.9
2026/7/20,07:35:54,247.6
2026/7/20,07:38:05,258.6
2026/7/20,07:39:24,267.7
2026/7/20,07:40:52,277.5
2026/7/20,07:43:01,288.2
2026/7/20,07:44:42,297.2
2026/7/20,07:45:41,308.1
2026/7/20,07:47:57,317.6
2026/7/20,07:49:38,328.0
2026/7/20,07:50:38,338.0
2026/7/20,09:09:10,98.6
2026/7/20,09:10:40,108.6
2026/7/20,09:12:05,118.5
2026/7/20,09:14:17,128.4
2026/7/20,09:15:49,138.4
2026/7/20,09:17:14,148.2
2026/7/20,09:19:44,158.0
2026/7/20,09:21:03,167.8
2026/7/20,09:22:23,178.4
2026/7/20,09:24:51,188.6
2026/7/20,09:26:19,198.0
2026/7/20,09:27:44,207.6
2026/7/20,09:29:57,217.8
2026/7/20,09:31:26,228.7
2026/7/20,09:32:51,237.9
2026/7/20,09:35:04,247.6
2026/7/20,09:36:34,258.5
2026/7/20,09:38:00,267.7
2026/7/20,09:40:11,277.5
2026/7/20,09:41:42,288.1
2026/7/20,09:43:07,297.2
2026/7/20,09:45:40,308.1
2026/7/20,09:46:59,317.6
2026/7/20,09:48:18,328.0
2026/7/20,09:50:45,337.8
2026/7/20,11:08:17,98.6
2026/7/20,11:09:47,108.6
2026/7/20,11:11:54,118.5
2026/7/20,11:13:36,128.4
2026/7/20,11:14:31,138.4
2026/7/20,11:16:49,148.2
2026/7/20,11:18:32,158.0
2026/7/20,11:19:26,167.9
2026/7/20,11:21:45,178.4
2026/7/20,11:23:03,188.7
2026/7/20,11:24:20,198.0
2026/7/20,11:26:38,207.4
2026/7/20,11:28:22,217.8
2026/7/20,11:29:47,228.6
2026/7/20,11:31:57,237.9
2026/7/20,11:33:16,247.6
2026/7/20,11:34:45,258.6
2026/7/20,11:36:52,267.7
2026/7/20,11:38:12,277.5
2026/7/20,11:39:30,288.1
2026/7/20,11:41:47,297.2
2026/7/20,11:43:07,308.1
2026/7/20,11:44:25,317.6
2026/7/20,11:46:42,328.0
2026/7/20,11:48:03,338.0
2026/7/20,12:38:57,108.6
2026/7/20,14:13:23,98.6
2026/7/20,14:14:38,108.6
2026/7/20,14:16:06,118.5
2026/7/20,14:19:05,128.4
2026/7/20,14:20:23,138.4
2026/7/20,14:21:43,148.2
2026/7/20,14:24:13,158.0
2026/7/20,14:25:43,167.8
2026/7/20,14:27:09,178.3
2026/7/20,14:29:19,188.6
2026/7/20,14:30:49,198.1
2026/7/20,14:32:14,207.6
2026/7/20,14:34:28,217.8
2026/7/20,14:35:56,228.6
2026/7/20,14:37:23,237.9
2026/7/20,14:40:02,247.6
2026/7/20,14:41:21,258.6
2026/7/20,14:42:39,267.7
2026/7/20,14:45:11,277.5
2026/7/20,14:46:39,288.1
2026/7/20,14:48:05,297.2
2026/7/20,14:50:20,308.1
2026/7/20,14:51:49,317.6
2026/7/20,14:53:14,328.0
2026/7/20,14:55:29,338.1
2026/7/20,17:02:12,98.6
2026/7/20,17:03:30,108.6
2026/7/20,17:04:49,118.4
2026/7/20,17:07:41,128.4
2026/7/20,17:09:08,138.4
2026/7/20,17:10:40,148.2
2026/7/20,17:13:48,158.0
2026/7/20,17:15:23,167.8
2026/7/20,18:41:07,98.6
2026/7/20,18:42:26,108.6
2026/7/20,18:44:42,118.4
2026/7/20,18:46:00,128.4
2026/7/20,18:47:20,138.4
2026/7/20,18:49:52,148.2
2026/7/20,18:51:26,158.0
2026/7/20,18:52:51,167.8
2026/7/20,18:55:26,178.4
2026/7/20,18:56:44,188.6
2026/7/20,18:58:01,198.3
2026/7/20,19:00:33,207.6
2026/7/20,19:02:01,217.8
2026/7/20,19:03:26,228.6
2026/7/20,19:05:44,237.9
2026/7/20,19:07:10,247.6
2026/7/20,19:08:35,258.5
2026/7/20,19:10:55,267.7
2026/7/20,19:12:22,277.5
2026/7/20,19:13:47,288.2
2026/7/20,19:16:04,297.1
2026/7/20,19:17:32,308.0
2026/7/20,19:18:59,317.5
2026/7/20,19:21:39,328.0
2026/7/20,19:22:58,337.8
2026/7/20,20:34:49,217.8
2026/7/20,20:35:07,228.6
2026/7/20,20:38:22,238.0
2026/7/20,20:39:14,247.6
2026/7/20,22:48:38,98.6
2026/7/20,22:50:17,108.5
2026/7/20,22:52:52,118.5
2026/7/20,22:54:10,128.5
2026/7/20,22:57:06,138.4
2026/7/20,22:58:25,148.2
2026/7/20,23:01:21,158.0
2026/7/20,23:02:40,167.9
2026/7/20,23:05:35,178.4
2026/7/20,23:07:04,188.6
2026/7/20,23:10:06,198.1
2026/7/20,23:11:41,207.6
2026/7/20,23:14:21,217.8
2026/7/20,23:15:41,228.5
2026/7/20,23:18:37,238.0
2026/7/20,23:19:56,247.6
2026/7/20,23:22:52,258.6
2026/7/20,23:24:12,267.7
2026/7/20,23:27:07,277.5
2026/7/20,23:28:36,288.2
2026/7/20,23:31:40,297.2
2026/7/20,23:33:12,308.1
2026/7/20,23:35:55,317.6
2026/7/20,23:37:16,327.9
2026/7/20,23:40:11,338.0
2026/7/21,01:29:18,98.6
2026/7/21,01:32:14,108.6
2026/7/21,01:33:33,118.4
2026/7/21,01:36:30,128.4
2026/7/21,01:37:58,138.4
2026/7/21,01:41:00,148.2
2026/7/21,01:42:18,158.0
2026/7/21,01:45:30,167.9
2026/7/21,01:46:33,178.4
2026/7/21,01:49:27,188.6
2026/7/21,01:50:47,198.2
2026/7/21,01:53:41,207.4
2026/7/21,01:55:00,217.8
2026/7/21,01:57:54,228.6
2026/7/21,01:59:20,237.9
2026/7/21,02:02:24,247.6
2026/7/21,02:03:59,258.6
2026/7/21,02:06:38,267.7
2026/7/21,02:07:58,277.5
2026/7/21,02:10:52,288.2
2026/7/21,02:12:12,297.1
2026/7/21,02:15:06,308.0
2026/7/21,02:16:27,317.5
2026/7/21,02:19:21,327.9
2026/7/21,02:20:48,338.0
2026/7/21,04:20:45,98.6
2026/7/21,04:22:03,108.6
2026/7/21,04:25:48,118.5
2026/7/21,04:27:16,128.4
2026/7/21,04:30:04,138.4
2026/7/21,04:31:23,148.2
2026/7/21,06:40:39,98.6
2026/7/21,06:42:09,108.6
2026/7/21,06:45:39,118.5
2026/7/21,06:47:10,128.4
2026/7/21,06:50:13,138.4
2026/7/21,06:51:46,148.2
2026/7/21,06:54:29,158.0
2026/7/21,06:55:47,167.9
2026/7/21,06:58:44,178.4
2026/7/21,07:00:03,188.6
2026/7/21,07:03:00,198.2
2026/7/21,07:04:20,207.6
2026/7/21,07:07:16,217.8
2026/7/21,07:08:42,228.6
2026/7/21,07:11:47,237.9
2026/7/21,07:13:21,247.6
2026/7/21,07:16:04,258.6
2026/7/21,07:17:24,267.7
2026/7/21,07:20:21,277.5
2026/7/21,07:21:42,288.2
2026/7/21,07:24:38,297.2
2026/7/21,07:25:58,308.1
2026/7/21,07:28:55,317.6
2026/7/21,07:30:21,327.9
2026/7/21,07:33:25,337.8
2026/7/21,09:34:46,98.6
2026/7/21,09:37:31,108.6
2026/7/21,09:38:50,118.4
2026/7/21,09:42:55,128.5
2026/7/21,09:44:29,138.4
2026/7/21,09:48:39,148.2
2026/7/21,09:49:58,158.0
2026/7/21,09:54:19,167.8
2026/7/21,09:55:47,178.4
2026/7/21,10:00:26,188.6
2026/7/21,10:01:30,198.3
2026/7/21,10:05:54,207.6
2026/7/21,10:07:13,217.8
2026/7/21,10:11:38,228.7
2026/7/21,10:12:57,237.9
2026/7/21,10:17:21,247.6
2026/7/21,10:18:39,258.6
2026/7/21,10:23:05,267.7
2026/7/21,10:24:29,277.5
2026/7/21,10:29:11,288.2
2026/7/21,10:30:14,297.1
2026/7/21,10:34:36,308.1
2026/7/21,10:35:55,317.6
2026/7/21,10:40:20,328.0
2026/7/21,10:41:39,338.1
2026/7/21,12:12:32,128.4
2026/7/21,12:15:30,228.5
2026/7/21,12:16:48,247.7
2026/7/21,12:19:46,267.8
2026/7/21,12:21:13,277.5
2026/7/21,12:24:05,288.2
2026/7/21,12:25:23,327.9
2026/7/21,13:29:57,98.6
2026/7/21,13:32:38,108.6
2026/7/21,13:33:56,118.4
2026/7/21,13:36:52,128.4
2026/7/21,13:38:10,138.4
2026/7/21,13:41:06,148.2
2026/7/21,13:42:23,158.0
2026/7/21,13:45:17,167.9
2026/7/21,13:46:44,178.3
2026/7/21,13:49:43,188.6
2026/7/21,13:51:22,198.3
2026/7/21,13:53:57,207.6
2026/7/21,13:55:16,217.8
2026/7/21,13:58:10,228.7
2026/7/21,13:59:30,238.0
2026/7/21,14:02:24,247.6
2026/7/21,14:03:43,258.6
2026/7/21,14:06:37,267.7
2026/7/21,14:08:05,277.5
2026/7/21,14:11:07,288.2
2026/7/21,14:12:42,297.2
2026/7/21,14:15:20,308.1
2026/7/21,14:16:41,317.6
2026/7/21,14:19:34,328.0
2026/7/21,14:20:54,338.0
2026/7/21,20:03:48,98.6
2026/7/21,20:07:11,108.6
2026/7/21,20:08:44,118.4
2026/7/21,20:12:20,128.5
2026/7/21,20:13:38,138.4
2026/7/21,20:17:05,148.2
2026/7/21,20:18:24,158.0
2026/7/21,20:21:50,167.9
2026/7/21,20:23:09,178.4
2026/7/21,20:26:35,188.6
2026/7/21,20:27:54,198.0
2026/7/21,20:31:20,207.6
2026/7/21,20:33:05,217.8
2026/7/21,20:36:19,228.7
2026/7/21,20:37:37,237.9
2026/7/21,20:41:04,247.6
2026/7/21,20:42:23,258.6
2026/7/21,20:45:49,267.7
2026/7/21,20:47:09,277.5
2026/7/21,20:50:35,288.2
2026/7/21,20:51:55,297.2
2026/7/21,20:55:20,308.1
2026/7/21,20:57:06,317.6
2026/7/21,21:00:23,328.0
2026/7/21,21:01:42,338.1
2026/7/21,23:09:06,98.6
2026/7/21,23:10:40,108.6
2026/7/22,01:02:05,98.6
2026/7/22,01:03:23,108.6
2026/7/22,01:06:19,118.4
2026/7/22,01:07:37,128.4
2026/7/22,01:11:13,138.4
2026/7/22,01:12:51,148.2
2026/7/22,01:16:27,158.0
2026/7/22,01:17:44,167.8
2026/7/22,01:21:24,178.4
2026/7/22,01:22:56,188.6
2026/7/22,01:26:20,198.1
2026/7/22,01:27:55,207.6
2026/7/22,01:31:15,217.8
2026/7/22,01:32:50,228.6
2026/7/22,01:36:04,237.9
2026/7/22,01:37:45,247.6
2026/7/22,01:41:16,258.6
2026/7/22,01:42:35,267.6
2026/7/22,01:46:09,277.5
2026/7/22,01:47:46,288.1
2026/7/22,01:51:03,297.2
2026/7/22,01:52:40,308.1
2026/7/22,01:55:57,317.5
2026/7/22,01:57:33,328.0
2026/7/22,02:00:50,337.9
2026/7/22,06:58:23,98.6
2026/7/22,07:01:39,108.6
2026/7/22,07:03:18,118.4
2026/7/22,07:06:39,128.4
2026/7/22,07:08:11,138.4
2026/7/22,07:11:58,148.2
2026/7/22,07:13:17,158.0
2026/7/22,07:17:00,167.8
2026/7/22,07:18:26,178.3
2026/7/22,07:22:00,188.6
2026/7/22,07:23:28,198.1
2026/7/22,10:39:44,98.6
2026/7/22,11:04:28,128.4
2026/7/22,11:05:57,138.4
2026/7/22,11:07:15,148.2
2026/7/22,11:09:40,158.0
2026/7/22,11:11:00,167.9
2026/7/22,11:12:29,178.3
2026/7/22,11:14:53,188.7
2026/7/22,11:16:25,198.1
2026/7/22,11:17:51,207.5
2026/7/22,11:20:08,217.8
2026/7/22,11:21:30,228.7
2026/7/22,11:22:55,237.9
2026/7/22,11:25:17,247.5
2026/7/22,11:26:44,258.5
2026/7/22,11:28:10,267.7
2026/7/22,11:30:48,277.5
2026/7/22,11:32:17,288.2
2026/7/22,11:33:36,297.2
2026/7/22,11:36:11,308.1
2026/7/22,11:37:32,317.6
2026/7/22,11:38:53,327.9
2026/7/22,11:41:25,337.9
2026/7/22,13:08:34,98.6
2026/7/22,13:09:54,108.6
2026/7/22,13:11:19,118.4
2026/7/22,13:13:44,128.4
2026/7/22,13:15:18,138.4
2026/7/22,13:16:44,148.2
2026/7/22,13:19:02,158.0
2026/7/22,13:20:21,167.9
2026/7/22,13:21:49,178.4
2026/7/22,13:24:11,188.6
2026/7/22,13:25:38,198.3
2026/7/22,13:27:03,207.6
2026/7/22,13:29:18,217.8
2026/7/22,13:30:48,228.7
2026/7/22,13:32:13,237.9
2026/7/22,13:34:28,247.6
2026/7/22,13:35:57,258.6
2026/7/22,13:37:22,267.7
2026/7/22,13:39:55,277.5
2026/7/22,13:41:24,288.2
2026/7/22,13:42:43,297.2
2026/7/22,13:45:14,308.1
2026/7/22,13:46:34,317.5
2026/7/22,13:47:59,327.9
2026/7/22,13:50:24,338.3
2026/7/22,14:36:57,98.6
2026/7/22,14:38:17,108.6
2026/7/22,14:39:48,118.4
2026/7/22,14:42:03,128.5
2026/7/22,14:43:36,138.4
2026/7/22,14:45:01,148.2
2026/7/22,14:46:57,158.0
2026/7/22,14:48:17,167.9
2026/7/22,14:49:36,178.4
2026/7/22,14:51:50,188.6
2026/7/22,14:53:11,198.2
2026/7/22,14:54:39,207.6
2026/7/22,14:57:00,217.8
2026/7/22,14:58:33,228.7
2026/7/22,14:59:58,237.9
2026/7/22,15:02:03,247.6
2026/7/22,15:03:23,258.6
2026/7/22,15:04:43,267.7
2026/7/22,15:06:57,277.5
2026/7/22,15:08:18,288.2
2026/7/22,15:09:36,297.2
2026/7/22,15:11:51,308.1
2026/7/22,15:13:13,317.5
2026/7/22,15:14:30,327.9
2026/7/22,15:16:45,338.0
2026/7/22,16:07:32,98.6
2026/7/22,16:09:16,108.6
2026/7/22,16:10:42,118.4
2026/7/22,16:12:43,128.4
2026/7/22,16:14:17,138.4
2026/7/22,16:15:42,148.2
2026/7/22,16:17:46,158.0
2026/7/22,16:19:06,167.9
2026/7/22,16:20:48,178.4
2026/7/22,16:22:39,188.6
2026/7/22,16:24:01,198.2
2026/7/22,16:25:18,207.6
2026/7/22,16:27:34,217.8
2026/7/22,16:28:55,228.5
2026/7/22,16:30:13,237.9
2026/7/22,16:32:29,247.6
2026/7/22,16:33:50,258.5
2026/7/22,16:35:14,267.7
2026/7/22,16:37:38,277.5
2026/7/22,16:39:12,288.2
2026/7/22,16:40:37,297.2
2026/7/22,16:42:41,308.1
2026/7/22,16:44:01,317.6
2026/7/22,16:45:21,328.0
2026/7/22,16:47:35,337.9
2026/7/22,18:15:38,98.6
2026/7/22,18:17:11,108.6
2026/7/22,18:18:36,118.4
2026/7/22,18:20:59,128.4
2026/7/22,18:22:28,138.4
2026/7/22,18:23:47,148.3
2026/7/22,18:26:02,158.0
2026/7/22,18:27:23,167.9
2026/7/22,18:29:04,178.4
2026/7/22,18:30:56,188.6
2026/7/22,18:32:16,198.0
2026/7/22,18:33:35,207.6
2026/7/22,18:35:50,217.8
2026/7/22,18:37:11,228.5
2026/7/22,18:38:29,237.9
2026/7/22,18:40:44,247.6
2026/7/22,18:42:06,258.6
2026/7/22,18:43:31,267.7
2026/7/22,18:45:55,277.5
2026/7/22,18:47:29,288.1
2026/7/22,18:48:54,297.2
2026/7/22,18:50:58,308.1
2026/7/22,18:52:19,317.6
2026/7/22,18:54:00,327.9
2026/7/22,18:55:52,338.1
2026/7/23,00:50:05,98.6
2026/7/23,00:50:27,108.6
2026/7/23,00:52:16,118.5
2026/7/23,00:53:40,128.4
2026/7/23,11:16:50,217.8
2026/7/23,11:17:29,237.9
2026/7/23,11:19:56,247.6
2026/7/23,11:22:12,277.5
2026/7/23,13:11:08,98.6
2026/7/23,13:13:33,108.6
2026/7/23,13:16:01,118.4
2026/7/23,13:18:30,128.5
2026/7/23,13:21:00,138.4
2026/7/23,13:23:29,148.2
2026/7/23,13:25:59,158.0
2026/7/23,13:28:26,167.8
2026/7/23,13:30:56,178.4
2026/7/23,13:33:24,188.6
2026/7/23,13:35:55,198.3
2026/7/23,13:38:33,207.5
2026/7/23,13:41:11,217.8
2026/7/23,13:43:40,228.7
2026/7/23,13:46:10,237.9
2026/7/23,13:48:39,247.6
2026/7/23,13:51:09,258.5
2026/7/23,13:53:37,267.7
2026/7/23,13:56:07,277.5
2026/7/23,13:58:36,288.2
2026/7/23,14:01:06,297.1
2026/7/23,14:03:40,308.1
2026/7/23,14:06:21,317.6
2026/7/23,14:08:49,328.0
2026/7/23,14:11:20,338.1
2026/7/23,16:20:27,98.6
2026/7/23,16:22:58,108.6
2026/7/23,16:25:27,118.4
2026/7/23,16:27:45,128.4
2026/7/23,16:30:01,138.4
2026/7/23,16:32:19,148.3
2026/7/23,16:34:42,158.0
2026/7/23,16:37:07,167.8
2026/7/23,16:39:23,178.4
2026/7/23,16:41:41,188.6
2026/7/23,16:43:57,198.1
2026/7/23,16:46:16,207.5
2026/7/23,16:48:32,217.8
2026/7/23,16:50:50,228.7
2026/7/23,16:53:06,237.9
2026/7/23,16:55:24,247.6
2026/7/23,16:57:51,258.6
2026/7/23,17:00:18,267.7
2026/7/23,17:02:35,277.5
2026/7/23,17:04:53,288.2
2026/7/23,17:07:09,297.2
2026/7/23,17:09:27,308.1
2026/7/23,17:11:44,317.5
2026/7/23,17:14:02,327.9
2026/7/23,17:16:18,338.1
2026/7/23,19:14:21,98.6
2026/7/23,19:16:46,108.6
2026/7/23,19:19:13,118.4
2026/7/23,19:21:30,128.4
2026/7/23,22:21:31,98.6
2026/7/23,22:24:00,108.6
2026/7/23,22:26:37,118.4
2026/7/23,22:29:02,128.4
2026/7/23,22:31:18,138.4
2026/7/23,22:33:36,148.2
2026/7/23,22:35:53,158.0
2026/7/23,22:38:10,167.8
2026/7/23,22:40:26,178.4
2026/7/23,22:42:45,188.6
2026/7/23,22:45:01,198.3
2026/7/23,22:47:19,207.6
2026/7/23,22:49:44,217.8
2026/7/23,22:52:12,228.7
2026/7/23,22:54:28,237.9
2026/7/23,22:56:46,247.6
2026/7/23,22:59:02,258.6
2026/7/23,23:01:20,267.7
2026/7/23,23:03:37,277.5
2026/7/23,23:05:55,288.1
2026/7/23,23:08:11,297.2
2026/7/23,23:10:29,308.1
2026/7/23,23:12:54,317.6
2026/7/23,23:15:22,328.0
2026/7/23,23:17:38,338.0
2026/7/24,01:20:09,98.6
2026/7/24,01:22:36,108.6
2026/7/24,01:25:06,118.5
2026/7/24,01:27:22,128.5
2026/7/24,01:29:40,138.4
2026/7/24,01:31:56,148.2
2026/7/24,01:34:14,158.0
2026/7/24,01:36:39,167.8
2026/7/24,02:16:01,98.6
2026/7/24,02:18:17,108.6
2026/7/24,02:20:35,118.4
2026/7/24,02:22:59,128.4
2026/7/24,02:25:27,138.4
2026/7/24,02:27:43,148.2
2026/7/24,02:30:02,158.0
2026/7/24,02:32:17,167.9
2026/7/24,02:34:35,178.4
2026/7/24,02:36:52,188.6
2026/7/24,02:39:10,198.2
2026/7/24,02:41:27,207.4
2026/7/24,02:43:45,217.8
2026/7/24,02:46:10,228.7
2026/7/24,02:48:39,238.0
2026/7/24,02:50:55,247.6
2026/7/24,02:53:13,258.6
2026/7/24,02:55:30,267.7
2026/7/24,02:57:48,277.5
2026/7/24,03:00:05,288.2
2026/7/24,03:02:24,297.2
2026/7/24,03:04:41,308.1
2026/7/24,03:06:59,317.6
2026/7/24,03:09:23,327.9
2026/7/24,03:11:50,337.9
2026/7/24,05:18:15,98.6
2026/7/24,05:20:43,108.6
2026/7/24,05:23:10,118.4
2026/7/24,05:25:38,128.4
2026/7/24,05:28:04,138.4
2026/7/24,05:30:32,148.2
2026/7/24,05:32:59,158.0
2026/7/24,05:35:26,167.8
2026/7/24,05:38:00,178.4
2026/7/24,05:40:38,188.6
2026/7/24,05:43:05,198.0
2026/7/24,05:45:33,207.4
2026/7/24,05:47:59,217.8
2026/7/24,05:50:28,228.7
2026/7/24,05:52:54,237.9
2026/7/24,05:55:22,247.6
2026/7/24,05:57:49,258.6
2026/7/24,06:00:17,267.7
2026/7/24,06:02:53,277.5
2026/7/24,06:05:27,288.2
2026/7/24,06:07:54,297.1
2026/7/24,06:10:21,308.1
2026/7/24,06:12:49,317.5
2026/7/24,06:15:17,328.0
2026/7/24,06:17:44,337.9
2026/7/24,11:23:21,98.6
2026/7/24,11:23:39,108.5
2026/7/24,11:26:55,118.4
2026/7/24,11:27:48,128.4
2026/7/24,12:23:10,98.6
2026/7/24,12:25:39,108.5
2026/7/24,12:26:58,118.4
2026/7/24,12:28:18,128.4
2026/7/24,12:30:48,138.4
2026/7/24,12:32:21,148.2
2026/7/24,12:33:46,158.0
2026/7/24,12:36:00,167.8
2026/7/24,12:37:28,178.3
2026/7/24,12:39:13,188.6
2026/7/24,12:41:08,198.3
2026/7/24,12:42:37,207.6
2026/7/24,12:44:02,217.8
2026/7/24,12:46:17,228.7
2026/7/24,12:47:47,237.9
2026/7/24,12:49:14,247.6
2026/7/24,12:51:52,258.6
2026/7/24,12:53:13,267.7
2026/7/24,12:54:33,277.5
2026/7/24,12:57:03,288.2
2026/7/24,12:58:24,297.2
2026/7/24,12:59:55,308.1
2026/7/24,13:02:14,317.5
2026/7/24,13:03:42,327.9
2026/7/24,13:05:08,337.9
2026/7/24,14:33:54,98.6
2026/7/24,14:36:30,108.6
2026/7/24,14:37:49,118.4
2026/7/24,14:39:07,128.4
2026/7/24,14:41:38,138.4
2026/7/24,14:43:09,148.2
2026/7/24,14:44:34,158.0
2026/7/24,14:46:45,167.9
2026/7/24,14:48:17,178.4
2026/7/24,14:49:40,188.6
2026/7/24,14:51:54,198.3
2026/7/24,14:53:21,207.6
2026/7/24,14:54:46,217.8
2026/7/24,14:57:01,228.6
2026/7/24,14:58:31,237.9
2026/7/24,14:59:56,247.7
2026/7/24,15:02:34,258.6
2026/7/24,15:03:53,267.7
2026/7/24,15:05:11,277.5
2026/7/24,15:07:43,288.1
2026/7/24,15:09:12,297.1
2026/7/24,15:10:37,308.1
2026/7/24,15:12:52,317.5
2026/7/24,15:14:21,328.0
2026/7/24,15:15:46,337.9
2026/7/24,16:06:41,98.6
2026/7/24,16:08:12,108.6
2026/7/24,16:11:17,118.5
2026/7/24,16:12:40,128.5
2026/7/24,16:13:59,138.4
2026/7/24,16:16:30,148.2
2026/7/24,16:17:51,158.0
2026/7/24,16:19:22,167.8
2026/7/24,16:21:42,178.4
2026/7/24,16:23:11,188.7
2026/7/24,16:24:35,198.1
2026/7/24,16:27:11,207.4
2026/7/24,16:28:32,217.8
2026/7/24,16:29:52,228.7
2026/7/24,16:32:22,237.9
2026/7/24,16:33:43,247.6
2026/7/24,16:35:14,258.5
2026/7/24,16:37:33,267.7
2026/7/24,16:38:54,277.5
2026/7/24,16:40:26,288.2
2026/7/24,16:42:45,297.1
2026/7/24,16:44:12,308.1
2026/7/24,16:45:37,317.5
2026/7/24,16:47:56,327.9
2026/7/24,16:49:25,338.1
2026/7/24,18:23:47,98.6
2026/7/24,18:25:06,108.6
2026/7/24,18:27:24,118.4
2026/7/24,18:28:43,128.4
2026/7/24,18:30:02,138.4
2026/7/24,18:32:36,148.2
2026/7/24,18:34:04,158.0
2026/7/24,18:35:29,167.8
2026/7/24,18:37:48,178.4
2026/7/24,20:06:35,98.6
2026/7/24,20:08:06,108.6
2026/7/24,20:09:32,118.4
2026/7/24,20:11:39,128.5
2026/7/24,20:13:13,138.4
2026/7/24,20:14:39,148.2
2026/7/24,20:16:35,158.0
2026/7/24,20:18:17,167.9
2026/7/24,20:19:11,178.4
2026/7/24,20:21:49,188.6
2026/7/24,20:23:11,198.3
2026/7/24,20:24:36,207.6
2026/7/24,20:26:49,217.8
2026/7/24,20:28:08,228.7
2026/7/24,20:29:33,237.9
2026/7/24,20:31:45,247.6
2026/7/24,20:33:05,258.5
2026/7/24,20:34:22,267.7
2026/7/24,20:36:41,277.5
2026/7/24,20:38:22,288.2
2026/7/24,20:39:20,297.1
2026/7/24,20:41:37,308.1
2026/7/24,20:43:18,317.6
2026/7/24,20:44:16,327.9
2026/7/24,20:46:33,338.1
2026/7/24,22:13:31,98.6
2026/7/24,22:15:14,108.6
2026/7/24,22:16:08,118.4
2026/7/24,22:18:27,128.5
2026/7/24,22:20:10,138.4
2026/7/24,22:21:03,148.2
2026/7/24,22:23:21,158.0
2026/7/24,22:24:40,167.8
2026/7/24,22:25:59,178.4
2026/7/24,22:28:20,188.6
2026/7/24,22:29:58,198.1
2026/7/24,22:31:23,207.4
2026/7/24,22:33:31,217.8
2026/7/24,22:34:50,228.6
2026/7/24,22:36:20,237.9
2026/7/24,22:38:26,247.6
2026/7/24,22:39:46,258.6
2026/7/24,22:41:04,267.7
2026/7/24,22:43:22,277.5
2026/7/24,22:45:04,288.2
2026/7/24,22:46:01,297.1
2026/7/24,22:48:19,308.0
2026/7/24,22:50:00,317.6
2026/7/24,22:50:57,327.9
2026/7/24,22:53:14,337.8
2026/7/25,04:58:22,98.6
2026/7/25,04:59:51,108.6
2026/7/25,05:01:16,118.4
2026/7/25,05:03:30,128.4
2026/7/25,05:05:00,138.4
2026/7/25,05:06:25,148.2
2026/7/25,05:09:02,158.0
2026/7/25,05:10:21,167.8
2026/7/25,05:11:39,178.4
2026/7/25,05:14:08,188.6
2026/7/25,05:15:37,198.2
2026/7/25,05:17:03,207.6
2026/7/25,05:19:18,217.8
2026/7/25,05:20:46,228.7
2026/7/25,05:22:11,237.9
2026/7/25,05:24:25,247.6
2026/7/25,05:25:55,258.5
2026/7/25,05:27:21,267.7
2026/7/25,05:29:31,277.5
2026/7/25,05:31:02,288.2
2026/7/25,05:32:50,297.2
2026/7/25,05:35:02,308.1
2026/7/25,05:36:22,317.5
2026/7/25,05:37:40,327.9
2026/7/25,05:40:13,338.0
2026/7/25,07:07:24,267.7
2026/7/25,07:08:51,277.5
2026/7/25,07:10:16,288.2
2026/7/25,07:12:35,297.1
2026/7/25,07:14:05,308.0
2026/7/25,07:15:30,317.5
2026/7/25,07:18:08,327.9
2026/7/25,07:19:26,338.0
2026/7/25,08:37:05,98.6
2026/7/25,08:38:25,108.6
2026/7/25,08:40:54,118.4
2026/7/25,08:42:25,128.4
2026/7/25,08:43:51,138.4
2026/7/25,08:46:05,148.2
2026/7/25,08:47:32,158.0
2026/7/25,08:48:58,167.8
2026/7/25,08:51:17,178.4
2026/7/25,08:52:40,188.6
2026/7/25,08:54:06,198.3
2026/7/25,08:56:24,207.6
2026/7/25,08:57:52,217.7
2026/7/25,08:59:18,228.7
2026/7/25,09:01:59,237.9
2026/7/25,09:03:17,247.6
2026/7/25,09:04:36,258.6
2026/7/25,09:07:10,267.7
2026/7/25,09:08:36,277.5
2026/7/25,09:10:01,288.1
2026/7/25,09:12:22,297.1
2026/7/25,09:13:47,308.1
2026/7/25,09:15:12,317.6
2026/7/25,09:17:32,327.9
2026/7/25,09:18:59,337.7
2026/7/25,11:03:15,98.6
2026/7/25,11:04:34,108.5
2026/7/25,11:05:52,118.4
2026/7/25,11:08:11,128.5
2026/7/25,11:09:30,138.4
2026/7/25,11:10:49,148.2
2026/7/25,11:13:06,158.0
2026/7/25,11:14:54,167.8
2026/7/25,11:16:19,178.4
2026/7/25,11:18:24,188.6
2026/7/25,11:19:43,198.4
2026/7/25,11:21:13,207.6
2026/7/25,11:23:19,217.8
2026/7/25,11:24:39,228.6
2026/7/25,11:25:57,237.9
2026/7/25,11:28:14,247.6
2026/7/25,11:29:34,258.5
2026/7/25,11:30:51,267.7
2026/7/25,11:33:09,277.5
2026/7/25,11:34:29,288.2
2026/7/25,11:35:47,297.1
2026/7/25,11:38:04,308.1
2026/7/25,11:39:48,317.6
2026/7/25,11:41:13,328.0
2026/7/25,11:43:18,338.1
2026/7/25,12:04:02,167.8
2026/7/25,12:06:26,178.4
2026/7/25,12:07:51,188.6
2026/7/25,12:09:17,198.0
2026/7/25,12:12:04,207.5
2026/7/25,12:13:24,217.8
2026/7/25,12:14:43,228.6
2026/7/25,12:17:30,238.1
2026/7/25,12:18:53,247.6
2026/7/25,12:20:11,258.6
2026/7/25,12:22:59,267.6
2026/7/25,12:24:22,277.5
2026/7/25,12:25:40,288.2
2026/7/25,12:28:28,297.2
2026/7/25,12:29:57,308.1
2026/7/25,12:31:16,317.6
2026/7/25,12:34:04,328.0
2026/7/25,12:35:26,337.8
2026/7/25,13:00:21,288.2
2026/7/25,13:00:40,308.1
2026/7/25,13:03:54,317.5
2026/7/25,13:04:48,327.9
2026/7/25,14:22:44,98.6
2026/7/25,14:24:18,108.6
2026/7/25,14:25:43,118.4
2026/7/25,14:27:49,128.4
2026/7/25,14:29:23,138.4
2026/7/25,14:30:48,148.2
2026/7/25,14:33:07,158.0
2026/7/25,14:34:26,167.9
2026/7/25,14:35:56,178.4
2026/7/25,14:38:00,188.6
2026/7/25,14:39:20,198.2
2026/7/25,14:40:37,207.6
2026/7/25,15:43:06,228.6
2026/7/25,15:44:25,238.0
2026/7/25,15:45:45,247.5
2026/7/25,15:47:04,258.6
2026/7/25,16:58:17,98.6
2026/7/25,18:09:35,98.6
2026/7/25,18:10:59,108.6
2026/7/25,18:12:23,118.4
2026/7/25,18:13:47,128.4
2026/7/25,18:15:11,138.4
2026/7/25,18:16:35,148.2
2026/7/25,18:17:59,158.0
2026/7/25,18:19:23,167.9
2026/7/25,18:20:47,178.4
2026/7/25,18:22:11,188.6
2026/7/25,18:23:36,198.0
2026/7/25,18:24:59,207.6
2026/7/25,18:26:20,217.8
2026/7/25,18:27:44,228.6
2026/7/25,18:29:08,237.9
2026/7/25,18:30:32,247.6
2026/7/25,18:31:56,258.5
2026/7/25,18:33:20,267.7
2026/7/25,18:34:44,277.5
2026/7/25,18:36:07,288.2
2026/7/25,18:37:31,297.2
2026/7/25,18:38:55,308.1
2026/7/25,18:40:20,317.5
2026/7/25,18:41:43,328.0
2026/7/25,18:43:08,338.1
2026/7/25,19:37:42,228.5
2026/7/25,19:38:00,238.0
2026/7/25,19:41:22,247.6
2026/7/25,19:42:14,258.7
2026/7/25,20:17:48,98.6
2026/7/25,20:19:07,108.6
2026/7/25,20:20:27,118.4
2026/7/25,20:21:45,128.4
2026/7/25,20:23:06,138.4
2026/7/25,20:24:30,148.2
2026/7/25,20:25:54,158.0
2026/7/25,20:27:17,167.8
2026/7/25,20:28:41,178.4
2026/7/25,20:30:05,188.7
2026/7/25,20:31:30,198.0
2026/7/25,20:32:53,207.5
2026/7/25,20:34:15,217.8
2026/7/25,20:35:40,228.6
2026/7/25,20:37:26,238.0
2026/7/25,20:38:27,247.6
2026/7/25,20:39:53,258.5
2026/7/25,20:41:15,267.7
2026/7/25,20:42:39,277.5
2026/7/25,20:44:02,288.2
2026/7/25,20:45:26,297.1
2026/7/25,20:46:50,308.1
2026/7/25,20:48:14,317.6
2026/7/25,20:49:38,327.9
2026/7/25,20:51:02,337.9
2026/7/25,22:02:20,98.6
2026/7/25,22:03:47,108.5
2026/7/25,22:05:09,118.5
2026/7/25,22:06:33,128.4
2026/7/25,22:07:57,138.4
2026/7/25,22:09:21,148.2
2026/7/25,22:10:45,158.0
2026/7/25,22:12:09,167.8
2026/7/25,22:13:33,178.4
2026/7/25,22:14:57,188.6
2026/7/25,22:16:21,198.3
2026/7/25,22:17:45,207.6
2026/7/25,22:19:28,217.8
2026/7/25,22:20:30,228.6
2026/7/25,22:21:53,237.9
2026/7/25,22:23:17,247.6
2026/7/25,22:24:41,258.6
2026/7/25,22:26:05,267.7
2026/7/25,22:27:29,277.5
2026/7/25,22:28:53,288.2
2026/7/25,22:30:17,297.1
2026/7/25,22:31:43,308.1
2026/7/25,22:33:05,317.6
2026/7/25,22:34:29,327.9
2026/7/25,22:35:53,337.8
2026/7/25,23:47:14,98.6
2026/7/25,23:48:38,108.6
2026/7/25,23:50:02,118.5
2026/7/25,23:51:26,128.4
2026/7/25,23:52:50,138.4
2026/7/25,23:54:14,148.2
2026/7/25,23:55:38,158.0
2026/7/25,23:57:02,167.9
2026/7/25,23:58:26,178.4
2026/7/25,23:59:50,188.6
2026/7/26,00:01:14,198.1
2026/7/26,00:02:39,207.6
2026/7/26,00:04:00,217.8
2026/7/26,00:05:24,228.6
2026/7/26,00:06:48,238.0
2026/7/26,00:08:12,247.6
2026/7/26,00:09:35,258.6
2026/7/26,00:10:59,267.7
2026/7/26,00:12:23,277.5
2026/7/26,00:13:48,288.2
2026/7/26,00:15:12,297.2
2026/7/26,00:16:36,308.1
2026/7/26,00:18:00,317.5
2026/7/26,00:19:24,327.9
2026/7/26,00:20:48,337.9
2026/7/26,01:32:09,98.6
2026/7/26,01:33:32,108.6
2026/7/26,01:34:57,118.4
2026/7/26,01:36:20,128.4
2026/7/26,01:37:44,138.4
2026/7/26,01:39:08,148.2
2026/7/26,01:40:34,158.0
2026/7/26,01:42:07,178.4
2026/7/26,01:43:38,188.7
2026/7/26,01:45:10,198.2
2026/7/26,01:46:43,207.6
2026/7/26,01:48:15,217.8
2026/7/26,01:49:46,228.5
2026/7/26,01:51:10,237.9
2026/7/26,01:53:05,247.6
2026/7/26,01:54:29,258.6
2026/7/26,01:55:53,267.7
2026/7/26,01:57:17,277.5
2026/7/26,01:58:45,288.2
2026/7/26,02:00:17,297.2
2026/7/26,02:01:49,308.1
2026/7/26,02:03:14,317.6
2026/7/26,02:04:47,327.9
2026/7/26,02:06:19,337.9
2026/7/26,03:16:48,98.6
2026/7/26,03:18:12,108.6
2026/7/26,03:19:36,118.4
2026/7/26,03:21:00,128.5
2026/7/26,03:22:24,138.4
2026/7/26,03:23:48,148.2
2026/7/26,03:25:12,158.0
2026/7/26,03:26:36,167.8
2026/7/26,03:28:00,178.3
2026/7/26,03:29:24,188.6
2026/7/26,03:30:49,198.1
2026/7/26,03:32:12,207.6
2026/7/26,03:33:33,217.7
2026/7/26,03:34:57,228.7
2026/7/26,03:36:21,237.9
2026/7/26,03:37:45,247.6
2026/7/26,03:39:09,258.5
2026/7/26,03:40:34,267.7
2026/7/26,03:41:57,277.5
2026/7/26,03:43:21,288.2
2026/7/26,03:44:50,297.2
2026/7/26,03:46:09,308.1
2026/7/26,03:47:34,317.5
2026/7/26,03:48:57,327.9
2026/7/26,03:50:21,337.9
2026/7/26,05:01:40,98.6
2026/7/26,05:03:04,108.6
2026/7/26,05:04:29,118.4
2026/7/26,05:05:52,128.5
2026/7/26,05:07:16,138.4
2026/7/26,05:08:40,148.2
2026/7/26,05:10:04,158.0
2026/7/26,05:11:28,167.8
2026/7/26,05:12:52,178.3
2026/7/26,05:14:15,188.6
2026/7/26,05:15:40,198.4
2026/7/26,05:17:04,207.5
2026/7/26,05:18:24,217.8
2026/7/26,05:19:48,228.6
2026/7/26,05:21:12,237.9
2026/7/26,05:22:36,247.6
2026/7/26,05:24:00,258.5
2026/7/26,05:25:23,267.7
2026/7/26,05:26:48,277.5
2026/7/26,05:28:11,288.2
2026/7/26,05:29:36,297.1
2026/7/26,05:30:59,308.1
2026/7/26,05:32:24,317.6
2026/7/26,05:33:47,327.9
2026/7/26,05:35:11,337.8
2026/7/26,06:56:52,308.1
2026/7/26,06:57:11,317.5
2026/7/26,07:01:23,327.9
2026/7/26,07:02:22,338.0
2026/7/26,07:40:25,98.6
2026/7/26,07:41:43,108.6
2026/7/26,07:43:05,118.5
2026/7/26,07:44:29,128.4
2026/7/26,07:45:53,138.4
2026/7/26,07:47:22,148.2
2026/7/26,07:48:56,158.0
2026/7/26,07:50:29,167.9
2026/7/26,07:51:56,178.3
2026/7/26,07:53:29,188.7
2026/7/26,07:55:03,198.0
2026/7/26,07:56:37,207.5
2026/7/26,07:58:26,217.8
2026/7/26,07:59:50,228.7
2026/7/26,08:01:14,237.9
2026/7/26,08:02:43,247.6
2026/7/26,08:04:09,258.6
2026/7/26,08:05:42,267.7
2026/7/26,08:07:17,277.5
2026/7/26,08:08:49,288.2
2026/7/26,08:10:16,297.2
2026/7/26,08:11:49,308.1
2026/7/26,08:13:23,317.6
2026/7/26,08:14:56,327.9
2026/7/26,08:16:23,337.9
2026/7/26,11:27:56,138.4
2026/7/26,11:28:14,148.2
2026/7/26,11:28:37,167.9
2026/7/26,11:29:22,178.3
2026/7/26,12:38:03,98.6
2026/7/26,12:39:28,108.6
2026/7/26,12:40:52,118.4
2026/7/26,12:42:16,128.4
2026/7/26,12:43:40,138.4
2026/7/26,12:45:03,148.2
2026/7/26,12:46:27,158.0
2026/7/26,12:47:52,167.8
2026/7/26,12:49:16,178.3
2026/7/26,12:50:40,188.6
2026/7/26,12:52:04,198.0
2026/7/26,12:53:28,207.5
2026/7/26,12:54:49,217.8
2026/7/26,12:56:13,228.6
2026/7/26,12:57:37,237.9
2026/7/26,12:59:01,247.6
2026/7/26,13:00:25,258.6
2026/7/26,13:01:48,267.7
2026/7/26,13:03:12,277.5
2026/7/26,13:04:36,288.2
2026/7/26,13:06:00,297.2
2026/7/26,13:07:24,308.0
2026/7/26,13:08:48,317.6
2026/7/26,13:10:12,327.9
2026/7/26,13:11:38,337.9
2026/7/26,13:49:23,98.6
2026/7/26,13:50:46,108.6
2026/7/26,13:52:10,118.5
2026/7/26,13:53:34,128.4
2026/7/26,13:54:59,138.4
2026/7/26,13:56:22,148.2
2026/7/26,13:57:46,158.0
2026/7/26,13:59:10,167.9
2026/7/26,14:00:35,178.4
2026/7/26,14:01:59,188.6
2026/7/26,14:03:23,198.2
2026/7/26,14:04:47,207.6
2026/7/26,14:06:07,217.8
2026/7/26,14:07:33,228.7
2026/7/26,14:08:55,237.9
2026/7/26,14:10:19,247.6
2026/7/26,14:11:43,258.6
2026/7/26,14:13:07,267.7
2026/7/26,14:14:31,277.5
2026/7/26,14:15:55,288.1
2026/7/26,14:17:19,297.2
2026/7/26,14:18:43,308.1
2026/7/26,14:20:07,317.6
2026/7/26,14:21:31,327.9
2026/7/26,14:22:55,338.1
2026/7/26,15:34:15,98.6
2026/7/26,15:35:39,108.6
2026/7/26,15:37:04,118.5
2026/7/26,15:38:28,128.4
2026/7/26,15:39:52,138.4
2026/7/26,15:41:16,148.2
2026/7/26,15:42:39,158.0
2026/7/26,15:44:03,167.8
2026/7/26,15:45:28,178.4
2026/7/26,15:46:51,188.6
2026/7/26,15:48:16,198.1
2026/7/26,15:49:39,207.5
2026/7/26,15:51:23,217.7
2026/7/26,15:52:24,228.6
2026/7/26,15:53:48,237.9
2026/7/26,15:55:12,247.6
2026/7/26,15:56:36,258.5
2026/7/26,15:58:01,267.7
2026/7/26,15:59:24,277.5
2026/7/26,16:00:48,288.2
2026/7/26,16:02:12,297.2
2026/7/26,16:03:36,308.1
2026/7/26,16:05:00,317.5
2026/7/26,16:06:24,327.9
2026/7/26,16:07:48,337.9
2026/7/26,17:19:08,98.6
2026/7/26,17:20:32,108.5
2026/7/26,17:21:56,118.4
2026/7/26,17:23:21,128.4
2026/7/26,17:24:44,138.4
2026/7/26,17:26:08,148.2
2026/7/26,17:27:32,158.0
2026/7/26,17:28:56,167.8
2026/7/26,17:30:20,178.4
2026/7/26,17:31:44,188.6
2026/7/26,17:33:08,198.0
2026/7/26,17:34:32,207.5
2026/7/26,17:35:52,217.8
2026/7/26,17:37:16,228.6
2026/7/26,17:38:40,237.9
2026/7/26,17:40:04,247.6
2026/7/26,17:41:27,258.5
2026/7/26,17:42:51,267.6
2026/7/26,17:44:15,277.5
2026/7/26,17:45:39,288.2
2026/7/26,17:47:03,297.2
2026/7/26,17:48:27,308.1
2026/7/26,17:49:51,317.6
2026/7/26,17:51:15,327.9
2026/7/26,17:52:39,337.8
2026/7/26,20:13:51,98.6
2026/7/26,20:14:21,108.6
2026/7/26,20:14:41,118.4
2026/7/26,20:16:05,128.4
2026/7/26,21:26:33,98.6
2026/7/26,21:27:57,108.6
2026/7/26,21:29:21,118.4
2026/7/26,21:30:46,128.4
2026/7/26,21:32:09,138.4
2026/7/26,21:33:33,148.2
2026/7/26,21:34:57,158.0
2026/7/26,21:36:21,167.9
2026/7/26,21:37:45,178.3
2026/7/26,21:39:09,188.7
2026/7/26,21:40:33,198.1
2026/7/26,21:41:57,207.6
2026/7/26,21:43:18,217.8
2026/7/26,21:44:42,228.6
2026/7/26,21:46:06,237.9
2026/7/26,21:47:30,247.6
2026/7/26,21:48:54,258.5
2026/7/26,21:50:18,267.7
2026/7/26,21:51:41,277.5
2026/7/26,21:53:05,288.1
2026/7/26,21:54:29,297.2
2026/7/26,21:55:53,308.0
2026/7/26,21:57:17,317.5
2026/7/26,21:58:45,328.0
2026/7/26,22:00:05,337.9
2026/7/27,01:11:56,228.5
2026/7/27,01:12:14,237.9
2026/7/27,01:15:27,247.7
2026/7/27,01:17:11,258.6
2026/7/27,01:19:35,267.7
2026/7/27,01:21:49,277.5
2026/7/27,01:24:06,288.2
2026/7/27,01:26:19,297.1
2026/7/27,01:28:36,308.1
2026/7/27,02:57:45,258.6
2026/7/27,03:00:01,267.8
2026/7/27,03:02:25,277.5
2026/7/27,03:04:33,288.1
2026/7/27,03:06:48,297.1
2026/7/27,03:09:04,308.1
2026/7/27,03:11:27,317.5
2026/7/27,03:13:47,327.9
2026/7/27,03:16:03,338.0
2026/7/27,07:27:00,98.6
2026/7/27,07:28:27,108.6
2026/7/27,07:29:50,118.5
2026/7/27,07:31:14,128.4
2026/7/27,16:12:21,178.4
2026/7/27,16:12:39,188.7
2026/7/27,16:15:56,198.0
2026/7/27,16:16:47,207.5
2026/7/27,23:41:38,98.6
2026/7/27,23:43:14,108.5
2026/7/27,23:45:54,118.5
2026/7/27,23:47:12,128.4
2026/7/27,23:50:44,138.4
2026/7/27,23:52:02,148.2
2026/7/27,23:55:33,158.0
2026/7/27,23:56:50,167.9
2026/7/28,00:00:19,178.4
2026/7/28,00:01:47,188.6
2026/7/28,00:05:26,198.1
2026/7/28,00:07:05,207.6
2026/7/28,00:10:14,217.8
2026/7/28,00:11:33,228.5
2026/7/28,00:15:03,237.9
2026/7/28,00:16:22,247.6
2026/7/28,00:19:51,258.6
2026/7/28,00:21:11,267.7
2026/7/28,00:24:39,277.5
2026/7/28,00:26:21,288.2
2026/7/28,00:29:44,297.2
2026/7/28,00:31:03,308.1
2026/7/28,00:34:33,317.6
2026/7/28,00:35:53,327.9
2026/7/28,00:39:24,338.0
2026/7/28,03:58:22,98.6
2026/7/28,03:58:40,108.6
2026/7/28,04:01:52,118.4
2026/7/28,04:02:43,128.4
2026/7/28,09:15:38,98.6
2026/7/28,09:18:34,108.6
2026/7/28,09:19:52,118.4
2026/7/28,09:22:47,128.4
2026/7/28,09:24:11,148.2
2026/7/28,09:27:08,158.0
2026/7/28,09:28:26,167.8
2026/7/28,09:31:11,178.4
2026/7/28,09:32:31,188.6
2026/7/28,09:35:17,228.6
2026/7/28,09:36:36,238.0
2026/7/28,09:39:22,258.5
2026/7/28,09:40:42,267.7
2026/7/28,10:22:24,98.6
2026/7/28,10:23:43,108.6
2026/7/28,10:26:00,128.5
2026/7/28,10:27:18,138.4
2026/7/28,10:28:32,148.2
2026/7/28,10:30:48,158.0
2026/7/28,10:32:07,167.8
2026/7/28,10:33:27,178.3
2026/7/28,13:18:07,98.6
2026/7/28,13:19:49,108.6
2026/7/28,13:20:44,118.4
2026/7/28,13:23:11,128.4
2026/7/28,13:24:46,138.4
2026/7/28,13:26:11,148.2
2026/7/28,13:28:47,158.0
2026/7/28,13:30:06,167.8
2026/7/28,13:31:25,178.3
2026/7/28,13:33:53,188.6
2026/7/28,13:35:22,198.3
2026/7/28,13:36:48,207.5
2026/7/28,13:39:02,217.8
2026/7/28,13:40:31,228.6
2026/7/28,13:41:56,237.9
2026/7/28,13:44:11,247.6
2026/7/28,13:45:39,258.5
2026/7/28,13:47:05,267.7
2026/7/28,13:49:19,277.5
2026/7/28,13:50:48,288.1
2026/7/28,13:52:14,297.1
2026/7/28,13:54:48,308.0
2026/7/28,13:56:07,317.6
2026/7/28,13:57:26,327.9
2026/7/28,13:59:57,337.8
2026/7/28,17:09:23,98.6
2026/7/28,17:09:41,108.6
2026/7/28,17:13:36,128.4
2026/7/28,17:14:27,138.4
2026/7/28,18:11:44,98.6
2026/7/28,18:12:44,108.6
2026/7/28,18:14:15,118.4
2026/7/28,18:15:33,128.4
2026/7/28,18:16:52,138.4
2026/7/28,18:18:10,148.2
2026/7/28,18:19:31,158.0
2026/7/28,18:20:58,167.8
2026/7/28,18:22:22,178.3
2026/7/28,18:23:45,188.7
2026/7/28,18:25:10,198.0
2026/7/28,18:26:07,207.5
2026/7/28,18:27:24,217.8
2026/7/28,18:28:43,228.7
2026/7/28,18:30:03,237.9
2026/7/28,18:31:22,247.6
2026/7/28,18:32:41,258.5
2026/7/28,18:33:59,267.6
2026/7/28,18:35:20,277.5
2026/7/28,18:36:48,288.2
2026/7/28,18:38:15,297.1
2026/7/28,18:39:40,308.1
2026/7/28,18:41:10,317.5
2026/7/28,18:42:29,327.9
2026/7/28,20:08:10,98.6
2026/7/28,20:09:30,108.6
2026/7/28,20:10:48,118.5
2026/7/28,20:12:07,128.4
2026/7/28,20:13:26,138.4
2026/7/28,20:14:48,148.2
2026/7/28,20:16:12,158.0
2026/7/28,20:17:36,167.8
2026/7/28,20:19:00,178.3
2026/7/28,20:20:24,188.6
2026/7/28,20:21:48,198.1
2026/7/28,20:23:12,207.5
2026/7/28,20:24:33,217.8
2026/7/28,20:25:57,228.7
2026/7/28,20:27:44,238.0
2026/7/28,20:28:45,247.6
2026/7/28,20:30:09,258.5
2026/7/28,20:31:34,267.7
2026/7/28,20:32:57,277.5
2026/7/28,20:34:21,288.1
2026/7/28,20:35:45,297.2
2026/7/28,20:37:09,308.1
2026/7/28,20:38:33,317.5
2026/7/28,20:39:57,328.0
2026/7/28,20:41:21,338.0
2026/7/28,21:52:41,98.6
2026/7/28,21:54:05,108.6
2026/7/28,21:55:28,118.4
2026/7/28,21:56:52,128.4
2026/7/28,21:58:16,138.4
2026/7/28,21:59:40,148.2
2026/7/28,22:01:04,158.0
2026/7/28,22:02:28,167.9
2026/7/28,22:03:53,178.3
2026/7/28,22:05:17,188.7
2026/7/28,22:06:40,198.0
2026/7/28,22:08:04,207.5
2026/7/28,22:09:25,217.8
2026/7/28,22:10:49,228.7
2026/7/28,22:12:13,237.9
2026/7/28,22:13:37,247.5
2026/7/28,22:15:01,258.5
2026/7/28,22:16:25,267.7
2026/7/28,22:17:49,277.5
2026/7/28,22:19:12,288.1
2026/7/28,22:20:36,297.2
2026/7/28,22:22:00,308.1
2026/7/28,22:23:29,317.6
2026/7/28,22:24:49,327.9
2026/7/28,22:26:12,337.8
2026/7/28,23:37:33,98.6
2026/7/28,23:38:56,118.4
2026/7/28,23:40:20,128.4
2026/7/28,23:41:44,138.4
2026/7/28,23:43:08,148.2
2026/7/28,23:44:32,167.8
2026/7/28,23:45:56,188.6
2026/7/28,23:47:21,198.2
2026/7/28,23:48:44,207.5
2026/7/28,23:50:08,247.6
2026/7/28,23:51:32,267.7
2026/7/28,23:52:57,308.1
2026/7/28,23:54:18,338.2
2026/7/29,01:05:38,98.6
2026/7/29,01:07:02,108.6
2026/7/29,01:08:26,118.4
2026/7/29,01:09:50,128.4
2026/7/29,01:11:17,138.4
2026/7/29,01:12:38,148.2
2026/7/29,01:14:02,158.0
2026/7/29,01:15:26,167.9
2026/7/29,01:16:50,178.4
2026/7/29,01:18:13,188.6
2026/7/29,01:19:38,198.2
2026/7/29,01:21:02,207.6
2026/7/29,01:22:23,217.8
2026/7/29,01:23:46,228.7
2026/7/29,01:25:10,237.9
2026/7/29,01:26:34,247.6
2026/7/29,01:27:58,258.6
2026/7/29,01:29:22,267.7
2026/7/29,01:30:46,277.5
2026/7/29,01:32:10,288.2
2026/7/29,01:33:34,297.2
2026/7/29,01:34:58,308.0
2026/7/29,01:36:22,317.5
2026/7/29,01:37:46,327.9
2026/7/29,01:39:10,337.8
2026/7/29,02:50:30,98.6
2026/7/29,02:51:54,108.6
2026/7/29,02:53:18,118.4
2026/7/29,02:54:43,128.4
2026/7/29,02:56:06,138.4
2026/7/29,02:57:30,148.2
2026/7/29,02:58:54,158.0
2026/7/29,03:00:17,167.9
2026/7/29,03:01:42,178.4
2026/7/29,03:03:06,188.6
2026/7/29,03:04:29,198.1
2026/7/29,03:05:54,207.6
2026/7/29,03:07:14,217.8
2026/7/29,03:08:38,228.7
2026/7/29,03:10:02,237.9
2026/7/29,03:11:26,247.6
2026/7/29,03:12:50,258.6
2026/7/29,03:14:14,267.7
2026/7/29,03:15:38,277.5
2026/7/29,03:17:02,288.2
2026/7/29,03:18:26,297.1
2026/7/29,03:19:50,308.1
2026/7/29,03:21:14,317.5
2026/7/29,03:22:38,327.9
2026/7/29,03:24:01,337.9
2026/7/29,04:35:22,128.4
2026/7/29,05:46:42,98.6
2026/7/29,05:48:05,108.5
2026/7/29,05:49:30,118.4
2026/7/29,05:50:57,128.4
2026/7/29,05:52:17,138.4
2026/7/29,05:53:42,148.2
2026/7/29,05:55:06,158.0
2026/7/29,05:56:30,167.8
2026/7/29,05:57:54,178.4
2026/7/29,05:59:17,188.6
2026/7/29,06:00:42,198.1
2026/7/29,06:02:05,207.5
2026/7/29,06:03:26,217.8
2026/7/29,06:04:50,228.6
2026/7/29,06:06:14,237.9
2026/7/29,06:07:38,247.6
2026/7/29,06:09:02,258.5
2026/7/29,06:10:26,267.7
2026/7/29,06:11:50,277.5
2026/7/29,06:13:14,288.2
2026/7/29,06:14:38,297.2
2026/7/29,06:16:02,308.1
2026/7/29,06:17:25,317.6
2026/7/29,06:18:51,328.0
2026/7/29,06:20:13,337.8
2026/7/29,07:31:33,138.4
2026/7/29,07:32:57,148.2
2026/7/29,07:34:20,158.0
2026/7/29,07:35:45,167.8
2026/7/29,07:37:09,178.4
2026/7/29,07:38:33,188.6
2026/7/29,07:39:57,198.0
2026/7/29,12:06:32,217.8
2026/7/29,12:06:50,228.5
2026/7/29,12:11:11,237.9
2026/7/29,12:12:03,247.7
2026/7/29,19:48:08,98.6
2026/7/29,19:49:28,108.6
2026/7/29,19:50:47,118.4
2026/7/29,19:52:06,128.4
2026/7/29,19:53:26,138.4
2026/7/29,19:54:50,148.2
2026/7/29,19:56:14,158.0
2026/7/29,19:57:38,167.8
2026/7/29,19:59:02,178.3
2026/7/29,20:00:26,188.6
2026/7/29,20:01:50,198.1
2026/7/29,20:03:14,207.5
2026/7/29,20:04:35,217.8
2026/7/29,20:05:59,228.6
2026/7/29,20:07:23,237.9
2026/7/29,20:08:47,247.6
2026/7/29,20:10:11,258.6
2026/7/29,20:11:36,267.7
2026/7/29,20:12:59,277.5
2026/7/29,20:14:23,288.1
2026/7/29,20:15:47,297.1
2026/7/29,20:17:10,308.0
2026/7/29,20:18:34,317.6
2026/7/29,20:19:58,327.9
2026/7/29,20:21:22,338.0
2026/7/29,21:32:41,138.4
2026/7/29,21:34:05,207.5
2026/7/29,21:35:30,277.5
2026/7/29,21:36:54,308.0
2026/7/29,22:48:11,217.8
2026/7/29,22:49:35,228.5
2026/7/29,22:50:58,238.0
2026/7/29,22:52:22,247.5
2026/7/29,22:53:46,258.5
2026/7/29,22:55:10,267.8
2026/7/29,22:56:34,277.5
2026/7/29,22:57:58,288.1
2026/7/29,22:59:24,297.1
2026/7/29,23:00:46,308.1
2026/7/29,23:02:10,317.5
2026/7/29,23:03:34,327.9
2026/7/29,23:04:55,338.0
2026/7/30,00:10:39,98.6
2026/7/30,00:12:03,108.6
2026/7/30,00:13:28,118.4
2026/7/30,00:14:52,128.4
2026/7/30,00:16:16,138.4
2026/7/30,00:17:39,148.2
2026/7/30,00:19:03,158.0
2026/7/30,00:20:27,167.8
2026/7/30,00:21:51,178.3
2026/7/30,00:23:17,188.6
2026/7/30,00:24:39,198.2
2026/7/30,00:26:03,207.5
2026/7/30,00:27:24,217.8
2026/7/30,00:28:48,228.6
2026/7/30,00:30:12,237.9
2026/7/30,00:31:36,247.6
2026/7/30,00:33:00,258.5
2026/7/30,00:34:46,267.7
2026/7/30,00:35:48,277.5
2026/7/30,00:37:11,288.2
2026/7/30,00:38:36,297.2
2026/7/30,00:39:59,308.1
2026/7/30,00:41:23,317.6
2026/7/30,00:42:47,327.9
2026/7/30,00:44:11,338.1
2026/7/30,01:49:55,98.6
2026/7/30,01:51:19,108.5
2026/7/30,01:52:43,118.4
2026/7/30,01:54:07,128.4
2026/7/30,01:55:30,138.4
2026/7/30,01:56:54,148.2
2026/7/30,01:58:18,158.0
2026/7/30,01:59:42,167.8
2026/7/30,02:01:06,178.4
2026/7/30,02:02:30,188.6
2026/7/30,02:03:54,198.1
2026/7/30,02:05:18,207.6
2026/7/30,02:06:39,217.8
2026/7/30,02:08:03,228.7
2026/7/30,02:09:27,237.9
2026/7/30,02:10:50,247.6
2026/7/30,02:12:15,258.6
2026/7/30,02:13:39,267.6
2026/7/30,02:15:06,277.5
2026/7/30,02:16:27,288.2
2026/7/30,02:17:50,297.1
2026/7/30,02:19:14,308.1
2026/7/30,02:20:38,317.6
2026/7/30,02:22:02,327.9
2026/7/30,02:23:26,338.0
2026/7/30,04:33:44,98.6
2026/7/30,04:35:04,108.6
2026/7/30,04:36:23,118.4
2026/7/30,04:37:42,128.4
2026/7/30,04:39:01,138.4
2026/7/30,04:40:24,148.2
2026/7/30,04:41:47,158.0
2026/7/30,04:43:11,167.9
2026/7/30,04:44:35,178.3
2026/7/30,04:45:59,188.6
2026/7/30,04:47:24,198.2
2026/7/30,04:48:48,207.5
2026/7/30,04:50:08,217.8
2026/7/30,04:51:32,228.7
2026/7/30,04:52:56,237.9
2026/7/30,04:54:20,247.6
2026/7/30,04:55:45,258.6
2026/7/30,04:57:09,267.7
2026/7/30,04:58:32,277.5
2026/7/30,04:59:56,288.2
2026/7/30,05:01:21,297.2
2026/7/30,05:02:44,308.1
2026/7/30,05:04:08,317.6
2026/7/30,05:05:32,327.9
2026/7/30,05:06:56,337.8
2026/7/30,06:18:14,98.6
2026/7/30,06:19:38,108.6
2026/7/30,06:21:06,118.4
2026/7/30,06:22:26,128.4
2026/7/30,06:23:50,138.4
2026/7/30,06:25:14,148.2
2026/7/30,06:26:38,158.0
2026/7/30,06:28:02,167.8
2026/7/30,06:29:25,178.4
2026/7/30,06:30:49,188.6
2026/7/30,06:32:13,198.1
2026/7/30,06:33:37,207.5
2026/7/30,06:34:58,217.8
2026/7/30,06:36:22,228.7
2026/7/30,06:37:46,237.9
2026/7/30,06:39:09,247.7
2026/7/30,06:40:34,258.6
2026/7/30,06:41:57,267.7
2026/7/30,06:43:22,277.5
2026/7/30,06:44:46,288.2
2026/7/30,06:46:09,297.1
2026/7/30,06:47:33,308.0
2026/7/30,06:49:01,317.6
2026/7/30,06:50:21,327.9
2026/7/30,06:51:45,338.0
2026/7/30,07:54:00,98.6
2026/7/30,09:29:37,98.6
2026/7/30,09:31:00,108.6
2026/7/30,09:32:25,118.4
2026/7/30,09:33:48,128.4
2026/7/30,09:35:12,138.4
2026/7/30,09:36:37,148.2
2026/7/30,09:38:01,158.0
2026/7/30,09:39:25,167.8
2026/7/30,09:40:49,178.4
2026/7/30,09:42:13,188.4
2026/7/30,09:43:37,198.0
2026/7/30,09:45:00,207.5
2026/7/30,09:46:23,217.8
2026/7/30,09:47:46,228.6
2026/7/30,09:49:10,237.9
2026/7/30,09:50:33,247.6
2026/7/30,09:51:57,258.6
2026/7/30,09:53:21,267.7
2026/7/30,09:54:45,277.5
2026/7/30,09:56:09,288.2
2026/7/30,09:57:54,297.1
2026/7/30,09:58:56,308.1
2026/7/30,10:00:21,317.5
2026/7/30,10:01:44,327.9
2026/7/30,10:03:08,338.3
2026/7/30,11:14:40,98.6
2026/7/30,11:16:04,108.5
2026/7/30,11:17:28,138.3
2026/7/30,11:43:11,98.6
2026/7/30,11:44:11,108.5
2026/7/30,11:45:42,118.4
2026/7/30,11:47:00,128.4
2026/7/30,11:48:19,138.4
2026/7/30,11:49:37,148.2
2026/7/30,11:50:57,158.0
2026/7/30,11:52:24,167.8
2026/7/30,11:53:49,178.3
2026/7/30,11:55:13,188.6
2026/7/30,11:56:37,198.1
2026/7/30,11:57:33,207.5
2026/7/30,11:59:22,217.8
2026/7/30,12:00:10,228.5
2026/7/30,12:01:29,237.9
2026/7/30,12:02:48,247.6
2026/7/30,12:04:07,258.6
2026/7/30,12:05:26,267.7
2026/7/30,12:06:46,277.5
2026/7/30,12:08:11,288.2
2026/7/30,12:09:39,297.2
2026/7/30,12:11:03,308.0
2026/7/30,12:12:29,317.5
2026/7/30,12:13:48,328.0
2026/7/30,12:15:07,337.8
2026/7/30,12:52:31,98.6
2026/7/30,12:53:55,108.6
2026/7/30,12:55:19,118.4
2026/7/30,12:56:43,128.4
2026/7/30,12:58:07,138.4
2026/7/30,12:59:31,148.2
2026/7/30,13:00:55,158.0
2026/7/30,13:02:19,167.8
2026/7/30,13:03:43,178.3
2026/7/30,13:05:07,188.6
2026/7/30,13:06:32,198.2
2026/7/30,13:07:55,207.5
2026/7/30,13:09:16,217.8
2026/7/30,13:10:40,228.6
2026/7/30,13:12:04,237.9
2026/7/30,13:13:28,247.6
2026/7/30,13:14:52,258.6
2026/7/30,13:16:16,267.6
2026/7/30,13:17:40,277.5
2026/7/30,13:19:03,288.2
2026/7/30,13:20:27,297.2
2026/7/30,13:21:51,308.0
2026/7/30,13:23:15,317.6
2026/7/30,13:24:39,327.9
2026/7/30,13:26:03,338.0
2026/7/30,13:50:44,98.6
2026/7/30,13:52:03,108.6
2026/7/30,13:53:23,118.4
2026/7/30,13:54:50,128.4
2026/7/30,13:56:14,138.4
2026/7/30,13:57:38,148.2
2026/7/30,13:58:50,157.9
2026/7/30,13:59:59,167.9
2026/7/30,14:01:17,178.4
2026/7/30,14:02:36,188.6
2026/7/30,14:03:56,198.0
2026/7/30,14:05:15,207.5
2026/7/30,14:06:32,217.8
2026/7/30,14:07:51,228.6
2026/7/30,14:09:11,237.9
2026/7/30,14:10:39,247.6
2026/7/30,14:12:06,258.6
2026/7/30,14:13:34,267.7
2026/7/30,14:15:04,277.5
2026/7/30,14:16:23,288.2
2026/7/30,14:17:42,297.2
2026/7/30,14:19:00,308.1
2026/7/30,14:20:20,317.6
2026/7/30,14:21:39,327.9
2026/7/30,14:22:58,337.9
2026/7/30,15:34:15,98.6
2026/7/30,15:35:39,108.6
2026/7/30,15:37:04,118.4
2026/7/30,15:38:27,128.4
2026/7/30,15:39:52,138.3
2026/7/30,15:41:16,148.2
2026/7/30,15:42:40,158.0
2026/7/30,15:44:03,167.9
2026/7/30,15:45:27,178.3
2026/7/30,15:46:51,188.7
2026/7/30,15:48:15,198.1
2026/7/30,15:49:39,207.5
2026/7/30,15:51:01,217.8
2026/7/30,15:52:25,228.7
2026/7/30,15:53:48,237.9
2026/7/30,15:55:12,247.5
2026/7/30,15:56:36,258.5
2026/7/30,15:58:00,267.7
2026/7/30,15:59:24,277.5
2026/7/30,16:00:48,288.2
2026/7/30,16:02:12,297.2
2026/7/30,16:03:36,308.1
2026/7/30,16:05:00,317.5
2026/7/30,16:06:24,327.9
2026/7/30,16:07:48,338.0
2026/7/30,16:48:02,98.6
2026/7/30,16:49:32,108.6
2026/7/30,16:51:02,118.5
2026/7/30,16:52:25,128.4
2026/7/30,16:53:47,138.4
2026/7/30,16:55:11,148.2
2026/7/30,16:56:35,158.0
2026/7/30,16:57:58,167.9
2026/7/30,16:59:23,178.4
2026/7/30,17:00:47,188.6
2026/7/30,17:02:09,198.3
2026/7/30,17:03:31,207.6
2026/7/30,17:04:55,217.8
2026/7/30,17:06:19,228.7
2026/7/30,17:08:32,237.9
2026/7/30,17:08:50,247.7
2026/7/30,17:10:05,258.5
2026/7/30,17:11:24,267.7
2026/7/30,17:12:43,277.5
2026/7/30,17:14:41,288.2
2026/7/30,17:15:23,297.2
2026/7/30,17:16:47,308.1
2026/7/30,17:18:11,317.6
2026/7/30,17:19:35,327.9
2026/7/30,17:21:00,338.1
2026/7/30,17:46:06,98.6
2026/7/30,17:47:02,108.6
2026/7/30,17:48:33,118.4
2026/7/30,17:49:51,128.4
2026/7/30,17:51:10,138.4
2026/7/30,17:52:29,148.2
2026/7/30,17:53:48,158.0
2026/7/30,17:55:15,167.9
2026/7/30,17:56:40,178.4
2026/7/30,17:58:04,188.6
2026/7/30,17:59:28,198.1
2026/7/30,18:00:24,207.5
2026/7/30,18:02:25,217.8
2026/7/30,18:03:01,228.6
2026/7/30,18:04:20,237.9
2026/7/30,18:05:39,247.6
2026/7/30,18:06:58,258.5
2026/7/30,18:08:16,267.7
2026/7/30,18:09:36,277.5
2026/7/30,18:11:03,288.2
2026/7/30,18:12:32,297.1
2026/7/30,18:13:57,308.1
2026/7/30,18:15:27,317.6
2026/7/30,18:16:45,328.0
2026/7/30,18:18:04,337.9
2026/7/30,19:20:19,98.6
2026/7/30,19:21:10,108.6
2026/7/30,19:22:41,118.4
2026/7/30,19:23:59,128.4
2026/7/30,19:25:18,138.4
2026/7/30,19:26:36,148.2
2026/7/30,19:27:56,158.0
2026/7/30,19:29:23,167.8
2026/7/30,19:30:47,178.4
2026/7/30,19:32:11,188.6
2026/7/30,19:33:34,198.2
2026/7/30,19:34:31,207.5
2026/7/30,19:35:49,217.8
2026/7/30,19:37:08,228.7
2026/7/30,19:38:28,237.9
2026/7/30,19:40:01,247.7
2026/7/30,19:41:06,258.5
2026/7/30,19:42:25,267.7
2026/7/30,19:43:45,277.5
2026/7/30,19:45:11,288.1
2026/7/30,19:46:39,297.1
2026/7/30,19:48:04,308.1
2026/7/30,19:49:34,317.6
2026/7/30,19:50:52,327.9
2026/7/30,19:52:11,338.1
2026/7/30,20:39:20,98.6
2026/7/30,20:40:44,108.5
2026/7/30,20:42:08,118.4
2026/7/30,20:43:32,128.4
2026/7/30,20:44:56,138.4
2026/7/30,20:46:19,148.2
2026/7/30,20:47:44,158.0
2026/7/30,20:49:07,167.9
2026/7/30,20:50:31,178.4
2026/7/30,20:51:55,188.6
2026/7/30,20:53:19,198.2
2026/7/30,20:54:43,207.5
2026/7/30,20:56:05,217.8
2026/7/30,20:57:29,228.6
2026/7/30,20:58:53,238.0
2026/7/30,21:00:17,247.5
2026/7/30,21:01:40,258.5
2026/7/30,21:03:04,267.7
2026/7/30,21:04:28,277.5
2026/7/30,21:05:53,288.1
2026/7/30,21:07:17,297.2
2026/7/30,21:08:41,308.1
2026/7/30,21:10:04,317.6
2026/7/30,21:11:28,327.9
2026/7/30,21:12:52,337.8
2026/7/30,22:24:13,108.6
2026/7/30,22:25:37,118.4
2026/7/30,22:27:01,128.4
2026/7/30,22:28:25,138.4
2026/7/30,22:29:49,148.2
2026/7/31,00:56:29,98.6
2026/7/31,00:58:00,108.5
2026/7/31,00:59:18,118.4
2026/7/31,01:00:37,128.4
2026/7/31,01:01:55,138.4
2026/7/31,01:03:16,148.2
2026/7/31,01:04:42,158.0
2026/7/31,01:06:06,167.9
2026/7/31,01:07:30,178.3
2026/7/31,01:08:54,188.6
2026/7/31,01:09:52,198.2
2026/7/31,01:11:11,207.5
2026/7/31,01:12:29,217.8
2026/7/31,01:13:48,228.7
2026/7/31,01:15:24,238.0
2026/7/31,01:16:25,247.6
2026/7/31,01:17:44,258.6
2026/7/31,01:19:05,267.6
2026/7/31,01:20:32,277.5
2026/7/31,01:22:00,288.1
2026/7/31,01:23:26,297.1
2026/7/31,01:24:55,308.1
2026/7/31,01:26:13,317.6
2026/7/31,01:27:32,327.9
2026/7/31,01:28:51,337.9
2026/7/31,02:34:14,98.6
2026/7/31,02:35:37,108.6
2026/7/31,02:37:01,118.4
2026/7/31,02:38:25,128.4
2026/7/31,02:39:49,138.4
2026/7/31,02:41:13,148.2
2026/7/31,02:42:37,158.0
2026/7/31,02:44:01,167.8
2026/7/31,02:45:25,178.4
2026/7/31,02:46:49,188.7
2026/7/31,02:48:13,198.0
2026/7/31,02:49:37,207.5
2026/7/31,02:50:58,217.8
2026/7/31,02:52:22,228.6
2026/7/31,02:53:46,238.0
2026/7/31,02:55:10,247.6
2026/7/31,02:56:34,258.6
2026/7/31,02:57:58,267.6
2026/7/31,02:59:22,277.5
2026/7/31,03:00:45,288.1
2026/7/31,03:02:09,297.1
2026/7/31,03:03:33,308.1
2026/7/31,03:04:57,317.6
2026/7/31,03:06:21,328.0
2026/7/31,03:07:45,338.1
2026/7/31,04:19:31,308.1
2026/7/31,04:20:55,317.5
2026/7/31,04:22:19,327.9
2026/7/31,04:23:43,338.0
2026/7/31,05:30:49,98.6
2026/7/31,05:32:13,108.6
2026/7/31,05:33:37,118.4
2026/7/31,05:35:01,128.4
2026/7/31,05:36:29,138.4
2026/7/31,05:37:48,148.2
2026/7/31,05:39:12,158.0
2026/7/31,07:39:36,98.6
2026/7/31,07:40:56,108.6
2026/7/31,07:42:15,118.4
2026/7/31,07:43:34,128.4
2026/7/31,07:44:55,138.4
2026/7/31,07:46:18,148.2
2026/7/31,07:47:43,158.0
2026/7/31,07:49:06,167.8
2026/7/31,07:50:31,178.3
2026/7/31,07:51:54,188.6
2026/7/31,07:53:19,198.0
2026/7/31,07:54:42,207.5
2026/7/31,07:56:03,217.8
2026/7/31,07:57:27,228.6
2026/7/31,07:58:51,237.9
2026/7/31,08:00:15,247.6
2026/7/31,08:01:39,258.5
2026/7/31,08:03:03,267.7
2026/7/31,08:04:27,277.5
2026/7/31,08:05:51,288.1
2026/7/31,08:07:15,297.2
2026/7/31,08:08:39,308.1
2026/7/31,08:10:03,317.6
2026/7/31,08:11:27,327.9
2026/7/31,08:12:51,338.0
2026/7/31,09:07:32,148.2
2026/7/31,09:07:50,158.0
2026/7/31,09:11:31,167.9
2026/7/31,09:12:22,178.3
2026/7/31,10:04:24,98.6
2026/7/31,10:04:42,108.5
2026/7/31,10:07:58,118.4
2026/7/31,10:08:52,128.5
2026/7/31,11:17:41,98.6
2026/7/31,11:19:06,108.5
2026/7/31,11:20:30,118.4
2026/7/31,11:21:54,128.4
2026/7/31,11:23:18,138.4
2026/7/31,11:24:41,148.2
2026/7/31,11:26:06,158.0
2026/7/31,11:27:30,167.8
2026/7/31,11:28:54,178.3
2026/7/31,11:30:18,188.7
2026/7/31,11:31:42,198.0
2026/7/31,11:33:06,207.6
2026/7/31,11:34:27,217.8
2026/7/31,11:35:50,228.6
2026/7/31,11:37:14,237.9
2026/7/31,11:38:38,247.6
2026/7/31,11:40:02,258.5
2026/7/31,11:41:26,267.7
2026/7/31,11:42:50,277.5
2026/7/31,11:44:14,288.2
2026/7/31,11:45:38,297.2
2026/7/31,11:47:02,308.1
2026/7/31,11:48:26,317.6
2026/7/31,11:49:49,327.9
2026/7/31,11:51:14,337.8
2026/7/31,13:02:35,98.6
2026/7/31,13:03:59,108.6
2026/7/31,13:05:23,118.4
2026/7/31,13:06:47,128.4
2026/7/31,13:08:11,138.4
2026/7/31,13:09:35,148.2
2026/7/31,13:10:59,158.0
2026/7/31,13:12:23,167.9
2026/7/31,13:13:47,178.3
2026/7/31,13:15:11,188.6
2026/7/31,13:16:35,198.1
2026/7/31,13:18:00,207.6
2026/7/31,13:19:20,217.8
2026/7/31,13:20:44,228.7
2026/7/31,13:22:08,237.9
2026/7/31,13:23:32,247.5
2026/7/31,13:24:56,258.6
2026/7/31,13:26:20,267.7
2026/7/31,13:27:44,277.5
2026/7/31,13:29:08,288.2
2026/7/31,13:30:32,297.2
2026/7/31,13:31:56,308.1
2026/7/31,13:33:19,317.6
2026/7/31,13:34:44,327.9
2026/7/31,13:36:08,338.2
2026/7/31,14:13:54,98.6
2026/7/31,14:15:18,108.6
2026/7/31,14:16:42,118.4
2026/7/31,14:18:05,128.4
2026/7/31,14:19:29,138.4
2026/7/31,14:20:53,148.2
2026/7/31,14:22:18,158.0
2026/7/31,14:23:41,167.8
2026/7/31,14:25:05,178.3
2026/7/31,14:26:30,188.6
2026/7/31,14:27:54,198.0
2026/7/31,14:29:18,207.5
2026/7/31,14:31:22,217.8
2026/7/31,14:32:03,228.7
2026/7/31,14:33:27,237.9
2026/7/31,14:34:51,247.6
2026/7/31,14:36:15,258.6
2026/7/31,14:37:39,267.7
2026/7/31,14:39:03,277.5
2026/7/31,14:40:27,288.2
2026/7/31,14:41:51,297.1
2026/7/31,14:43:15,308.1
2026/7/31,14:44:39,317.6
2026/7/31,14:46:03,327.9
2026/7/31,14:47:27,337.9
2026/7/31,15:57:45,138.4
2026/7/31,15:59:09,148.2
2026/7/31,16:00:34,158.0
2026/7/31,16:01:57,167.9
2026/8/1,11:41:44,178.4
2026/8/1,11:43:03,188.6
2026/8/1,11:44:23,198.1
2026/8/1,11:45:42,207.6
2026/8/1,11:47:01,217.8
2026/8/1,11:48:20,228.5
2026/8/1,11:49:40,237.9
2026/8/1,11:50:59,247.6
2026/8/1,11:52:20,258.6
2026/8/1,11:53:44,267.8
2026/8/1,11:55:08,277.5
2026/8/1,11:56:33,288.2
2026/8/1,11:58:00,297.2
2026/8/1,11:59:25,308.1
2026/8/1,12:00:46,317.6
2026/8/1,12:02:06,328.0
2026/8/1,12:03:30,338.0
2026/8/1,15:20:06,118.4
2026/8/1,15:21:24,128.4
2026/8/1,15:22:44,138.4
2026/8/1,15:24:11,148.2
2026/8/1,18:47:23,98.6
2026/8/1,18:48:44,108.6
2026/8/1,18:50:02,118.4
2026/8/1,18:51:21,128.4
2026/8/1,19:16:28,98.6
2026/8/1,19:17:29,108.6
2026/8/1,19:19:00,118.4
2026/8/1,19:20:18,128.4
2026/8/1,19:21:37,138.4
2026/8/1,19:22:55,148.2
2026/8/1,19:24:16,158.0
2026/8/1,19:25:43,167.9
2026/8/1,19:27:07,178.4
2026/8/1,19:28:31,188.6
2026/8/1,19:29:55,198.0
2026/8/1,19:30:52,207.5
2026/8/1,19:32:14,217.7
2026/8/1,19:33:29,228.6
2026/8/1,19:34:49,237.9
2026/8/1,19:36:08,247.6
2026/8/1,19:37:27,258.5
2026/8/1,19:38:45,267.6
2026/8/1,19:40:05,277.5
2026/8/1,19:41:32,288.2
2026/8/1,19:42:58,297.2
2026/8/1,19:44:23,308.1
2026/8/1,19:45:50,317.6
2026/8/1,19:47:09,327.9
2026/8/1,19:48:27,338.0
2026/8/1,20:10:56,138.4
2026/8/1,20:11:13,148.2
2026/8/1,20:14:31,158.0
2026/8/1,20:15:24,167.9
2026/8/1,21:24:19,98.6
2026/8/1,21:25:43,108.6
2026/8/1,21:27:07,118.4
2026/8/1,22:38:32,98.6
2026/8/1,22:39:56,108.6
2026/8/1,22:41:20,118.4
2026/8/1,22:42:44,128.4
2026/8/1,22:44:08,138.4
2026/8/1,22:45:32,148.2
2026/8/1,22:46:55,158.0
2026/8/1,22:48:19,167.8
2026/8/1,22:49:43,178.3
2026/8/1,22:51:07,188.6
2026/8/1,22:52:32,198.1
2026/8/1,22:53:55,207.5
2026/8/1,22:55:16,217.8
2026/8/1,22:56:40,228.6
2026/8/1,22:58:04,238.0
2026/8/1,22:59:27,247.6
2026/8/1,23:00:51,258.5
2026/8/1,23:02:15,267.6
2026/8/1,23:03:39,277.5
2026/8/1,23:05:06,288.1
2026/8/1,23:06:27,297.1
2026/8/1,23:07:51,308.1
2026/8/1,23:09:15,317.5
2026/8/1,23:10:39,327.9
2026/8/1,23:12:03,338.0
2026/8/1,23:54:02,228.5
2026/8/1,23:55:26,237.9
2026/8/2,00:43:04,98.6
2026/8/2,00:44:28,108.5
2026/8/2,00:45:52,118.4
2026/8/2,00:47:15,128.4
2026/8/2,00:51:27,138.4
2026/8/2,00:52:51,148.2
2026/8/2,01:37:10,198.1
2026/8/2,01:38:29,228.6
2026/8/2,02:49:26,98.6
2026/8/2,02:50:50,108.6
2026/8/2,02:52:14,118.4
2026/8/2,02:53:38,128.4
2026/8/2,02:55:02,138.4
2026/8/2,02:56:26,148.2
2026/8/2,02:57:50,158.0
2026/8/2,02:59:14,167.9
2026/8/2,03:00:38,178.4
2026/8/2,03:02:02,188.7
2026/8/2,03:03:25,198.2
2026/8/2,03:04:50,207.5
2026/8/2,03:06:10,217.8
2026/8/2,03:07:34,228.6
2026/8/2,03:08:58,237.9
2026/8/2,03:10:22,247.6
2026/8/2,03:11:46,258.6
2026/8/2,03:13:10,267.7
2026/8/2,03:14:34,277.5
2026/8/2,03:15:58,288.2
2026/8/2,03:17:22,297.1
2026/8/2,03:18:45,308.0
2026/8/2,03:20:09,317.6
2026/8/2,03:21:33,328.0
2026/8/2,03:22:57,338.1
2026/8/2,04:34:17,98.6
2026/8/2,04:35:41,108.6
2026/8/2,04:37:05,118.4
2026/8/2,04:38:29,128.4
2026/8/2,04:39:53,138.3
2026/8/2,04:41:17,148.2
2026/8/2,04:42:41,158.0
2026/8/2,04:44:05,167.9
2026/8/2,05:34:24,258.5
2026/8/2,05:35:49,267.7
2026/8/2,05:37:13,277.5
2026/8/2,05:38:37,288.2
2026/8/2,05:40:01,297.1
2026/8/2,05:41:25,308.0
2026/8/2,05:42:57,317.5
2026/8/2,05:44:32,327.9
2026/8/2,05:46:03,338.0
2026/8/2,06:56:55,98.6
2026/8/2,06:58:19,108.5
2026/8/2,06:59:43,118.4
2026/8/2,07:01:07,128.4
2026/8/2,07:02:31,138.4
2026/8/2,07:03:55,148.2
2026/8/2,07:05:19,158.0
2026/8/2,07:06:43,167.8
2026/8/2,07:08:07,178.3
2026/8/2,07:09:31,188.6
2026/8/2,07:10:55,198.0
2026/8/2,07:12:19,207.6
2026/8/2,07:13:40,217.8
2026/8/2,07:15:03,228.6
2026/8/2,07:16:28,237.9
2026/8/2,07:17:51,247.6
2026/8/2,07:19:15,258.5
2026/8/2,07:20:39,267.7
2026/8/2,07:22:03,277.5
2026/8/2,07:23:27,288.2
2026/8/2,07:24:51,297.2
2026/8/2,07:26:15,308.0
2026/8/2,07:27:39,317.5
2026/8/2,07:29:03,328.0
2026/8/2,07:30:27,338.1
2026/8/2,08:41:50,98.6
2026/8/2,08:43:14,108.6
2026/8/2,08:44:38,118.5
2026/8/2,08:46:02,128.5
2026/8/2,08:47:26,138.4
2026/8/2,08:48:50,148.2
2026/8/2,08:50:14,158.0
2026/8/2,08:51:38,167.8
2026/8/2,08:53:02,178.4
2026/8/2,08:54:26,188.6
2026/8/2,08:55:50,198.2
2026/8/2,08:57:14,207.5
2026/8/2,08:58:35,217.8
2026/8/2,08:59:59,228.7
2026/8/2,09:01:23,238.0
2026/8/2,09:02:47,247.6
2026/8/2,09:04:11,258.5
2026/8/2,09:05:35,267.6
2026/8/2,09:06:59,277.5
2026/8/2,09:08:23,288.2
2026/8/2,09:09:47,297.2
2026/8/2,09:11:11,308.0
2026/8/2,09:12:35,317.6
2026/8/2,09:13:59,327.9
2026/8/2,09:15:23,338.1
2026/8/2,10:29:49,98.6
2026/8/2,10:31:24,108.6
2026/8/2,10:33:00,118.4
2026/8/2,10:34:30,128.4
2026/8/2,10:35:55,138.4
2026/8/2,10:37:16,148.2
2026/8/2,10:38:40,158.0
2026/8/2,10:40:03,167.8
2026/8/2,10:41:27,178.3
2026/8/2,10:42:51,188.6
2026/8/2,10:44:15,198.1
2026/8/2,10:45:36,207.6
2026/8/2,10:47:00,217.8
2026/8/2,10:48:15,228.7
2026/8/2,10:49:22,237.9
2026/8/2,10:50:41,247.5
2026/8/2,10:52:00,258.5
2026/8/2,10:53:20,267.6
2026/8/2,10:54:39,277.5
2026/8/2,10:55:58,288.2
2026/8/2,10:57:24,297.2
2026/8/2,10:58:54,308.1
2026/8/2,11:00:13,317.5
2026/8/2,11:01:32,327.9
2026/8/2,11:02:50,337.8
2026/8/2,12:13:51,178.4
2026/8/2,12:15:14,188.6
2026/8/2,12:16:39,198.1
2026/8/2,12:18:03,207.5
2026/8/2,12:19:27,217.8
2026/8/2,12:20:50,228.5
2026/8/2,12:22:14,237.9
2026/8/2,12:23:38,247.7
2026/8/2,12:25:02,258.5
2026/8/2,12:26:26,267.8
2026/8/2,12:27:51,277.5
2026/8/2,12:29:14,288.1
2026/8/2,12:30:35,297.2
2026/8/2,12:31:59,308.0
2026/8/2,12:33:23,317.5
2026/8/2,12:34:47,327.9
2026/8/2,13:06:59,98.6
2026/8/2,13:08:22,108.6
2026/8/2,13:09:47,118.4
2026/8/2,13:11:10,128.4
2026/8/2,13:12:34,138.4
2026/8/2,13:13:59,148.2
2026/8/2,13:15:23,158.0
2026/8/2,13:16:47,167.8
2026/8/2,13:18:11,178.3
2026/8/2,13:19:35,188.4
2026/8/2,13:20:59,198.0
2026/8/2,13:22:22,207.5
2026/8/2,13:23:43,217.7
2026/8/2,13:25:07,228.6
2026/8/2,13:26:31,237.9
2026/8/2,13:27:55,247.6
2026/8/2,13:29:19,258.5
2026/8/2,13:30:43,267.7
2026/8/2,13:32:07,277.5
2026/8/2,13:33:54,288.2
2026/8/2,13:34:55,297.2
2026/8/2,13:36:19,308.1
2026/8/2,13:37:43,317.6
2026/8/2,13:39:07,327.9
2026/8/2,13:40:31,338.3
2026/8/2,14:51:51,98.6
2026/8/2,14:53:15,108.6
2026/8/2,14:54:39,118.4
2026/8/2,14:56:03,128.4
2026/8/2,14:57:27,138.4
2026/8/2,14:58:51,148.2
2026/8/2,15:00:15,158.0
2026/8/2,15:01:39,167.8
2026/8/2,15:03:03,178.3
2026/8/2,15:04:27,188.6
2026/8/2,15:05:51,198.0
2026/8/2,15:07:15,207.6
2026/8/2,15:08:36,217.8
2026/8/2,15:10:00,228.6
2026/8/2,15:11:24,237.9
2026/8/2,15:12:48,247.6
2026/8/2,15:14:11,258.6
2026/8/2,15:15:35,267.7
2026/8/2,15:16:59,277.5
2026/8/2,15:18:23,288.1
2026/8/2,15:19:47,297.1
2026/8/2,15:21:11,308.0
2026/8/2,15:22:35,317.5
2026/8/2,15:23:59,328.0
2026/8/2,15:25:23,338.0
2026/8/2,16:36:43,98.6
2026/8/2,17:24:17,98.6
2026/8/2,18:02:23,98.6
2026/8/2,18:03:47,108.5
2026/8/2,18:05:11,118.4
2026/8/2,18:06:06,128.4
2026/8/2,18:07:25,138.4
2026/8/2,18:08:44,148.2
2026/8/2,18:10:04,158.0
2026/8/2,18:11:23,167.8
2026/8/2,18:12:42,178.3
2026/8/2,18:14:00,188.6
2026/8/2,18:15:20,198.1
2026/8/2,18:16:48,207.6
2026/8/2,18:18:38,217.8
2026/8/2,18:19:39,228.6
2026/8/2,18:21:06,237.9
2026/8/2,18:22:24,247.6
2026/8/2,18:23:43,258.5
2026/8/2,18:25:02,267.6
2026/8/2,18:26:22,277.5
2026/8/2,18:27:40,288.1
2026/8/2,18:28:59,297.2
2026/8/2,18:30:18,308.0
2026/8/2,18:31:42,317.5
2026/8/2,18:33:06,327.9
2026/8/2,18:34:30,338.1
2026/8/2,19:29:04,98.6
2026/8/2,19:30:28,108.5
2026/8/2,19:31:51,118.4
2026/8/2,19:33:15,128.4
2026/8/2,19:34:39,138.4
2026/8/2,19:36:03,148.2
2026/8/2,19:37:27,158.0
2026/8/2,19:38:51,167.9
2026/8/2,19:40:16,178.4
2026/8/2,19:41:39,188.6
2026/8/2,19:43:04,198.2
2026/8/2,19:44:27,207.4
2026/8/2,19:45:48,217.8
2026/8/2,19:47:13,228.7
2026/8/2,19:48:36,237.9
2026/8/2,19:50:00,247.6
2026/8/2,19:51:24,258.5
2026/8/2,19:52:48,267.6
2026/8/2,19:54:12,277.5
2026/8/2,19:55:36,288.2
2026/8/2,19:57:00,297.2
2026/8/2,19:58:24,308.1
2026/8/2,19:59:48,317.5
2026/8/2,20:01:12,327.8
2026/8/2,20:02:36,338.0
2026/8/2,21:11:08,98.6
2026/8/2,21:12:32,108.6
2026/8/2,21:13:56,118.4
2026/8/2,21:15:20,128.4
2026/8/2,21:16:44,138.4
2026/8/2,21:18:08,148.2
2026/8/2,21:19:32,158.0
2026/8/2,21:20:56,167.8
2026/8/2,21:22:20,178.3
2026/8/2,21:23:44,188.6
2026/8/2,21:25:08,198.2
2026/8/2,21:26:32,207.5
2026/8/2,21:27:53,217.8
2026/8/2,21:29:17,228.6
2026/8/2,21:30:41,237.9
2026/8/2,21:32:05,247.5
2026/8/2,21:33:29,258.6
2026/8/2,21:34:53,267.7
2026/8/2,21:36:16,277.5
2026/8/2,21:37:40,288.2
2026/8/2,21:39:05,297.1
2026/8/2,21:40:28,308.0
2026/8/2,21:41:52,317.6
2026/8/2,21:43:16,328.0
2026/8/2,21:44:40,337.9
2026/8/2,22:56:01,98.6
2026/8/2,22:57:25,108.6
2026/8/2,22:58:49,118.4
2026/8/2,23:00:13,128.4
2026/8/2,23:01:37,138.4
2026/8/2,23:03:01,148.2
2026/8/2,23:04:25,158.0
2026/8/2,23:05:49,167.8
2026/8/2,23:07:13,178.3
2026/8/2,23:08:36,188.6
2026/8/2,23:10:00,198.4
2026/8/2,23:11:25,207.5
2026/8/2,23:12:45,217.8
2026/8/2,23:14:09,228.6
2026/8/2,23:15:33,237.9
2026/8/2,23:16:57,247.6
2026/8/2,23:18:21,258.5
2026/8/2,23:19:45,267.7
2026/8/2,23:21:08,277.5
2026/8/2,23:22:32,288.2
2026/8/2,23:23:56,297.2
2026/8/2,23:25:20,308.0
2026/8/2,23:26:44,317.5
2026/8/2,23:28:11,327.9
2026/8/2,23:29:32,338.0
2026/8/3,00:35:18,98.6
2026/8/3,00:36:42,108.6
2026/8/3,00:38:06,118.4
2026/8/3,00:39:30,128.4
2026/8/3,00:40:54,138.4
2026/8/3,00:42:18,148.2
2026/8/3,00:43:42,158.0
2026/8/3,00:45:06,167.8
2026/8/3,00:46:29,178.4
2026/8/3,00:47:53,188.6
2026/8/3,00:49:17,198.1
2026/8/3,00:50:41,207.5
2026/8/3,00:52:05,217.8
2026/8/3,00:53:26,228.7
2026/8/3,00:54:50,237.9
2026/8/3,00:56:14,247.6
2026/8/3,00:57:37,258.5
2026/8/3,00:59:01,267.6
2026/8/3,01:00:26,277.5
2026/8/3,01:01:49,288.1
2026/8/3,01:03:13,297.1
2026/8/3,01:04:37,308.0
2026/8/3,01:06:01,317.6
2026/8/3,01:07:25,327.9
2026/8/3,01:08:49,338.2
2026/8/3,02:28:52,198.0
2026/8/3,04:35:35,98.6
2026/8/3,04:36:59,108.6
2026/8/3,04:38:23,118.5
2026/8/3,04:39:47,128.4
2026/8/3,04:41:11,138.4
2026/8/3,04:42:35,148.2
2026/8/3,04:43:59,158.0
2026/8/3,04:45:24,167.8
2026/8/3,04:46:47,178.3
2026/8/3,04:48:11,188.6
2026/8/3,04:49:35,198.1
2026/8/3,04:50:59,207.5
2026/8/3,04:52:20,217.8
2026/8/3,04:53:44,228.6
2026/8/3,04:55:07,237.9
2026/8/3,04:56:31,247.5
2026/8/3,04:57:55,258.6
2026/8/3,04:59:19,267.6
2026/8/3,05:00:43,277.5
2026/8/3,05:02:07,288.1
2026/8/3,05:03:31,297.2
2026/8/3,05:04:55,308.0
2026/8/3,05:06:19,317.6
2026/8/3,05:07:43,327.9
2026/8/3,05:09:07,337.7
2026/8/3,06:20:28,98.6
2026/8/3,06:21:52,108.6
2026/8/3,06:23:16,118.4
2026/8/3,06:24:40,128.4
2026/8/3,06:26:04,138.4
2026/8/3,06:27:28,148.2
2026/8/3,06:28:52,158.0
2026/8/3,06:30:35,167.9
2026/8/3,06:31:40,178.4
2026/8/3,06:33:04,188.6
2026/8/3,06:34:28,198.0
2026/8/3,06:35:52,207.5
2026/8/3,06:37:13,217.8
2026/8/3,06:38:37,228.6
2026/8/3,06:40:01,237.9
2026/8/3,06:41:24,247.6
2026/8/3,06:42:48,258.5
2026/8/3,06:44:12,267.7
2026/8/3,06:45:36,277.4
2026/8/3,06:47:00,288.2
2026/8/3,06:48:24,297.2
2026/8/3,06:49:48,308.1
2026/8/3,06:51:12,317.6
2026/8/3,06:52:36,327.9
2026/8/3,06:54:00,338.0
2026/8/3,08:05:20,98.6
2026/8/3,08:06:44,108.6
2026/8/3,08:08:08,118.4
2026/8/3,08:09:33,128.4
2026/8/3,08:10:57,138.4
2026/8/3,08:12:20,148.2
2026/8/3,08:13:53,158.0
2026/8/3,08:15:23,167.8
2026/8/3,08:16:55,178.3
2026/8/3,08:18:28,188.6
2026/8/3,08:20:02,198.1
2026/8/3,08:21:32,207.6
2026/8/3,08:23:02,217.8
2026/8/3,08:24:53,228.6
2026/8/3,08:26:17,237.9
2026/8/3,08:27:41,247.5
2026/8/3,08:29:10,258.6
2026/8/3,08:30:43,267.6
2026/8/3,08:32:16,277.5
2026/8/3,08:33:47,288.2
2026/8/3,08:35:18,297.1
2026/8/3,08:36:51,308.0
2026/8/3,08:38:25,317.5
2026/8/3,08:39:55,328.0
2026/8/3,08:41:27,338.0
2026/8/3,09:52:06,98.6
2026/8/3,09:53:30,128.4
2026/8/3,09:54:53,148.2
2026/8/3,09:56:17,158.0
2026/8/3,09:57:41,167.8
2026/8/3,09:59:05,178.3
2026/8/3,10:00:29,188.6
2026/8/3,10:01:54,207.5
2026/8/3,10:03:18,217.7
2026/8/3,10:04:42,247.6
2026/8/3,10:06:06,258.6
2026/8/3,10:07:30,267.8
2026/8/3,10:08:51,277.5
2026/8/3,10:10:14,288.1
2026/8/3,10:11:38,297.2
2026/8/3,10:13:02,317.6
2026/8/3,10:14:26,338.0
2026/8/3,11:13:44,98.6
2026/8/3,11:14:45,108.5
2026/8/3,11:16:16,118.4
2026/8/3,11:17:34,128.4
2026/8/3,11:18:53,138.4
2026/8/3,11:20:12,148.2
2026/8/3,11:21:32,158.0
2026/8/3,11:22:59,167.8
2026/8/3,11:24:22,178.3
2026/8/3,11:25:46,188.6
2026/8/3,11:27:10,198.2
2026/8/3,11:28:07,207.6
2026/8/3,11:29:27,217.8
2026/8/3,11:30:44,228.6
2026/8/3,11:32:04,238.0
2026/8/3,11:33:22,247.6
2026/8/3,11:34:41,258.5
2026/8/3,11:36:00,267.6
2026/8/3,11:37:20,277.5
2026/8/3,11:38:47,288.1
2026/8/3,11:40:15,297.2
2026/8/3,11:41:40,308.1
2026/8/3,11:43:10,317.6
2026/8/3,11:44:29,327.9
2026/8/3,12:49:43,98.6
2026/8/3,12:51:07,108.5
2026/8/3,12:52:31,118.4
2026/8/3,12:53:55,128.4
2026/8/3,12:55:19,138.4
2026/8/3,12:56:43,148.2
2026/8/3,12:58:06,158.0
2026/8/3,12:59:31,167.8
2026/8/3,13:00:55,178.3
2026/8/3,13:02:19,188.7
2026/8/3,13:03:43,198.0
2026/8/3,13:05:06,207.6
2026/8/3,13:06:30,217.8
2026/8/3,13:07:51,228.6
2026/8/3,13:09:15,237.9
2026/8/3,13:10:39,247.6
2026/8/3,13:12:03,258.5
2026/8/3,13:13:27,267.7
2026/8/3,13:14:51,277.5
2026/8/3,13:16:14,288.2
2026/8/3,13:17:39,297.1
2026/8/3,13:19:02,308.0
2026/8/3,13:20:27,317.5
2026/8/3,13:21:51,327.9
2026/8/3,13:23:15,337.9
2026/8/3,14:34:35,98.6
2026/8/3,14:35:58,108.6
2026/8/3,14:37:23,118.4
2026/8/3,14:38:47,128.4
2026/8/3,14:40:11,138.4
2026/8/3,14:41:34,148.2
2026/8/3,14:42:58,158.0
2026/8/3,14:44:22,167.8
2026/8/3,14:45:46,178.4
2026/8/3,14:47:10,188.6
2026/8/3,14:48:34,198.1
2026/8/3,14:49:58,207.5
2026/8/3,14:51:19,217.8
2026/8/3,14:52:43,228.7
2026/8/3,14:54:07,237.9
2026/8/3,14:55:31,247.6
2026/8/3,14:56:55,258.5
2026/8/3,14:58:19,267.6
2026/8/3,14:59:43,277.5
2026/8/3,15:01:07,288.2
2026/8/3,15:02:31,297.2
2026/8/3,15:03:55,308.1
2026/8/3,15:05:19,317.6
2026/8/3,15:06:43,327.9
2026/8/3,15:08:07,337.8
2026/8/3,16:42:34,98.6
2026/8/3,16:43:54,108.6
2026/8/3,16:45:13,118.4
2026/8/3,16:46:31,128.4
2026/8/3,16:47:50,138.4
2026/8/3,16:49:13,148.2
2026/8/3,16:50:37,158.0
2026/8/3,16:52:01,167.8
2026/8/3,16:53:25,178.3
2026/8/3,16:54:49,188.6
2026/8/3,16:56:13,198.1
2026/8/3,16:57:37,207.5
2026/8/3,16:58:58,217.8
2026/8/3,17:00:21,228.7
2026/8/3,17:01:45,237.9
2026/8/3,17:03:09,247.6
2026/8/3,17:04:33,258.5
2026/8/3,17:05:57,267.6
2026/8/3,17:07:21,277.5
2026/8/3,17:08:45,288.1
2026/8/3,17:10:08,297.1
2026/8/3,17:11:32,308.0
2026/8/3,17:12:56,317.6
2026/8/3,17:14:20,327.9
2026/8/3,17:15:44,337.9
2026/8/3,18:29:19,128.4
2026/8/3,18:30:37,138.4
2026/8/3,18:31:57,148.2
2026/8/3,18:34:13,158.0
2026/8/3,19:59:08,98.6
2026/8/3,20:00:51,108.6
2026/8/3,20:01:45,118.4
2026/8/3,20:04:02,128.4
2026/8/3,20:05:21,138.4
2026/8/3,20:06:40,148.2
2026/8/3,20:08:58,158.0
2026/8/3,20:10:17,167.8
2026/8/3,20:11:36,178.3
2026/8/3,20:14:02,188.6
2026/8/3,20:15:36,198.3
2026/8/3,20:17:01,207.6
2026/8/3,20:19:06,217.7
2026/8/3,20:20:25,228.7
2026/8/3,20:21:58,237.9
2026/8/3,20:24:00,247.5
2026/8/3,20:25:20,258.5
2026/8/3,20:26:38,267.7
2026/8/3,20:28:55,277.5
2026/8/3,20:30:15,288.2
2026/8/3,20:31:33,297.2
2026/8/3,20:33:49,308.0
2026/8/3,20:35:09,317.5
2026/8/3,20:36:26,327.9
2026/8/3,20:38:43,337.9
2026/8/3,22:03:37,98.6
2026/8/3,22:04:56,108.6
2026/8/3,22:06:15,118.4
2026/8/3,22:08:33,128.4
2026/8/3,22:09:51,138.4
2026/8/3,22:11:10,148.2
2026/8/3,22:13:35,158.0
2026/8/3,22:15:12,167.8
2026/8/3,22:16:11,178.4
2026/8/3,22:18:36,188.6
2026/8/3,22:20:09,198.0
2026/8/3,22:21:35,207.6
2026/8/3,22:24:00,217.8
2026/8/3,22:25:19,228.7
2026/8/3,22:26:40,237.9
2026/8/3,22:29:05,247.6
2026/8/3,22:30:37,258.5
2026/8/3,22:32:02,267.7
2026/8/3,22:34:10,277.5
2026/8/3,22:35:42,288.2
2026/8/3,22:37:07,297.1
2026/8/3,22:39:12,308.0
2026/8/3,22:40:47,317.6
2026/8/3,22:42:12,327.9
2026/8/3,22:44:16,337.9
2026/8/4,00:11:24,98.6
2026/8/4,00:12:42,108.6
2026/8/4,00:14:01,118.4
2026/8/4,00:16:18,128.4
2026/8/4,00:17:36,138.4
2026/8/4,00:18:56,148.2
2026/8/4,00:21:12,158.0
2026/8/4,00:22:30,167.9
2026/8/4,00:23:50,178.3
2026/8/4,00:26:22,188.6
2026/8/4,00:27:52,198.2
2026/8/4,00:29:17,207.5
2026/8/4,00:31:24,217.8
2026/8/4,00:32:42,228.7
2026/8/4,00:34:13,237.9
2026/8/4,00:36:33,247.6
2026/8/4,00:38:00,258.6
2026/8/4,00:39:26,267.6
2026/8/4,00:41:28,277.5
2026/8/4,00:42:48,288.2
2026/8/4,00:44:06,297.1
2026/8/4,00:46:22,308.0
2026/8/4,00:47:42,317.5
2026/8/4,00:49:00,327.9
2026/8/4,00:51:16,337.8
2026/8/4,01:38:48,98.6
2026/8/4,01:41:06,108.5
2026/8/4,01:42:52,118.4
2026/8/4,01:44:17,128.4
2026/8/4,01:46:22,138.4
2026/8/4,01:47:41,148.2
2026/8/4,01:49:14,158.0
2026/8/4,01:51:16,167.8
2026/8/4,01:52:34,178.4
2026/8/4,01:53:53,188.6
2026/8/4,01:56:08,198.3
2026/8/4,01:57:28,207.5
2026/8/4,03:22:24,98.6
2026/8/4,03:23:49,108.6
2026/8/4,03:25:52,118.4
2026/8/4,03:27:11,128.4
2026/8/4,03:28:45,138.3
2026/8/4,03:30:47,148.2
2026/8/4,03:32:30,158.0
2026/8/4,03:33:24,167.8
2026/8/4,03:35:41,178.4
2026/8/4,03:37:23,188.6
2026/8/4,03:38:18,198.1
2026/8/4,03:40:33,207.4
2026/8/4,03:41:53,217.7
2026/8/4,03:43:11,228.7
2026/8/4,03:45:28,237.9
2026/8/4,03:47:15,247.6
2026/8/4,03:48:40,258.6
2026/8/4,03:50:44,267.7
2026/8/4,03:52:03,277.5
2026/8/4,03:53:36,288.1
2026/8/4,03:55:39,297.1
2026/8/4,03:56:59,308.1
2026/8/4,03:58:17,317.5
2026/8/4,04:00:33,327.9
2026/8/4,04:01:53,338.1
2026/8/4,05:30:13,98.6
2026/8/4,05:31:38,108.6
2026/8/4,05:34:21,118.4
2026/8/4,05:35:39,128.4
2026/8/4,05:36:58,138.4
2026/8/4,05:39:14,148.2
2026/8/4,05:40:32,158.0
2026/8/4,05:41:51,167.9
2026/8/4,05:44:08,178.3
2026/8/4,05:45:26,188.6
2026/8/4,05:46:44,198.3
2026/8/4,05:49:01,207.4
2026/8/4,05:50:21,217.7
2026/8/4,05:51:38,228.6
2026/8/4,05:53:55,237.9
2026/8/4,05:55:43,247.7
2026/8/4,05:57:09,258.6
2026/8/4,05:59:10,267.7
2026/8/4,06:00:28,277.5
2026/8/4,06:02:05,288.2
2026/8/4,06:04:04,297.2
2026/8/4,06:05:24,308.1
2026/8/4,06:06:42,317.5
2026/8/4,06:08:58,328.0
2026/8/4,06:10:18,337.9
2026/8/4,08:00:46,98.6
2026/8/4,08:02:04,108.5
2026/8/4,08:03:24,118.5
2026/8/4,08:05:40,128.4
2026/8/4,08:07:05,138.4
2026/8/4,08:08:55,148.2
2026/8/4,08:11:01,158.0
2026/8/4,08:12:20,167.8
2026/8/4,08:13:51,178.3
2026/8/4,08:16:01,188.6
2026/8/4,08:17:37,198.1
2026/8/4,08:18:41,207.6
2026/8/4,08:21:02,217.8
2026/8/4,08:22:39,228.7
2026/8/4,08:23:41,237.9
2026/8/4,08:26:03,247.5
2026/8/4,08:27:40,258.6
2026/8/4,08:28:41,267.7
2026/8/4,08:31:03,277.5
2026/8/4,08:32:40,288.1
2026/8/4,08:34:05,297.1
2026/8/4,08:36:29,308.0
2026/8/4,08:37:47,317.6
2026/8/4,08:39:10,327.9
2026/8/4,08:41:51,338.0
2026/8/4,10:06:02,98.6
2026/8/4,10:07:20,108.6
2026/8/4,10:08:39,118.5
2026/8/4,10:10:56,128.4
2026/8/4,10:12:44,138.4
2026/8/4,10:14:10,148.2
2026/8/4,10:16:14,158.0
2026/8/4,10:17:33,167.9
2026/8/4,10:19:07,178.3
2026/8/4,10:21:24,188.7
2026/8/4,10:22:49,198.3
2026/8/4,10:23:45,207.6
2026/8/4,10:26:01,217.8
2026/8/4,10:27:21,228.5
2026/8/4,10:28:38,237.9
2026/8/4,10:30:55,247.6
2026/8/4,10:32:15,258.5
2026/8/4,10:33:33,267.7
2026/8/4,10:35:49,277.5
2026/8/4,10:37:37,288.2
2026/8/4,10:39:02,297.1
2026/8/4,10:41:07,308.1
2026/8/4,10:42:26,317.6
2026/8/4,10:43:59,327.9
2026/8/4,10:46:01,337.8
2026/8/4,11:34:27,258.6
2026/8/4,11:34:46,267.7
2026/8/4,11:35:54,277.5
2026/8/4,11:37:36,288.1
2026/8/4,12:20:45,98.6
2026/8/4,12:22:04,108.6
2026/8/4,12:23:39,118.4
2026/8/4,12:25:40,128.4
2026/8/4,12:26:58,138.4
2026/8/4,12:28:18,148.2
2026/8/4,12:30:42,158.0
2026/8/4,12:32:19,167.8
2026/8/4,12:33:19,178.3
2026/8/4,12:35:43,188.6
2026/8/4,12:37:18,198.3
2026/8/4,12:38:21,207.5
2026/8/4,12:40:45,217.7
2026/8/4,12:42:20,228.7
2026/8/4,12:43:45,237.9
2026/8/4,12:46:11,247.6
2026/8/4,12:47:30,258.5
2026/8/4,12:48:51,267.7
2026/8/4,12:51:13,277.5
2026/8/4,12:52:48,288.2
2026/8/4,12:53:52,297.1
2026/8/4,12:56:16,308.0
2026/8/4,12:57:50,317.5
2026/8/4,12:59:16,328.0
2026/8/4,13:01:19,338.0
2026/8/4,13:43:37,98.6
2026/8/4,16:13:22,118.4
2026/8/4,16:14:23,128.4
2026/8/4,16:16:26,138.4
2026/8/4,21:17:30,98.6
2026/8/4,21:18:47,108.5
2026/8/4,21:20:07,118.4
2026/8/4,21:22:31,128.4
2026/8/4,21:24:13,138.4
2026/8/4,21:25:38,148.2
2026/8/4,21:28:04,158.0
2026/8/4,21:29:23,167.8
2026/8/4,21:30:42,178.3
2026/8/4,21:33:14,188.5
2026/8/4,21:34:39,198.0
2026/8/4,21:36:05,207.4
2026/8/4,21:38:26,217.8
2026/8/4,21:39:51,228.6
2026/8/4,21:41:17,237.9
2026/8/4,21:43:40,247.6
2026/8/4,21:45:03,258.6
2026/8/4,21:46:29,267.7
2026/8/4,21:48:51,277.5
2026/8/4,21:50:19,288.2
2026/8/4,21:51:44,297.2
2026/8/4,21:54:26,308.1
2026/8/4,21:55:45,317.6
2026/8/4,21:57:04,327.9
2026/8/4,21:59:40,337.9
2026/8/4,23:14:36,98.6
2026/8/4,23:16:09,108.6
2026/8/4,23:17:34,118.4
2026/8/4,23:19:40,128.4
2026/8/4,23:21:14,138.4
2026/8/4,23:22:40,148.2
2026/8/4,23:24:56,158.0
2026/8/4,23:26:16,167.8
2026/8/4,23:27:46,178.3
2026/8/4,23:29:57,188.6
2026/8/4,23:31:32,198.3
2026/8/4,23:32:28,207.6
2026/8/4,23:34:44,217.8
2026/8/4,23:36:03,228.5
2026/8/4,23:37:21,237.9
2026/8/4,23:39:37,247.6
2026/8/4,23:40:58,258.6
2026/8/4,23:42:15,267.7
2026/8/4,23:44:32,277.5
2026/8/4,23:46:18,288.2
2026/8/4,23:47:44,297.1
2026/8/4,23:49:50,308.0
2026/8/4,23:51:09,317.6
2026/8/4,23:52:40,327.9
2026/8/4,23:54:45,337.9
2026/8/5,01:20:06,98.6
2026/8/5,01:21:24,108.6
2026/8/5,01:22:44,118.4
2026/8/5,01:25:00,128.4
2026/8/5,01:26:49,138.4
2026/8/5,01:28:14,148.2
2026/8/5,01:30:16,158.0
2026/8/5,01:31:35,167.8
2026/8/5,01:33:11,178.3
2026/8/5,01:35:08,188.6
2026/8/5,01:36:28,198.2
2026/8/5,01:37:46,207.6
2026/8/5,01:40:02,217.8
2026/8/5,01:41:22,228.5
2026/8/5,01:42:40,237.9
2026/8/5,01:44:56,247.6
2026/8/5,01:46:16,258.5
2026/8/5,01:47:34,267.7
2026/8/5,01:49:50,277.5
2026/8/5,01:51:16,288.2
2026/8/5,01:53:05,297.1
2026/8/5,01:55:06,308.0
2026/8/5,01:56:25,317.5
2026/8/5,01:58:01,328.0
2026/8/5,02:00:00,338.0
2026/8/5,09:18:34,98.6
2026/8/5,09:20:11,108.6
2026/8/5,09:21:11,118.4
2026/8/5,09:23:37,128.4
2026/8/5,09:25:13,138.4
2026/8/5,09:26:38,148.2
2026/8/5,09:29:04,158.0
2026/8/5,09:30:23,167.9
2026/8/5,09:31:45,178.4
2026/8/5,09:34:05,188.6
2026/8/5,09:35:40,198.1
2026/8/5,09:36:43,207.5
2026/8/5,09:39:08,217.7
2026/8/5,09:40:42,228.7
2026/8/5,09:42:07,237.9
2026/8/5,09:44:11,247.5
2026/8/5,09:45:45,258.5
2026/8/5,09:47:10,267.7
2026/8/5,09:49:16,277.5
2026/8/5,09:50:48,288.1
2026/8/5,09:52:13,297.1
2026/8/5,09:54:42,308.0
2026/8/5,09:56:00,317.6
2026/8/5,09:57:21,327.9
2026/8/5,09:59:45,337.8
2026/8/6,03:56:01,118.4
2026/8/6,09:49:19,108.6
2026/8/6,09:50:32,128.4
2026/8/6,14:33:32,98.6
2026/8/6,14:35:49,108.6
2026/8/6,14:38:06,118.5
2026/8/6,14:40:23,128.4
2026/8/6,14:42:47,138.4
2026/8/6,14:45:11,148.2
2026/8/6,14:47:27,158.0
2026/8/6,14:49:42,167.8
2026/8/6,14:51:58,178.4
2026/8/6,14:54:15,188.6
2026/8/6,14:56:31,198.3
2026/8/6,14:58:48,207.4
2026/8/6,15:01:03,217.8
2026/8/6,15:03:21,228.6
2026/8/6,15:05:44,237.9
2026/8/6,15:08:08,247.6
2026/8/6,15:10:24,258.5
2026/8/6,15:12:41,267.7
2026/8/6,15:14:57,277.5
2026/8/6,15:17:14,288.1
2026/8/6,15:19:30,297.1
2026/8/6,15:21:47,308.1
2026/8/6,15:24:03,317.6
2026/8/6,15:26:20,327.9
2026/8/6,15:28:42,337.8
2026/8/6,16:37:41,98.6
2026/8/6,16:40:05,108.5
2026/8/6,16:42:21,118.4
2026/8/6,16:44:38,128.4
2026/8/6,16:46:54,138.4
2026/8/6,16:49:11,148.2
2026/8/6,16:51:27,158.0
2026/8/6,16:53:42,167.8
2026/8/6,16:55:58,178.4
2026/8/6,16:58:15,188.6
2026/8/6,17:00:37,198.2
2026/8/6,17:03:02,207.4
2026/8/6,17:05:18,217.8
2026/8/6,17:07:34,228.7
2026/8/6,17:09:50,237.9
2026/8/6,17:12:06,247.6
2026/8/6,17:14:22,258.5
2026/8/6,17:16:40,267.6
2026/8/6,17:18:55,277.5
2026/8/6,17:21:12,288.2
2026/8/6,17:23:35,297.2
2026/8/6,17:25:59,308.1
2026/8/6,17:28:15,317.5
2026/8/6,17:30:32,328.0
2026/8/6,17:32:48,338.0
2026/8/6,19:29:58,98.6
2026/8/6,19:32:14,108.6
2026/8/6,19:34:31,118.4
2026/8/6,19:36:47,128.4
2026/8/6,19:39:04,138.4
2026/8/6,19:41:27,148.2
2026/8/6,19:43:50,158.0
2026/8/6,19:46:04,167.8
2026/8/6,19:48:21,178.4
2026/8/6,19:50:37,188.6
2026/8/6,20:10:06,138.3
2026/8/6,20:10:24,158.0
2026/8/6,20:14:53,167.8
2026/8/6,20:16:38,178.3
2026/8/6,21:18:39,98.6
2026/8/6,21:20:54,108.6
2026/8/6,21:23:24,118.4
2026/8/6,21:25:47,128.4
2026/8/6,21:28:11,138.4
2026/8/6,21:30:26,148.2
2026/8/6,21:32:44,158.0
2026/8/6,21:34:58,167.8
2026/8/6,21:37:17,178.3
2026/8/6,21:39:31,188.6
2026/8/6,21:41:48,198.3
2026/8/6,21:44:04,207.6
2026/8/6,21:46:21,217.7
2026/8/6,21:48:43,228.6
2026/8/6,21:51:05,237.9
2026/8/6,21:53:22,247.6
2026/8/6,21:55:39,258.5
2026/8/6,21:57:55,267.6
2026/8/6,22:00:12,277.5
2026/8/6,22:02:28,288.1
2026/8/6,22:04:45,297.1
2026/8/6,22:07:00,308.1
2026/8/6,22:09:17,317.6
2026/8/6,22:11:42,328.0
2026/8/6,22:14:06,338.0
2026/8/7,00:11:21,98.6
2026/8/7,00:13:38,108.6
2026/8/7,00:15:53,118.4
2026/8/7,00:18:11,128.4
2026/8/7,00:20:27,138.4
2026/8/7,00:22:44,148.2
2026/8/7,00:25:00,158.0
2026/8/7,00:27:15,167.8
2026/8/7,00:29:39,178.4
2026/8/7,00:32:06,188.6
2026/8/7,00:34:21,198.1
2026/8/7,00:36:39,207.6
2026/8/7,00:38:54,217.8
2026/8/7,00:41:11,228.6
2026/8/7,00:43:27,237.9
2026/8/7,00:45:45,247.6
2026/8/7,00:48:00,258.5
2026/8/7,00:50:18,267.6
2026/8/7,00:52:40,277.5
2026/8/7,00:55:03,288.1
2026/8/7,00:57:19,297.1
2026/8/7,00:59:36,308.0
2026/8/7,01:01:52,317.6
2026/8/7,01:04:09,327.9
2026/8/7,01:06:25,337.8
2026/8/7,03:03:37,98.6
2026/8/7,03:05:52,108.6
2026/8/7,03:08:09,118.4
2026/8/7,03:10:33,128.4
2026/8/7,03:12:57,138.4
2026/8/7,03:15:13,148.2
2026/8/7,03:17:29,158.0
2026/8/7,03:19:43,167.8
2026/8/7,03:22:01,178.3
2026/8/7,03:24:17,188.6
2026/8/7,03:26:34,198.3
2026/8/7,03:28:50,207.6
2026/8/7,03:31:07,217.8
2026/8/7,03:33:32,228.6
2026/8/7,03:35:55,237.9
2026/8/7,03:38:11,247.5
2026/8/7,03:40:28,258.6
2026/8/7,03:42:44,267.7
2026/8/7,03:45:01,277.5
2026/8/7,03:47:17,288.2
2026/8/7,03:49:34,297.2
2026/8/7,03:51:50,308.1
2026/8/7,03:54:07,317.6
2026/8/7,03:56:29,328.0
2026/8/7,03:58:53,337.9
2026/8/7,05:07:53,98.6
2026/8/7,05:10:09,108.6
2026/8/7,05:12:26,118.4
2026/8/7,05:14:41,128.5
2026/8/7,05:16:58,138.4
2026/8/7,05:19:15,148.2
2026/8/7,05:21:32,158.0
2026/8/7,05:23:46,167.8
2026/8/7,05:26:03,178.4
2026/8/7,05:28:27,188.6
2026/8/7,05:30:51,198.3
2026/8/7,05:33:07,207.6
2026/8/7,05:35:24,217.7
2026/8/7,05:37:40,228.7
2026/8/7,05:39:57,237.9
2026/8/7,05:42:13,247.6
2026/8/7,05:44:31,258.6
2026/8/7,05:46:46,267.6
2026/8/7,05:49:03,277.5
2026/8/7,05:51:27,288.1
2026/8/7,05:53:51,308.0
2026/8/7,05:56:07,317.5
2026/8/7,05:58:24,327.9
2026/8/7,06:58:05,98.6
2026/8/7,07:00:30,108.6
2026/8/7,07:02:54,118.4
2026/8/7,07:05:10,128.4
2026/8/7,07:07:27,138.4
2026/8/7,07:09:43,148.2
2026/8/7,07:12:00,158.0
2026/8/7,07:14:15,167.8
2026/8/7,07:16:33,178.4
2026/8/7,07:18:49,188.6
2026/8/7,07:21:06,198.2
2026/8/7,07:23:28,207.4
2026/8/7,07:25:51,217.8
2026/8/7,07:28:08,228.6
2026/8/7,07:30:25,237.9
2026/8/7,07:32:41,247.7
2026/8/7,07:34:57,258.5
2026/8/7,07:37:13,267.7
2026/8/7,07:39:30,277.5
2026/8/7,07:41:47,288.1
2026/8/7,07:44:04,297.2
2026/8/7,07:46:27,308.1
2026/8/7,07:48:51,317.5
2026/8/7,07:51:07,328.0
2026/8/7,07:53:24,338.0
2026/8/7,09:27:51,237.9
2026/8/7,09:30:09,308.0
2026/8/7,09:32:25,317.5
2026/8/7,09:34:42,327.9
2026/8/7,13:59:07,98.6
2026/8/7,14:01:25,108.6
2026/8/7,14:03:40,118.4
2026/8/7,14:05:58,128.4
2026/8/7,14:08:22,138.4
2026/8/7,15:28:26,98.6
2026/8/7,15:30:41,108.5
2026/8/7,15:32:58,118.4
2026/8/7,15:35:21,128.4
2026/8/7,15:37:47,138.4
2026/8/7,15:40:17,148.2
2026/8/7,15:42:43,158.0
2026/8/7,15:45:04,167.8
2026/8/7,15:47:36,178.4
2026/8/7,15:49:59,188.6
2026/8/7,15:52:24,198.3
2026/8/7,15:54:47,207.4
2026/8/7,15:57:12,217.8
2026/8/7,15:59:35,228.7
2026/8/7,16:02:01,237.9
2026/8/7,16:04:31,247.6
2026/8/7,16:06:56,258.5
2026/8/7,16:09:19,267.7
2026/8/7,16:11:52,277.5
2026/8/7,16:14:15,288.1
2026/8/7,16:16:41,308.1
2026/8/7,16:19:04,317.6
2026/8/7,16:21:29,327.9
2026/8/7,16:23:52,338.1
2026/8/7,21:23:31,98.6
2026/8/7,21:26:00,108.6
2026/8/7,21:28:24,118.4
2026/8/7,21:30:53,128.4
2026/8/7,21:33:26,138.3
2026/8/7,21:36:01,148.2
2026/8/7,21:38:26,158.0
2026/8/7,21:40:53,167.8
2026/8/7,21:43:18,178.3
2026/8/7,21:45:46,188.6
2026/8/7,21:48:11,198.0
2026/8/7,21:50:40,207.6
2026/8/7,21:53:04,217.7
2026/8/7,21:55:32,228.6
2026/8/7,21:58:04,237.8
2026/8/7,22:00:39,247.6
2026/8/7,22:03:04,258.5
2026/8/7,22:05:32,267.6
2026/8/7,22:07:56,277.5
2026/8/7,22:10:24,288.1
2026/8/7,22:12:48,297.1
2026/8/7,22:15:17,308.1
2026/8/7,22:17:42,317.6
2026/8/7,22:20:10,327.9
2026/8/7,22:22:43,337.8
2026/8/8,02:36:04,98.6
2026/8/8,02:38:21,108.6
2026/8/8,02:40:37,118.4
2026/8/8,02:43:05,128.4
2026/8/8,02:45:36,138.4
2026/8/8,02:48:11,148.2
2026/8/8,02:50:34,158.0
2026/8/8,02:53:00,167.8
2026/8/8,02:55:24,178.4
2026/8/8,02:57:52,188.6
2026/8/8,03:00:15,198.1
2026/8/8,03:02:43,207.6
2026/8/8,03:05:07,217.8
2026/8/8,03:07:34,228.7
2026/8/8,03:10:06,237.9
2026/8/8,03:12:41,247.6
2026/8/8,03:15:05,258.5
2026/8/8,03:17:32,267.6
2026/8/8,03:19:56,277.5
2026/8/8,03:22:23,288.2
2026/8/8,03:24:47,297.1
2026/8/8,03:27:15,308.1
2026/8/8,03:29:37,317.6
2026/8/8,03:32:05,327.9
2026/8/8,03:34:37,338.0
2026/8/8,04:59:31,108.5
2026/8/8,05:00:50,128.4
2026/8/8,06:28:46,98.6
2026/8/8,08:50:21,258.6
2026/8/8,08:52:47,267.7
2026/8/8,08:55:17,277.5
2026/8/8,08:57:33,288.1
2026/8/8,09:59:46,98.6
2026/8/8,10:02:02,108.5
2026/8/8,10:04:19,118.4
2026/8/8,10:06:45,128.4
2026/8/8,10:09:13,138.4
2026/8/8,10:11:39,148.2
2026/8/8,11:21:05,98.6
2026/8/8,11:23:23,108.6
2026/8/8,11:25:39,118.4
2026/8/8,11:27:56,128.4
2026/8/8,11:30:20,138.4
2026/8/8,11:32:43,148.2
2026/8/8,11:34:59,158.0
2026/8/8,11:37:15,167.8
2026/8/8,11:39:30,178.4
2026/8/8,11:41:48,188.6
2026/8/8,11:44:04,198.3
2026/8/8,11:46:21,207.6
2026/8/8,11:48:37,217.8
2026/8/8,11:50:54,228.7
2026/8/8,11:53:18,237.9
2026/8/8,11:55:41,247.6
2026/8/8,11:57:56,258.5
2026/8/8,13:18:21,98.6
2026/8/8,13:20:36,108.6
2026/8/8,13:22:53,118.4
2026/8/8,13:25:09,128.4
2026/8/8,13:27:26,138.4
2026/8/8,13:29:42,148.2
2026/8/8,13:31:59,158.0
2026/8/8,13:34:14,167.8
2026/8/8,13:36:31,178.3
2026/8/8,13:38:55,188.6
2026/8/8,13:41:19,198.2
2026/8/8,13:43:35,247.6
2026/8/8,13:45:52,258.6
2026/8/8,13:48:08,267.7
2026/8/8,13:50:25,277.5
2026/8/8,13:52:41,288.2
2026/8/8,13:54:58,297.1
2026/8/8,13:57:14,308.1
2026/8/8,13:59:31,327.9
2026/8/8,18:26:15,98.6
2026/8/8,18:28:31,108.6
2026/8/8,18:29:50,118.4
2026/8/8,18:31:10,128.4
2026/8/8,18:33:34,138.4
2026/8/8,18:35:13,148.2
2026/8/8,18:36:38,158.0
2026/8/8,18:38:45,167.8
2026/8/8,18:40:03,178.4
2026/8/8,18:41:40,188.6
2026/8/8,18:43:36,198.0
2026/8/8,18:44:56,207.6
2026/8/8,18:46:15,217.8
2026/8/8,18:48:31,228.6
2026/8/8,18:49:51,237.9
2026/8/8,18:51:09,247.6
2026/8/8,18:53:26,258.6
2026/8/8,18:54:45,267.7
2026/8/8,18:56:04,277.5
2026/8/8,18:58:28,288.1
2026/8/8,19:00:06,297.2
2026/8/8,19:01:31,308.1
2026/8/8,19:03:39,317.6
2026/8/8,19:04:57,328.0
2026/8/8,19:06:35,337.8
2026/8/8,19:30:53,98.6
2026/8/8,19:32:24,108.6
2026/8/8,19:34:39,118.5
2026/8/8,19:35:58,128.4
2026/8/8,19:37:18,138.4
2026/8/8,19:39:34,148.2
2026/8/8,19:40:52,158.0
2026/8/8,19:42:12,167.8
2026/8/8,19:44:27,178.3
2026/8/8,19:46:36,188.6
2026/8/8,19:47:05,198.1
2026/8/8,19:49:20,207.6
2026/8/8,19:50:39,217.8
2026/8/8,19:51:59,228.6
2026/8/8,19:54:21,237.9
2026/8/8,19:55:47,247.7
2026/8/8,19:57:37,258.6
2026/8/8,20:47:15,98.6
2026/8/8,21:50:20,98.6
2026/8/8,21:52:37,108.5
2026/8/8,21:54:19,118.4
2026/8/8,21:55:16,128.4
2026/8/8,21:57:39,138.4
2026/8/8,21:59:17,148.2
2026/8/8,22:00:42,158.0
2026/8/8,22:02:51,167.8
2026/8/8,22:04:09,178.3
2026/8/8,22:05:45,188.6
2026/8/8,22:07:43,198.2
2026/8/8,22:09:03,207.5
2026/8/8,22:10:22,217.8
2026/8/8,22:12:38,228.6
2026/8/8,22:13:58,237.9
2026/8/8,22:15:17,247.6
2026/8/8,22:17:33,258.6
2026/8/8,22:18:53,267.7
2026/8/8,22:20:11,277.5
2026/8/8,22:22:35,288.1
2026/8/8,22:24:13,297.1
2026/8/8,22:25:38,308.0
2026/8/8,22:27:46,317.5
2026/8/8,22:29:05,327.9
2026/8/8,22:30:41,337.8
2026/8/9,00:41:40,317.5
2026/8/9,00:43:11,327.9
2026/8/9,00:44:37,338.0
2026/8/9,02:24:48,98.6
2026/8/9,02:26:06,108.6
2026/8/9,02:27:27,118.4
2026/8/9,02:29:44,128.4
2026/8/9,03:56:34,98.6
2026/8/9,03:57:59,108.6
2026/8/9,03:59:28,118.4
2026/8/9,04:01:56,128.4
2026/8/9,04:03:16,138.4
2026/8/9,04:04:41,148.2
2026/8/9,04:07:02,158.0
2026/8/9,04:08:37,167.8
2026/8/9,04:10:02,178.4
2026/8/9,04:12:04,188.6
2026/8/9,04:13:37,198.3
2026/8/9,04:15:03,207.5
2026/8/9,04:17:08,217.8
2026/8/9,04:18:42,228.6
2026/8/9,04:20:07,237.9
2026/8/9,04:22:22,247.6
2026/8/9,04:23:50,258.5
2026/8/9,04:25:20,267.7
2026/8/9,04:27:46,277.5
2026/8/9,04:29:06,288.1
2026/8/9,04:30:33,297.1
2026/8/9,04:32:54,308.1
2026/8/9,04:34:26,317.6
2026/8/9,04:35:51,328.0
2026/8/9,04:38:00,338.0
2026/8/9,05:28:05,98.6
2026/8/9,05:29:23,108.6
2026/8/9,05:30:43,118.5
2026/8/9,05:33:10,128.4
2026/8/9,05:34:51,138.4
2026/8/9,05:35:48,148.2
2026/8/9,05:38:24,158.0
2026/8/9,05:39:53,167.8
2026/8/9,05:41:19,178.4
2026/8/9,05:43:46,188.6
2026/8/9,05:45:05,198.1
2026/8/9,05:46:29,207.6
2026/8/9,05:48:53,217.8
2026/8/9,05:50:23,228.6
2026/8/9,05:51:49,237.9
2026/8/9,05:53:59,247.6
2026/8/9,05:55:29,258.5
2026/8/9,05:56:55,267.6
2026/8/9,05:59:07,277.5
2026/8/9,06:00:35,288.2
2026/8/9,06:02:00,297.1
2026/8/9,06:04:22,308.1
2026/8/9,06:05:47,317.5
2026/8/9,06:07:16,327.9
2026/8/9,06:09:46,338.0
2026/8/9,06:33:16,98.6
2026/8/9,06:34:47,108.6
2026/8/9,06:37:01,118.4
2026/8/9,06:38:19,128.4
2026/8/9,06:39:39,138.4
2026/8/9,06:42:09,148.2
2026/8/9,06:43:44,158.0
2026/8/9,06:45:09,167.8
2026/8/9,06:47:16,178.4
2026/8/9,06:48:45,188.6
2026/8/9,06:50:10,198.3
2026/8/9,06:52:22,207.6
2026/8/9,06:53:51,217.8
2026/8/9,06:55:17,228.6
2026/8/9,06:57:36,237.9
2026/8/9,06:59:02,247.6
2026/8/9,07:00:31,258.5
2026/8/9,07:03:02,267.7
2026/8/9,07:04:18,277.5
2026/8/9,07:05:43,288.2
2026/8/9,07:08:07,297.1
2026/8/9,07:09:37,308.1
2026/8/9,07:11:02,317.5
2026/8/9,07:13:15,327.9
2026/8/9,07:14:44,337.9
2026/8/9,16:06:58,108.5
2026/8/9,17:35:03,98.6
2026/8/9,17:37:19,108.6
2026/8/9,17:38:37,118.4
2026/8/9,17:39:58,128.4
2026/8/9,17:42:20,138.4
2026/8/9,17:44:04,148.2
2026/8/9,17:45:29,158.0
2026/8/9,17:47:30,167.8
2026/8/9,17:48:49,178.4
2026/8/9,17:50:24,188.6
2026/8/9,17:52:22,198.1
2026/8/9,17:53:41,207.5
2026/8/9,17:55:00,217.8
2026/8/9,17:57:17,228.7
2026/8/9,17:58:36,237.9
2026/8/9,17:59:55,247.6
2026/8/9,18:02:11,258.5
2026/8/9,18:03:31,267.7
2026/8/9,18:04:49,277.5
2026/8/9,18:07:14,288.2
2026/8/9,18:08:52,297.1
2026/8/9,18:10:17,308.0
2026/8/9,18:12:23,317.5
2026/8/9,18:13:42,327.9
2026/8/9,18:15:21,338.0
2026/8/9,19:39:36,98.6
2026/8/9,19:41:51,108.5
2026/8/9,19:43:09,118.4
2026/8/9,19:44:30,128.4
2026/8/9,19:46:51,138.4
2026/8/9,19:48:32,148.2
2026/8/9,19:49:58,158.0
2026/8/9,19:52:01,167.8
2026/8/9,19:53:20,178.3
2026/8/9,19:54:57,188.6
2026/8/9,19:56:53,198.3
2026/8/9,19:58:12,207.6
2026/8/9,19:59:31,217.8
2026/8/9,20:01:46,228.7
2026/8/9,20:03:06,237.9
2026/8/9,20:04:25,247.6
2026/8/9,20:06:40,258.6
2026/8/9,20:08:00,267.7
2026/8/9,20:09:19,277.5
2026/8/9,20:11:41,288.2
2026/8/9,20:13:24,297.1
2026/8/9,20:14:49,308.0
2026/8/9,20:16:50,317.6
2026/8/9,20:18:08,327.9
2026/8/9,20:19:47,337.9
2026/8/10,04:35:08,98.6
2026/8/10,04:37:24,108.6
2026/8/10,04:38:42,118.4
2026/8/10,04:40:03,128.4
2026/8/10,04:42:27,138.4
2026/8/10,04:44:07,148.2
2026/8/10,04:45:32,158.0
2026/8/10,04:47:37,167.8
2026/8/10,04:48:56,178.3
2026/8/10,04:50:31,188.6
2026/8/10,04:52:30,198.3
2026/8/10,04:53:50,207.5
2026/8/10,04:55:08,217.8
2026/8/10,04:57:25,228.6
2026/8/10,04:58:44,237.9
2026/8/10,05:00:03,247.6
2026/8/10,05:02:18,258.5
2026/8/10,05:03:38,267.7
2026/8/10,05:04:57,277.5
2026/8/10,05:07:19,288.1
2026/8/10,05:08:59,297.1
2026/8/10,05:10:25,308.0
2026/8/10,05:12:27,317.6
2026/8/10,05:13:45,327.9
2026/8/10,05:15:24,338.0
2026/8/10,06:39:48,98.6
2026/8/10,06:42:03,108.6
2026/8/10,06:43:22,118.4
2026/8/10,06:44:42,128.4
2026/8/10,06:47:05,138.4
2026/8/10,06:48:49,148.2
2026/8/10,06:50:14,158.0
2026/8/10,06:52:15,167.8
2026/8/10,06:53:34,178.4
2026/8/10,06:55:11,188.6
2026/8/10,06:57:07,198.3
2026/8/10,06:58:26,207.5
2026/8/10,06:59:45,217.8
2026/8/10,07:02:01,228.6
2026/8/10,07:03:20,237.9
2026/8/10,07:04:39,247.5
2026/8/10,07:06:54,258.6
2026/8/10,07:08:14,267.7
2026/8/10,07:09:33,277.5
2026/8/10,07:11:56,288.2
2026/8/10,07:13:38,297.1
2026/8/10,07:15:03,308.0
2026/8/10,07:17:05,317.5
2026/8/10,07:18:24,327.9
2026/8/10,07:20:03,337.8
2026/8/10,08:44:07,98.6
2026/8/10,08:46:22,108.5
2026/8/10,08:47:41,118.4
2026/8/10,08:49:01,128.4
2026/8/10,08:51:22,138.4
2026/8/10,08:53:06,148.2
2026/8/10,08:54:32,158.0
2026/8/10,08:56:32,167.8
2026/8/10,08:57:51,178.3
2026/8/10,08:59:28,188.6
2026/8/10,09:01:24,198.0
2026/8/10,09:02:44,207.5
2026/8/10,09:04:03,217.8
2026/8/10,09:06:18,228.6
2026/8/10,09:07:38,237.9
2026/8/10,09:08:57,247.5
2026/8/10,09:11:13,258.5
2026/8/10,09:12:33,267.7
2026/8/10,09:13:52,277.5
2026/8/10,09:16:14,288.2
2026/8/10,09:17:55,297.1
2026/8/10,09:19:21,308.0
2026/8/10,09:21:26,317.6
2026/8/10,09:22:44,327.9
2026/8/10,09:24:23,338.0
2026/8/10,10:48:31,98.6
2026/8/10,10:50:47,108.6
2026/8/10,10:52:05,118.4
2026/8/10,10:53:25,128.4
2026/8/10,10:55:49,138.3
2026/8/10,10:57:30,148.2
2026/8/10,10:58:56,158.0
2026/8/10,11:01:00,167.8
2026/8/10,11:02:18,178.3
2026/8/10,11:03:54,188.5
2026/8/10,11:05:52,198.3
2026/8/10,11:07:11,207.5
2026/8/10,11:08:29,217.7
2026/8/10,11:10:44,228.6
2026/8/10,11:12:04,237.9
2026/8/10,11:13:22,247.6
2026/8/10,11:15:47,258.6
2026/8/10,11:16:57,267.7
2026/8/10,11:18:15,277.4
2026/8/10,11:20:40,288.1
2026/8/10,11:22:23,297.1
2026/8/10,11:23:48,308.0
2026/8/10,11:25:46,317.6
2026/8/10,11:27:04,327.9
2026/8/10,11:28:45,337.8
2026/8/10,12:54:36,98.6
2026/8/10,12:56:48,108.5
2026/8/10,12:58:18,118.4
2026/8/10,12:59:44,128.4
2026/8/10,13:01:49,138.4
2026/8/10,13:03:26,148.2
2026/8/10,13:04:51,158.0
2026/8/10,13:06:58,167.8
2026/8/10,13:08:17,178.4
2026/8/10,13:10:00,188.6
2026/8/10,13:11:51,198.3
2026/8/10,13:13:10,207.6
2026/8/10,13:14:29,217.8
2026/8/10,13:16:44,228.7
2026/8/10,13:18:04,237.9
2026/8/10,13:19:22,247.6
2026/8/10,13:21:37,258.6
2026/8/10,13:22:57,267.7
2026/8/10,13:24:15,277.5
2026/8/10,13:26:40,288.1
2026/8/10,13:28:21,297.1
2026/8/10,13:29:46,308.0
2026/8/10,13:31:50,317.6
2026/8/10,13:33:09,327.9
2026/8/10,13:34:47,338.0
2026/8/10,14:19:39,98.6
2026/8/10,14:21:39,108.5
2026/8/10,14:22:57,118.4
2026/8/10,14:24:37,128.4
2026/8/10,14:26:33,138.4
2026/8/10,14:27:51,148.2
2026/8/10,14:29:11,158.0
2026/8/10,14:31:26,167.8
2026/8/10,14:32:44,178.3
2026/8/10,14:34:04,188.6
2026/8/10,14:36:18,198.2
2026/8/10,14:37:38,207.5
2026/8/10,14:38:57,217.8
2026/8/10,14:41:19,228.6
2026/8/10,14:43:01,237.9
2026/8/10,14:44:27,247.6
2026/8/10,14:46:29,258.5
2026/8/10,14:47:47,267.6
2026/8/10,14:49:26,277.5
2026/8/10,14:51:21,288.2
2026/8/10,14:52:41,297.1
2026/8/10,14:54:00,308.0
2026/8/10,14:56:15,317.5
2026/8/10,14:57:35,327.9
2026/8/10,14:58:53,338.0
